kode;nama;nama_en;bidang_kode;gelar;kelompok;cakupan;sumber
GL-32.0112;"Accent Reduction/Modification";"Accent Reduction/Modification";00;;;GLOBAL;cip
GL-30.1601;"Accounting and Computer Science";"Accounting and Computer Science";00;;;GLOBAL;cip
GL-53.0105;"Adult High School/Secondary Diploma Program";"Adult High School/Secondary Diploma Program";00;;;GLOBAL;cip
GL-33.0102;"American Citizenship Education";"American Citizenship Education";00;;;GLOBAL;cip
GL-30.2201;"Ancient Studies/Civilization";"Ancient Studies/Civilization";00;;;GLOBAL;cip
GL-30.3401;Anthrozoology;Anthrozoology;00;;;GLOBAL;cip
GL-32.0110;"Basic Computer Skills";"Basic Computer Skills";00;;;GLOBAL;cip
GL-32.0101;"Basic Skills and Developmental/Remedial Education, General";"Basic Skills and Developmental/Remedial Education, General";00;;;GLOBAL;cip
GL-32.0199;"Basic Skills and Developmental/Remedial Education, Other";"Basic Skills and Developmental/Remedial Education, Other";00;;;GLOBAL;cip
GL-30.1701;"Behavioral Sciences";"Behavioral Sciences";00;;;GLOBAL;cip
GL-30.0101;"Biological and Physical Sciences";"Biological and Physical Sciences";00;;;GLOBAL;cip
GL-30.1001;Biopsychology;Biopsychology;00;;;GLOBAL;cip
GL-30.7102;"Business Analytics";"Business Analytics";00;;;GLOBAL;cip
GL-35.0103;"Business and Social Skills";"Business and Social Skills";00;;;GLOBAL;cip
GL-33.0105;"Canadian Citizenship Education";"Canadian Citizenship Education";00;;;GLOBAL;cip
GL-32.0107;"Career Exploration/Awareness Skills";"Career Exploration/Awareness Skills";00;;;GLOBAL;cip
GL-53.0203;"Certificate of IEP Completion Program";"Certificate of IEP Completion Program";00;;;GLOBAL;cip
GL-33.0101;"Citizenship Activities, General";"Citizenship Activities, General";00;;;GLOBAL;cip
GL-33.0199;"Citizenship Activities, Other";"Citizenship Activities, Other";00;;;GLOBAL;cip
GL-30.2299;"Classical and Ancient Studies, Other";"Classical and Ancient Studies, Other";00;;;GLOBAL;cip
GL-30.2202;"Classical, Ancient Mediterranean, and Near Eastern Studies and Archaeology";"Classical, Ancient Mediterranean, and Near Eastern Studies and Archaeology";00;;;GLOBAL;cip
GL-30.3501;"Climate Science";"Climate Science";00;;;GLOBAL;cip
GL-30.2501;"Cognitive Science, General";"Cognitive Science, General";00;;;GLOBAL;cip
GL-30.2599;"Cognitive Science, Other";"Cognitive Science, Other";00;;;GLOBAL;cip
GL-53.0102;"College/University Preparatory and Advanced High School/Secondary Diploma Program";"College/University Preparatory and Advanced High School/Secondary Diploma Program";00;;;GLOBAL;cip
GL-33.0103;"Community Awareness";"Community Awareness";00;;;GLOBAL;cip
GL-33.0104;"Community Involvement";"Community Involvement";00;;;GLOBAL;cip
GL-30.0001;"Comprehensive Transition and Postsecondary (CTP) Program";"Comprehensive Transition and Postsecondary (CTP) Program";00;;;GLOBAL;cip
GL-30.3001;"Computational Science";"Computational Science";00;;;GLOBAL;cip
GL-30.2502;"Contemplative Studies/Inquiry";"Contemplative Studies/Inquiry";00;;;GLOBAL;cip
GL-30.1202;"Cultural Resource Management and Policy Analysis";"Cultural Resource Management and Policy Analysis";00;;;GLOBAL;cip
GL-30.3601;"Cultural Studies and Comparative Literature";"Cultural Studies and Comparative Literature";00;;;GLOBAL;cip
GL-30.2601;"Cultural Studies/Critical Theory and Analysis";"Cultural Studies/Critical Theory and Analysis";00;;;GLOBAL;cip
GL-30.7101;"Data Analytics, General";"Data Analytics, General";00;;;GLOBAL;cip
GL-30.7199;"Data Analytics, Other";"Data Analytics, Other";00;;;GLOBAL;cip
GL-30.7001;"Data Science, General";"Data Science, General";00;;;GLOBAL;cip
GL-30.7099;"Data Science, Other";"Data Science, Other";00;;;GLOBAL;cip
GL-30.7103;"Data Visualization";"Data Visualization";00;;;GLOBAL;cip
GL-30.3701;"Design for Human Health";"Design for Human Health";00;;;GLOBAL;cip
GL-32.0108;"Developmental/Remedial English";"Developmental/Remedial English";00;;;GLOBAL;cip
GL-32.0104;"Developmental/Remedial Mathematics";"Developmental/Remedial Mathematics";00;;;GLOBAL;cip
GL-30.5202;"Digital Humanities";"Digital Humanities";00;;;GLOBAL;cip
GL-30.5201;"Digital Humanities and Textual Studies, General";"Digital Humanities and Textual Studies, General";00;;;GLOBAL;cip
GL-30.5299;"Digital Humanities and Textual Studies, Other";"Digital Humanities and Textual Studies, Other";00;;;GLOBAL;cip
GL-30.2801;"Dispute Resolution";"Dispute Resolution";00;;;GLOBAL;cip
GL-30.3801;"Earth Systems Science";"Earth Systems Science";00;;;GLOBAL;cip
GL-30.3901;"Economics and Computer Science";"Economics and Computer Science";00;;;GLOBAL;cip
GL-30.4001;"Economics and Foreign Language/Literature";"Economics and Foreign Language/Literature";00;;;GLOBAL;cip
GL-30.4101;"Environmental Geosciences";"Environmental Geosciences";00;;;GLOBAL;cip
GL-32.0201;"Exam Preparation and Test-Taking Skills, General";"Exam Preparation and Test-Taking Skills, General";00;;;GLOBAL;cip
GL-30.7104;"Financial Analytics";"Financial Analytics";00;;;GLOBAL;cip
GL-32.0299;"General Exam Preparation and Test-Taking Skills, Other";"General Exam Preparation and Test-Taking Skills, Other";00;;;GLOBAL;cip
GL-24.0102;"General Studies";"General Studies";00;;;GLOBAL;cip
GL-30.4201;Geoarcheaology;Geoarcheaology;00;;;GLOBAL;cip
GL-30.4301;Geobiology;Geobiology;00;;;GLOBAL;cip
GL-30.4401;"Geography and Environmental Studies";"Geography and Environmental Studies";00;;;GLOBAL;cip
GL-30.1101;Gerontology;Gerontology;00;;;GLOBAL;cip
GL-32.0204;"Graduate/Professional School Entrance Examination Preparation";"Graduate/Professional School Entrance Examination Preparation";00;;;GLOBAL;cip
GL-53.0202;"High School Certificate of Competence Program";"High School Certificate of Competence Program";00;;;GLOBAL;cip
GL-53.0201;"High School Equivalence Certificate Program";"High School Equivalence Certificate Program";00;;;GLOBAL;cip
GL-32.0202;"High School Equivalent Exam Preparation";"High School Equivalent Exam Preparation";00;;;GLOBAL;cip
GL-53.0299;"High School/Secondary Certificates, Other";"High School/Secondary Certificates, Other";00;;;GLOBAL;cip
GL-53.0199;"High School/Secondary Diploma Programs, Other";"High School/Secondary Diploma Programs, Other";00;;;GLOBAL;cip
GL-30.1201;"Historic Preservation and Conservation, General";"Historic Preservation and Conservation, General";00;;;GLOBAL;cip
GL-30.1299;"Historic Preservation and Conservation, Other";"Historic Preservation and Conservation, Other";00;;;GLOBAL;cip
GL-30.4501;"History and Language/Literature";"History and Language/Literature";00;;;GLOBAL;cip
GL-30.4601;"History and Political Science";"History and Political Science";00;;;GLOBAL;cip
GL-30.2101;"Holocaust and Related Studies";"Holocaust and Related Studies";00;;;GLOBAL;cip
GL-53.0104;"Honors/Regents High School/Secondary Diploma Program";"Honors/Regents High School/Secondary Diploma Program";00;;;GLOBAL;cip
GL-30.2701;"Human Biology";"Human Biology";00;;;GLOBAL;cip
GL-30.3101;"Human Computer Interaction";"Human Computer Interaction";00;;;GLOBAL;cip
GL-24.0103;"Humanities/Humanistic Studies";"Humanities/Humanistic Studies";00;;;GLOBAL;cip
GL-30.2301;"Intercultural/Multicultural and Diversity Studies";"Intercultural/Multicultural and Diversity Studies";00;;;GLOBAL;cip
GL-30.2001;"International/Globalization Studies";"International/Globalization Studies";00;;;GLOBAL;cip
GL-35.0102;"Interpersonal Relationships Skills";"Interpersonal Relationships Skills";00;;;GLOBAL;cip
GL-35.0199;"Interpersonal Social Skills, Other";"Interpersonal Social Skills, Other";00;;;GLOBAL;cip
GL-35.0101;"Interpersonal and Social Skills, General";"Interpersonal and Social Skills, General";00;;;GLOBAL;cip
GL-37.0106;"Investing/Wealth Management/Retirement Planning";"Investing/Wealth Management/Retirement Planning";00;;;GLOBAL;cip
GL-32.0105;"Job-Seeking/Changing Skills";"Job-Seeking/Changing Skills";00;;;GLOBAL;cip
GL-24.0199;"Liberal Arts and Sciences, General Studies and Humanities, Other";"Liberal Arts and Sciences, General Studies and Humanities, Other";00;;;GLOBAL;cip
GL-24.0101;"Liberal Arts and Sciences/Liberal Studies";"Liberal Arts and Sciences/Liberal Studies";00;;;GLOBAL;cip
GL-35.0105;"Life Coaching";"Life Coaching";00;;;GLOBAL;cip
GL-30.4701;"Linguistics and Anthropology";"Linguistics and Anthropology";00;;;GLOBAL;cip
GL-30.4801;"Linguistics and Computer Science";"Linguistics and Computer Science";00;;;GLOBAL;cip
GL-30.3201;"Marine Sciences";"Marine Sciences";00;;;GLOBAL;cip
GL-30.2901;"Maritime Studies";"Maritime Studies";00;;;GLOBAL;cip
GL-30.4901;"Mathematical Economics";"Mathematical Economics";00;;;GLOBAL;cip
GL-30.5001;"Mathematics and Atmospheric/Oceanic Science";"Mathematics and Atmospheric/Oceanic Science";00;;;GLOBAL;cip
GL-30.0801;"Mathematics and Computer Science";"Mathematics and Computer Science";00;;;GLOBAL;cip
GL-30.1301;"Medieval and Renaissance Studies";"Medieval and Renaissance Studies";00;;;GLOBAL;cip
GL-30.0000;"Multi-/Interdisciplinary Studies, General";"Multi-/Interdisciplinary Studies, General";00;;;GLOBAL;cip
GL-30.9999;"Multi-/Interdisciplinary Studies, Other";"Multi-/Interdisciplinary Studies, Other";00;;;GLOBAL;cip
GL-30.1401;"Museology/Museum Studies";"Museology/Museum Studies";00;;;GLOBAL;cip
GL-30.1801;"Natural Sciences";"Natural Sciences";00;;;GLOBAL;cip
GL-30.1901;"Nutrition Sciences";"Nutrition Sciences";00;;;GLOBAL;cip
GL-30.0501;"Peace Studies and Conflict Resolution";"Peace Studies and Conflict Resolution";00;;;GLOBAL;cip
GL-37.0199;"Personal Awareness and Self-Improvement, Other";"Personal Awareness and Self-Improvement, Other";00;;;GLOBAL;cip
GL-37.0103;"Personal Decision-Making Skills";"Personal Decision-Making Skills";00;;;GLOBAL;cip
GL-33.0106;"Personal Emergency Preparedness";"Personal Emergency Preparedness";00;;;GLOBAL;cip
GL-30.5101;"Philosophy, Politics, and Economics";"Philosophy, Politics, and Economics";00;;;GLOBAL;cip
GL-32.0205;"Professional Certification/Licensure Examination Preparation";"Professional Certification/Licensure Examination Preparation";00;;;GLOBAL;cip
GL-53.0101;"Regular/General High School/Secondary Diploma Program";"Regular/General High School/Secondary Diploma Program";00;;;GLOBAL;cip
GL-30.1501;"Science, Technology and Society";"Science, Technology and Society";00;;;GLOBAL;cip
GL-32.0109;"Second Language Learning";"Second Language Learning";00;;;GLOBAL;cip
GL-37.0101;"Self-Awareness and Personal Assessment";"Self-Awareness and Personal Assessment";00;;;GLOBAL;cip
GL-37.0107;Self-Defense;Self-Defense;00;;;GLOBAL;cip
GL-37.0104;"Self-Esteem and Values Clarification";"Self-Esteem and Values Clarification";00;;;GLOBAL;cip
GL-37.0102;"Stress Management and Coping Skills";"Stress Management and Coping Skills";00;;;GLOBAL;cip
GL-30.3301;"Sustainability Studies";"Sustainability Studies";00;;;GLOBAL;cip
GL-30.0601;"Systems Science and Theory";"Systems Science and Theory";00;;;GLOBAL;cip
GL-30.5203;"Textual Studies";"Textual Studies";00;;;GLOBAL;cip
GL-30.5301;Thanatology;Thanatology;00;;;GLOBAL;cip
GL-32.0203;"Undergraduate Entrance/Placement Examination Preparation";"Undergraduate Entrance/Placement Examination Preparation";00;;;GLOBAL;cip
GL-53.0103;"Vocational High School and Secondary Business/Vocational-Industrial/Occupational Diploma Program";"Vocational High School and Secondary Business/Vocational-Industrial/Occupational Diploma Program";00;;;GLOBAL;cip
GL-32.0111;"Workforce Development and Training";"Workforce Development and Training";00;;;GLOBAL;cip
GL-13.0402;"Administration of Special Education";"Administration of Special Education";01;;;GLOBAL;cip
GL-13.1502;"Adult Literacy Tutor/Instructor";"Adult Literacy Tutor/Instructor";01;;;GLOBAL;cip
GL-13.0403;"Adult and Continuing Education Administration";"Adult and Continuing Education Administration";01;;;GLOBAL;cip
GL-13.1201;"Adult and Continuing Education and Teaching";"Adult and Continuing Education and Teaching";01;;;GLOBAL;cip
GL-13.1301;"Agricultural Teacher Education";"Agricultural Teacher Education";01;;;GLOBAL;cip
GL-13.1302;"Art Teacher Education";"Art Teacher Education";01;;;GLOBAL;cip
GL-13.0201;"Bilingual and Multilingual Education";"Bilingual and Multilingual Education";01;;;GLOBAL;cip
GL-13.0299;"Bilingual, Multilingual, and Multicultural Education, Other";"Bilingual, Multilingual, and Multicultural Education, Other";01;;;GLOBAL;cip
GL-13.1322;"Biology Teacher Education";"Biology Teacher Education";01;;;GLOBAL;cip
GL-13.1303;"Business and Innovation/Entrepreneurship Teacher Education";"Business and Innovation/Entrepreneurship Teacher Education";01;;;GLOBAL;cip
GL-13.1323;"Chemistry Teacher Education";"Chemistry Teacher Education";01;;;GLOBAL;cip
GL-13.1102;"College Student Counseling and Personnel Services";"College Student Counseling and Personnel Services";01;;;GLOBAL;cip
GL-13.1214;"College/Postsecondary/University Teaching";"College/Postsecondary/University Teaching";01;;;GLOBAL;cip
GL-13.1339;"Communication Arts and Literature Teacher Education";"Communication Arts and Literature Teacher Education";01;;;GLOBAL;cip
GL-13.0407;"Community College Administration";"Community College Administration";01;;;GLOBAL;cip
GL-13.1321;"Computer Teacher Education";"Computer Teacher Education";01;;;GLOBAL;cip
GL-13.1101;"Counselor Education/School Counseling and Guidance Services";"Counselor Education/School Counseling and Guidance Services";01;;;GLOBAL;cip
GL-13.0301;"Curriculum and Instruction";"Curriculum and Instruction";01;;;GLOBAL;cip
GL-13.1324;"Drama and Dance Teacher Education";"Drama and Dance Teacher Education";01;;;GLOBAL;cip
GL-13.1304;"Driver and Safety Teacher Education";"Driver and Safety Teacher Education";01;;;GLOBAL;cip
GL-13.1210;"Early Childhood Education and Teaching";"Early Childhood Education and Teaching";01;;;GLOBAL;cip
GL-13.0414;"Early Childhood Program Administration";"Early Childhood Program Administration";01;;;GLOBAL;cip
GL-13.1337;"Earth Science Teacher Education";"Earth Science Teacher Education";01;;;GLOBAL;cip
GL-13.0413;"Education Entrepreneurship";"Education Entrepreneurship";01;;;GLOBAL;cip
GL-13.0101;"Education, General";"Education, General";01;;;GLOBAL;cip
GL-13.9999;"Education, Other";"Education, Other";01;;;GLOBAL;cip
GL-13.1014;"Education/Teaching of Individuals Who are Developmentally Delayed";"Education/Teaching of Individuals Who are Developmentally Delayed";01;;;GLOBAL;cip
GL-13.1015;"Education/Teaching of Individuals in Early Childhood Special Education Programs";"Education/Teaching of Individuals in Early Childhood Special Education Programs";01;;;GLOBAL;cip
GL-13.1017;"Education/Teaching of Individuals in Elementary Special Education Programs";"Education/Teaching of Individuals in Elementary Special Education Programs";01;;;GLOBAL;cip
GL-13.1018;"Education/Teaching of Individuals in Junior High/Middle School Special Education Programs";"Education/Teaching of Individuals in Junior High/Middle School Special Education Programs";01;;;GLOBAL;cip
GL-13.1019;"Education/Teaching of Individuals in Secondary Special Education Programs";"Education/Teaching of Individuals in Secondary Special Education Programs";01;;;GLOBAL;cip
GL-13.1013;"Education/Teaching of Individuals with Autism";"Education/Teaching of Individuals with Autism";01;;;GLOBAL;cip
GL-13.1005;"Education/Teaching of Individuals with Emotional Disturbances";"Education/Teaching of Individuals with Emotional Disturbances";01;;;GLOBAL;cip
GL-13.1003;"Education/Teaching of Individuals with Hearing Impairments Including Deafness";"Education/Teaching of Individuals with Hearing Impairments Including Deafness";01;;;GLOBAL;cip
GL-13.1006;"Education/Teaching of Individuals with Intellectual Disabilities";"Education/Teaching of Individuals with Intellectual Disabilities";01;;;GLOBAL;cip
GL-13.1007;"Education/Teaching of Individuals with Multiple Disabilities";"Education/Teaching of Individuals with Multiple Disabilities";01;;;GLOBAL;cip
GL-13.1008;"Education/Teaching of Individuals with Orthopedic and Other Physical Health Impairments";"Education/Teaching of Individuals with Orthopedic and Other Physical Health Impairments";01;;;GLOBAL;cip
GL-13.1011;"Education/Teaching of Individuals with Specific Learning Disabilities";"Education/Teaching of Individuals with Specific Learning Disabilities";01;;;GLOBAL;cip
GL-13.1012;"Education/Teaching of Individuals with Speech or Language Impairments";"Education/Teaching of Individuals with Speech or Language Impairments";01;;;GLOBAL;cip
GL-13.1016;"Education/Teaching of Individuals with Traumatic Brain Injuries";"Education/Teaching of Individuals with Traumatic Brain Injuries";01;;;GLOBAL;cip
GL-13.1009;"Education/Teaching of Individuals with Vision Impairments Including Blindness";"Education/Teaching of Individuals with Vision Impairments Including Blindness";01;;;GLOBAL;cip
GL-13.1004;"Education/Teaching of the Gifted and Talented";"Education/Teaching of the Gifted and Talented";01;;;GLOBAL;cip
GL-13.0499;"Educational Administration and Supervision, Other";"Educational Administration and Supervision, Other";01;;;GLOBAL;cip
GL-13.0699;"Educational Assessment, Evaluation, and Research, Other";"Educational Assessment, Evaluation, and Research, Other";01;;;GLOBAL;cip
GL-13.0604;"Educational Assessment, Testing, and Measurement";"Educational Assessment, Testing, and Measurement";01;;;GLOBAL;cip
GL-13.0601;"Educational Evaluation and Research";"Educational Evaluation and Research";01;;;GLOBAL;cip
GL-13.0401;"Educational Leadership and Administration, General";"Educational Leadership and Administration, General";01;;;GLOBAL;cip
GL-13.0603;"Educational Statistics and Research Methods";"Educational Statistics and Research Methods";01;;;GLOBAL;cip
GL-13.0404;"Educational, Instructional, and Curriculum Supervision";"Educational, Instructional, and Curriculum Supervision";01;;;GLOBAL;cip
GL-13.0501;"Educational/Instructional Technology";"Educational/Instructional Technology";01;;;GLOBAL;cip
GL-13.1202;"Elementary Education and Teaching";"Elementary Education and Teaching";01;;;GLOBAL;cip
GL-13.0408;"Elementary and Middle School Administration/Principalship";"Elementary and Middle School Administration/Principalship";01;;;GLOBAL;cip
GL-13.1305;"English/Language Arts Teacher Education";"English/Language Arts Teacher Education";01;;;GLOBAL;cip
GL-13.1338;"Environmental Education";"Environmental Education";01;;;GLOBAL;cip
GL-13.1308;"Family and Consumer Sciences/Home Economics Teacher Education";"Family and Consumer Sciences/Home Economics Teacher Education";01;;;GLOBAL;cip
GL-13.1306;"Foreign Language Teacher  Education";"Foreign Language Teacher  Education";01;;;GLOBAL;cip
GL-13.1325;"French Language Teacher Education";"French Language Teacher Education";01;;;GLOBAL;cip
GL-13.1332;"Geography Teacher Education";"Geography Teacher Education";01;;;GLOBAL;cip
GL-13.1326;"German Language Teacher Education";"German Language Teacher Education";01;;;GLOBAL;cip
GL-13.1327;"Health Occupations Teacher Education";"Health Occupations Teacher Education";01;;;GLOBAL;cip
GL-13.1307;"Health Teacher Education";"Health Teacher Education";01;;;GLOBAL;cip
GL-13.0406;"Higher Education/Higher Education Administration";"Higher Education/Higher Education Administration";01;;;GLOBAL;cip
GL-13.1328;"History Teacher Education";"History Teacher Education";01;;;GLOBAL;cip
GL-13.0203;"Indian/Native American Education";"Indian/Native American Education";01;;;GLOBAL;cip
GL-13.0608;"Institutional Research";"Institutional Research";01;;;GLOBAL;cip
GL-13.0412;"International School Administration/Leadership";"International School Administration/Leadership";01;;;GLOBAL;cip
GL-13.1212;"International Teaching and Learning";"International Teaching and Learning";01;;;GLOBAL;cip
GL-13.0701;"International and Comparative Education";"International and Comparative Education";01;;;GLOBAL;cip
GL-13.1203;"Junior High/Intermediate/Middle School Education and Teaching";"Junior High/Intermediate/Middle School Education and Teaching";01;;;GLOBAL;cip
GL-13.1209;"Kindergarten/Preschool Education and Teaching";"Kindergarten/Preschool Education and Teaching";01;;;GLOBAL;cip
GL-13.1333;"Latin Teacher Education";"Latin Teacher Education";01;;;GLOBAL;cip
GL-13.0607;"Learning Sciences";"Learning Sciences";01;;;GLOBAL;cip
GL-13.1311;"Mathematics Teacher Education";"Mathematics Teacher Education";01;;;GLOBAL;cip
GL-13.1207;"Montessori Teacher Education";"Montessori Teacher Education";01;;;GLOBAL;cip
GL-13.0202;"Multicultural Education";"Multicultural Education";01;;;GLOBAL;cip
GL-13.1312;"Music Teacher Education";"Music Teacher Education";01;;;GLOBAL;cip
GL-13.1211;"Online Educator/Online Teaching";"Online Educator/Online Teaching";01;;;GLOBAL;cip
GL-13.1314;"Physical Education Teaching and Coaching";"Physical Education Teaching and Coaching";01;;;GLOBAL;cip
GL-13.1329;"Physics Teacher Education";"Physics Teacher Education";01;;;GLOBAL;cip
GL-13.1335;"Psychology Teacher Education";"Psychology Teacher Education";01;;;GLOBAL;cip
GL-13.1315;"Reading Teacher Education";"Reading Teacher Education";01;;;GLOBAL;cip
GL-13.1310;"Sales and Marketing Operations/Marketing and Distribution   Teacher Education";"Sales and Marketing Operations/Marketing and Distribution   Teacher Education";01;;;GLOBAL;cip
GL-13.1334;"School Librarian/School Library Media Specialist";"School Librarian/School Library Media Specialist";01;;;GLOBAL;cip
GL-13.1316;"Science Teacher Education/General Science Teacher Education";"Science Teacher Education/General Science Teacher Education";01;;;GLOBAL;cip
GL-13.1213;"Science, Technology, Engineering, and Mathematics (STEM) Educational Methods";"Science, Technology, Engineering, and Mathematics (STEM) Educational Methods";01;;;GLOBAL;cip
GL-13.1205;"Secondary Education and Teaching";"Secondary Education and Teaching";01;;;GLOBAL;cip
GL-13.0409;"Secondary School Administration/Principalship";"Secondary School Administration/Principalship";01;;;GLOBAL;cip
GL-13.1317;"Social Science Teacher Education";"Social Science Teacher Education";01;;;GLOBAL;cip
GL-13.1318;"Social Studies Teacher Education";"Social Studies Teacher Education";01;;;GLOBAL;cip
GL-13.0901;"Social and Philosophical Foundations of Education";"Social and Philosophical Foundations of Education";01;;;GLOBAL;cip
GL-13.1330;"Spanish Language Teacher Education";"Spanish Language Teacher Education";01;;;GLOBAL;cip
GL-13.1001;"Special Education and Teaching, General";"Special Education and Teaching, General";01;;;GLOBAL;cip
GL-13.1099;"Special Education and Teaching, Other";"Special Education and Teaching, Other";01;;;GLOBAL;cip
GL-13.1331;"Speech Teacher Education";"Speech Teacher Education";01;;;GLOBAL;cip
GL-13.1199;"Student Counseling and Personnel Services, Other";"Student Counseling and Personnel Services, Other";01;;;GLOBAL;cip
GL-13.0411;"Superintendency and Educational System Administration";"Superintendency and Educational System Administration";01;;;GLOBAL;cip
GL-13.1501;"Teacher Assistant/Aide";"Teacher Assistant/Aide";01;;;GLOBAL;cip
GL-13.1299;"Teacher Education and Professional Development, Specific Levels and Methods, Other";"Teacher Education and Professional Development, Specific Levels and Methods, Other";01;;;GLOBAL;cip
GL-13.1399;"Teacher Education and Professional Development, Specific Subject Areas, Other";"Teacher Education and Professional Development, Specific Subject Areas, Other";01;;;GLOBAL;cip
GL-13.1206;"Teacher Education, Multiple Levels";"Teacher Education, Multiple Levels";01;;;GLOBAL;cip
GL-13.1599;"Teaching Assistants/Aides, Other";"Teaching Assistants/Aides, Other";01;;;GLOBAL;cip
GL-13.1401;"Teaching English as a Second or Foreign Language/ESL Language Instructor";"Teaching English as a Second or Foreign Language/ESL Language Instructor";01;;;GLOBAL;cip
GL-13.1499;"Teaching English or French as a Second or Foreign Language, Other";"Teaching English or French as a Second or Foreign Language, Other";01;;;GLOBAL;cip
GL-13.1402;"Teaching French as a Second or Foreign Language";"Teaching French as a Second or Foreign Language";01;;;GLOBAL;cip
GL-13.1319;"Technical Teacher Education";"Technical Teacher Education";01;;;GLOBAL;cip
GL-13.1309;"Technology Teacher Education/Industrial Arts Teacher Education";"Technology Teacher Education/Industrial Arts Teacher Education";01;;;GLOBAL;cip
GL-13.1320;"Trade and Industrial Teacher Education";"Trade and Industrial Teacher Education";01;;;GLOBAL;cip
GL-13.0410;"Urban Education and Leadership";"Urban Education and Leadership";01;;;GLOBAL;cip
GL-13.1208;"Waldorf/Steiner Teacher Education";"Waldorf/Steiner Teacher Education";01;;;GLOBAL;cip
GL-50.0506;Acting;Acting;02;;;GLOBAL;cip
GL-16.0201;"African Languages, Literatures, and Linguistics";"African Languages, Literatures, and Linguistics";02;;;GLOBAL;cip
GL-16.0404;"Albanian Language and Literature";"Albanian Language and Literature";02;;;GLOBAL;cip
GL-54.0102;"American  History (United States)";"American  History (United States)";02;;;GLOBAL;cip
GL-16.1001;"American Indian/Native American Languages, Literatures, and Linguistics";"American Indian/Native American Languages, Literatures, and Linguistics";02;;;GLOBAL;cip
GL-23.1403;"American Literature (Canadian)";"American Literature (Canadian)";02;;;GLOBAL;cip
GL-23.1402;"American Literature (United States)";"American Literature (United States)";02;;;GLOBAL;cip
GL-16.1601;"American Sign Language (ASL)";"American Sign Language (ASL)";02;;;GLOBAL;cip
GL-16.1699;"American Sign Language, Other";"American Sign Language, Other";02;;;GLOBAL;cip
GL-16.1103;"Ancient Near Eastern and Biblical Languages, Literatures, and Linguistics";"Ancient Near Eastern and Biblical Languages, Literatures, and Linguistics";02;;;GLOBAL;cip
GL-16.1202;"Ancient/Classical Greek Language and Literature";"Ancient/Classical Greek Language and Literature";02;;;GLOBAL;cip
GL-16.0105;"Applied Linguistics";"Applied Linguistics";02;;;GLOBAL;cip
GL-38.0104;"Applied and Professional Ethics";"Applied and Professional Ethics";02;;;GLOBAL;cip
GL-16.1101;"Arabic Language and Literature";"Arabic Language and Literature";02;;;GLOBAL;cip
GL-16.1801;"Armenian Language and Literature";"Armenian Language and Literature";02;;;GLOBAL;cip
GL-50.0703;"Art History, Criticism and Conservation";"Art History, Criticism and Conservation";02;;;GLOBAL;cip
GL-50.0701;"Art/Art Studies, General";"Art/Art Studies, General";02;;;GLOBAL;cip
GL-50.1001;"Arts, Entertainment, and Media Management, General";"Arts, Entertainment, and Media Management, General";02;;;GLOBAL;cip
GL-50.1099;"Arts, Entertainment, and Media Management, Other";"Arts, Entertainment, and Media Management, Other";02;;;GLOBAL;cip
GL-54.0106;"Asian History";"Asian History";02;;;GLOBAL;cip
GL-16.1401;"Australian/Oceanic/Pacific Languages, Literatures, and Linguistics";"Australian/Oceanic/Pacific Languages, Literatures, and Linguistics";02;;;GLOBAL;cip
GL-50.0302;Ballet;Ballet;02;;;GLOBAL;cip
GL-16.0401;"Baltic Languages, Literatures, and Linguistics";"Baltic Languages, Literatures, and Linguistics";02;;;GLOBAL;cip
GL-16.0704;"Bengali Language and Literature";"Bengali Language and Literature";02;;;GLOBAL;cip
GL-39.0201;"Bible/Biblical Studies";"Bible/Biblical Studies";02;;;GLOBAL;cip
GL-16.0408;"Bosnian, Serbian, and Croatian Languages and Literatures";"Bosnian, Serbian, and Croatian Languages and Literatures";02;;;GLOBAL;cip
GL-50.0914;"Brass Instruments";"Brass Instruments";02;;;GLOBAL;cip
GL-38.0202;"Buddhist Studies";"Buddhist Studies";02;;;GLOBAL;cip
GL-16.0405;"Bulgarian Language and Literature";"Bulgarian Language and Literature";02;;;GLOBAL;cip
GL-16.1403;"Burmese Language and Literature";"Burmese Language and Literature";02;;;GLOBAL;cip
GL-54.0107;"Canadian History";"Canadian History";02;;;GLOBAL;cip
GL-16.0907;"Catalan Language and Literature";"Catalan Language and Literature";02;;;GLOBAL;cip
GL-38.0208;"Catholic Studies";"Catholic Studies";02;;;GLOBAL;cip
GL-16.1301;"Celtic Languages, Literatures, and Linguistics";"Celtic Languages, Literatures, and Linguistics";02;;;GLOBAL;cip
GL-50.0711;"Ceramic Arts and Ceramics";"Ceramic Arts and Ceramics";02;;;GLOBAL;cip
GL-39.0706;"Chaplain/Chaplaincy Studies";"Chaplain/Chaplaincy Studies";02;;;GLOBAL;cip
GL-23.1405;"Children's and Adolescent Literature";"Children's and Adolescent Literature";02;;;GLOBAL;cip
GL-16.0301;"Chinese Language and Literature";"Chinese Language and Literature";02;;;GLOBAL;cip
GL-38.0203;"Christian Studies";"Christian Studies";02;;;GLOBAL;cip
GL-39.0302;"Church Planting";"Church Planting";02;;;GLOBAL;cip
GL-50.0602;"Cinematography and Film/Video Production";"Cinematography and Film/Video Production";02;;;GLOBAL;cip
GL-16.1200;"Classics and Classical Languages, Literatures, and Linguistics, General";"Classics and Classical Languages, Literatures, and Linguistics, General";02;;;GLOBAL;cip
GL-16.1299;"Classics and Classical Languages, Literatures, and Linguistics, Other";"Classics and Classical Languages, Literatures, and Linguistics, Other";02;;;GLOBAL;cip
GL-50.0511;"Comedy Writing and Performance";"Comedy Writing and Performance";02;;;GLOBAL;cip
GL-50.0406;"Commercial Photography";"Commercial Photography";02;;;GLOBAL;cip
GL-50.0402;"Commercial and Advertising Art";"Commercial and Advertising Art";02;;;GLOBAL;cip
GL-50.1101;"Community/Environmental/Socially-Engaged Art";"Community/Environmental/Socially-Engaged Art";02;;;GLOBAL;cip
GL-16.0104;"Comparative Literature";"Comparative Literature";02;;;GLOBAL;cip
GL-50.0906;Conducting;Conducting;02;;;GLOBAL;cip
GL-50.0510;"Costume Design";"Costume Design";02;;;GLOBAL;cip
GL-50.0201;"Crafts/Craft Design, Folk Art and Artisanry";"Crafts/Craft Design, Folk Art and Artisanry";02;;;GLOBAL;cip
GL-23.1302;"Creative Writing";"Creative Writing";02;;;GLOBAL;cip
GL-16.0406;"Czech Language and Literature";"Czech Language and Literature";02;;;GLOBAL;cip
GL-50.0301;"Dance, General";"Dance, General";02;;;GLOBAL;cip
GL-50.0399;"Dance, Other";"Dance, Other";02;;;GLOBAL;cip
GL-16.0503;"Danish Language and Literature";"Danish Language and Literature";02;;;GLOBAL;cip
GL-50.0499;"Design and Applied Arts, Other";"Design and Applied Arts, Other";02;;;GLOBAL;cip
GL-50.0401;"Design and Visual Communications, General";"Design and Visual Communications, General";02;;;GLOBAL;cip
GL-50.0102;"Digital Arts";"Digital Arts";02;;;GLOBAL;cip
GL-50.0507;"Directing and Theatrical Production";"Directing and Theatrical Production";02;;;GLOBAL;cip
GL-39.0602;Divinity/Ministry;Divinity/Ministry;02;;;GLOBAL;cip
GL-50.0607;"Documentary Production";"Documentary Production";02;;;GLOBAL;cip
GL-50.0501;"Drama and Dramatics/Theatre Arts, General";"Drama and Dramatics/Theatre Arts, General";02;;;GLOBAL;cip
GL-50.0599;"Dramatic/Theatre Arts and Stagecraft, Other";"Dramatic/Theatre Arts and Stagecraft, Other";02;;;GLOBAL;cip
GL-50.0705;Drawing;Drawing;02;;;GLOBAL;cip
GL-16.0504;"Dutch/Flemish Language and Literature";"Dutch/Flemish Language and Literature";02;;;GLOBAL;cip
GL-16.0300;"East Asian Languages, Literatures, and Linguistics, General";"East Asian Languages, Literatures, and Linguistics, General";02;;;GLOBAL;cip
GL-16.0399;"East Asian Languages, Literatures, and Linguistics, Other";"East Asian Languages, Literatures, and Linguistics, Other";02;;;GLOBAL;cip
GL-23.0101;"English Language and Literature, General";"English Language and Literature, General";02;;;GLOBAL;cip
GL-23.9999;"English Language and Literature/Letters, Other";"English Language and Literature/Letters, Other";02;;;GLOBAL;cip
GL-23.1404;"English Literature (British and Commonwealth)";"English Literature (British and Commonwealth)";02;;;GLOBAL;cip
GL-16.1701;"English as a Second Language";"English as a Second Language";02;;;GLOBAL;cip
GL-38.0103;Ethics;Ethics;02;;;GLOBAL;cip
GL-54.0103;"European History";"European History";02;;;GLOBAL;cip
GL-50.0407;"Fashion/Apparel Design";"Fashion/Apparel Design";02;;;GLOBAL;cip
GL-50.0712;"Fiber, Textile and Weaving Arts";"Fiber, Textile and Weaving Arts";02;;;GLOBAL;cip
GL-16.1404;"Filipino/Tagalog Language and Literature";"Filipino/Tagalog Language and Literature";02;;;GLOBAL;cip
GL-50.0601;"Film/Cinema/Media Studies";"Film/Cinema/Media Studies";02;;;GLOBAL;cip
GL-50.0699;"Film/Video and Photographic Arts, Other";"Film/Video and Photographic Arts, Other";02;;;GLOBAL;cip
GL-50.0799;"Fine Arts and Art Studies, Other";"Fine Arts and Art Studies, Other";02;;;GLOBAL;cip
GL-50.1002;"Fine and Studio Arts Management";"Fine and Studio Arts Management";02;;;GLOBAL;cip
GL-50.0702;"Fine/Studio Arts, General";"Fine/Studio Arts, General";02;;;GLOBAL;cip
GL-16.0101;"Foreign Languages and Literatures, General";"Foreign Languages and Literatures, General";02;;;GLOBAL;cip
GL-16.9999;"Foreign Languages, Literatures, and Linguistics, Other";"Foreign Languages, Literatures, and Linguistics, Other";02;;;GLOBAL;cip
GL-16.0901;"French Language and Literature";"French Language and Literature";02;;;GLOBAL;cip
GL-50.0411;"Game and Interactive Media Design";"Game and Interactive Media Design";02;;;GLOBAL;cip
GL-23.1401;"General Literature";"General Literature";02;;;GLOBAL;cip
GL-16.0501;"German Language and Literature";"German Language and Literature";02;;;GLOBAL;cip
GL-16.0500;"Germanic Languages, Literatures, and Linguistics, General";"Germanic Languages, Literatures, and Linguistics, General";02;;;GLOBAL;cip
GL-16.0599;"Germanic Languages, Literatures, and Linguistics, Other";"Germanic Languages, Literatures, and Linguistics, Other";02;;;GLOBAL;cip
GL-50.0409;"Graphic Design";"Graphic Design";02;;;GLOBAL;cip
GL-16.1409;"Hawaiian Language and Literature";"Hawaiian Language and Literature";02;;;GLOBAL;cip
GL-16.1102;"Hebrew Language and Literature";"Hebrew Language and Literature";02;;;GLOBAL;cip
GL-16.0701;"Hindi Language and Literature";"Hindi Language and Literature";02;;;GLOBAL;cip
GL-38.0204;"Hindu Studies";"Hindu Studies";02;;;GLOBAL;cip
GL-16.0908;"Hispanic and Latin American Languages, Literatures, and Linguistics, General";"Hispanic and Latin American Languages, Literatures, and Linguistics, General";02;;;GLOBAL;cip
GL-54.0104;"History and Philosophy of Science and Technology";"History and Philosophy of Science and Technology";02;;;GLOBAL;cip
GL-54.0101;"History, General";"History, General";02;;;GLOBAL;cip
GL-54.0199;"History, Other";"History, Other";02;;;GLOBAL;cip
GL-16.1503;"Hungarian/Magyar Language and Literature";"Hungarian/Magyar Language and Literature";02;;;GLOBAL;cip
GL-50.0410;Illustration;Illustration;02;;;GLOBAL;cip
GL-16.1402;"Indonesian/Malay Languages and Literatures";"Indonesian/Malay Languages and Literatures";02;;;GLOBAL;cip
GL-50.0404;"Industrial and Product Design";"Industrial and Product Design";02;;;GLOBAL;cip
GL-50.0408;"Interior Design";"Interior Design";02;;;GLOBAL;cip
GL-50.0706;Intermedia/Multimedia;Intermedia/Multimedia;02;;;GLOBAL;cip
GL-16.0801;"Iranian Languages, Literatures, and Linguistics";"Iranian Languages, Literatures, and Linguistics";02;;;GLOBAL;cip
GL-38.0205;"Islamic Studies";"Islamic Studies";02;;;GLOBAL;cip
GL-16.0902;"Italian Language and Literature";"Italian Language and Literature";02;;;GLOBAL;cip
GL-16.0302;"Japanese Language and Literature";"Japanese Language and Literature";02;;;GLOBAL;cip
GL-50.0910;"Jazz/Jazz Studies";"Jazz/Jazz Studies";02;;;GLOBAL;cip
GL-50.0713;"Jewelry Arts";"Jewelry Arts";02;;;GLOBAL;cip
GL-38.0206;"Jewish/Judaic Studies";"Jewish/Judaic Studies";02;;;GLOBAL;cip
GL-50.0907;"Keyboard Instruments";"Keyboard Instruments";02;;;GLOBAL;cip
GL-16.1405;"Khmer/Cambodian Language and Literature";"Khmer/Cambodian Language and Literature";02;;;GLOBAL;cip
GL-16.0303;"Korean Language and Literature";"Korean Language and Literature";02;;;GLOBAL;cip
GL-16.0103;"Language Interpretation and Translation";"Language Interpretation and Translation";02;;;GLOBAL;cip
GL-16.1406;"Lao Language and Literature";"Lao Language and Literature";02;;;GLOBAL;cip
GL-16.1203;"Latin Language and Literature";"Latin Language and Literature";02;;;GLOBAL;cip
GL-39.0705;"Lay Ministry";"Lay Ministry";02;;;GLOBAL;cip
GL-16.0199;"Linguistic, Comparative, and Related Language Studies and Services, Other";"Linguistic, Comparative, and Related Language Studies and Services, Other";02;;;GLOBAL;cip
GL-16.0102;Linguistics;Linguistics;02;;;GLOBAL;cip
GL-16.1602;"Linguistics of ASL and Other Sign Languages";"Linguistics of ASL and Other Sign Languages";02;;;GLOBAL;cip
GL-23.1499;"Literature, Other";"Literature, Other";02;;;GLOBAL;cip
GL-38.0102;Logic;Logic;02;;;GLOBAL;cip
GL-50.0714;"Metal Arts";"Metal Arts";02;;;GLOBAL;cip
GL-16.1100;"Middle/Near Eastern and Semitic Languages, Literatures, and Linguistics, General";"Middle/Near Eastern and Semitic Languages, Literatures, and Linguistics, General";02;;;GLOBAL;cip
GL-16.1199;"Middle/Near Eastern and Semitic Languages, Literatures, and Linguistics, Other";"Middle/Near Eastern and Semitic Languages, Literatures, and Linguistics, Other";02;;;GLOBAL;cip
GL-54.0108;"Military History";"Military History";02;;;GLOBAL;cip
GL-39.0301;"Missions/Missionary Studies";"Missions/Missionary Studies";02;;;GLOBAL;cip
GL-39.0399;"Missions/Missionary Studies and Missiology, Other";"Missions/Missionary Studies and Missiology, Other";02;;;GLOBAL;cip
GL-16.0601;"Modern Greek Language and Literature";"Modern Greek Language and Literature";02;;;GLOBAL;cip
GL-16.1504;"Mongolian Language and Literature";"Mongolian Language and Literature";02;;;GLOBAL;cip
GL-38.0209;"Mormon Studies";"Mormon Studies";02;;;GLOBAL;cip
GL-50.0902;"Music History, Literature, and Theory";"Music History, Literature, and Theory";02;;;GLOBAL;cip
GL-50.1003;"Music Management";"Music Management";02;;;GLOBAL;cip
GL-50.0912;"Music Pedagogy";"Music Pedagogy";02;;;GLOBAL;cip
GL-50.0903;"Music Performance, General";"Music Performance, General";02;;;GLOBAL;cip
GL-50.0913;"Music Technology";"Music Technology";02;;;GLOBAL;cip
GL-50.0904;"Music Theory and Composition";"Music Theory and Composition";02;;;GLOBAL;cip
GL-50.0901;"Music, General";"Music, General";02;;;GLOBAL;cip
GL-50.0999;"Music, Other";"Music, Other";02;;;GLOBAL;cip
GL-50.0509;"Musical Theatre";"Musical Theatre";02;;;GLOBAL;cip
GL-50.0905;"Musicology and Ethnomusicology";"Musicology and Ethnomusicology";02;;;GLOBAL;cip
GL-16.0505;"Norwegian Language and Literature";"Norwegian Language and Literature";02;;;GLOBAL;cip
GL-50.0708;Painting;Painting;02;;;GLOBAL;cip
GL-39.0799;"Pastoral Counseling and Specialized Ministries, Other";"Pastoral Counseling and Specialized Ministries, Other";02;;;GLOBAL;cip
GL-39.0701;"Pastoral Studies/Counseling";"Pastoral Studies/Counseling";02;;;GLOBAL;cip
GL-50.0916;"Percussion Instruments";"Percussion Instruments";02;;;GLOBAL;cip
GL-38.0101;Philosophy;Philosophy;02;;;GLOBAL;cip
GL-38.0001;"Philosophy and Religious Studies, General";"Philosophy and Religious Studies, General";02;;;GLOBAL;cip
GL-38.9999;"Philosophy and Religious Studies, Other";"Philosophy and Religious Studies, Other";02;;;GLOBAL;cip
GL-38.0199;"Philosophy, Other";"Philosophy, Other";02;;;GLOBAL;cip
GL-50.0605;Photography;Photography;02;;;GLOBAL;cip
GL-50.0504;"Playwriting and Screenwriting";"Playwriting and Screenwriting";02;;;GLOBAL;cip
GL-16.0407;"Polish Language and Literature";"Polish Language and Literature";02;;;GLOBAL;cip
GL-16.0904;"Portuguese Language and Literature";"Portuguese Language and Literature";02;;;GLOBAL;cip
GL-39.0604;"Pre-Theology/Pre-Ministerial Studies";"Pre-Theology/Pre-Ministerial Studies";02;;;GLOBAL;cip
GL-50.0710;Printmaking;Printmaking;02;;;GLOBAL;cip
GL-23.1303;"Professional, Technical, Business, and Scientific Writing";"Professional, Technical, Business, and Scientific Writing";02;;;GLOBAL;cip
GL-54.0105;"Public/Applied History";"Public/Applied History";02;;;GLOBAL;cip
GL-16.0705;"Punjabi Language and Literature";"Punjabi Language and Literature";02;;;GLOBAL;cip
GL-39.0605;"Rabbinical Studies";"Rabbinical Studies";02;;;GLOBAL;cip
GL-38.0201;"Religion/Religious Studies";"Religion/Religious Studies";02;;;GLOBAL;cip
GL-38.0299;"Religion/Religious Studies, Other";"Religion/Religious Studies, Other";02;;;GLOBAL;cip
GL-39.0401;"Religious Education";"Religious Education";02;;;GLOBAL;cip
GL-39.0899;"Religious Institution Administration and Law, Other";"Religious Institution Administration and Law, Other";02;;;GLOBAL;cip
GL-39.0801;"Religious Institution Administration and Management";"Religious Institution Administration and Management";02;;;GLOBAL;cip
GL-39.0599;"Religious Music and Worship, Other";"Religious Music and Worship, Other";02;;;GLOBAL;cip
GL-39.0802;"Religious/Canon Law";"Religious/Canon Law";02;;;GLOBAL;cip
GL-39.0501;"Religious/Sacred Music";"Religious/Sacred Music";02;;;GLOBAL;cip
GL-23.1304;"Rhetoric and Composition";"Rhetoric and Composition";02;;;GLOBAL;cip
GL-23.1399;"Rhetoric and Composition/Writing Studies, Other";"Rhetoric and Composition/Writing Studies, Other";02;;;GLOBAL;cip
GL-16.0900;"Romance Languages, Literatures, and Linguistics, General";"Romance Languages, Literatures, and Linguistics, General";02;;;GLOBAL;cip
GL-16.0999;"Romance Languages, Literatures, and Linguistics, Other";"Romance Languages, Literatures, and Linguistics, Other";02;;;GLOBAL;cip
GL-16.0906;"Romanian Language and Literature";"Romanian Language and Literature";02;;;GLOBAL;cip
GL-16.0402;"Russian Language and Literature";"Russian Language and Literature";02;;;GLOBAL;cip
GL-16.0702;"Sanskrit and Classical Indian Languages, Literatures, and Linguistics";"Sanskrit and Classical Indian Languages, Literatures, and Linguistics";02;;;GLOBAL;cip
GL-16.0502;"Scandinavian Languages, Literatures, and Linguistics";"Scandinavian Languages, Literatures, and Linguistics";02;;;GLOBAL;cip
GL-50.0709;Sculpture;Sculpture;02;;;GLOBAL;cip
GL-16.1603;"Sign Language Interpretation and Translation";"Sign Language Interpretation and Translation";02;;;GLOBAL;cip
GL-16.0400;"Slavic Languages, Literatures, and Linguistics, General";"Slavic Languages, Literatures, and Linguistics, General";02;;;GLOBAL;cip
GL-16.0499;"Slavic, Baltic, and Albanian Languages, Literatures, and Linguistics, Other";"Slavic, Baltic, and Albanian Languages, Literatures, and Linguistics, Other";02;;;GLOBAL;cip
GL-16.0409;"Slovak Language and Literature";"Slovak Language and Literature";02;;;GLOBAL;cip
GL-50.0917;"Sound Arts";"Sound Arts";02;;;GLOBAL;cip
GL-16.0700;"South Asian Languages, Literatures, and Linguistics, General";"South Asian Languages, Literatures, and Linguistics, General";02;;;GLOBAL;cip
GL-16.0799;"South Asian Languages, Literatures, and Linguistics, Other";"South Asian Languages, Literatures, and Linguistics, Other";02;;;GLOBAL;cip
GL-16.1400;"Southeast Asian Languages, Literatures, and Linguistics, General";"Southeast Asian Languages, Literatures, and Linguistics, General";02;;;GLOBAL;cip
GL-16.1499;"Southeast Asian and Australasian/Pacific Languages, Literatures, and Linguistics, Other";"Southeast Asian and Australasian/Pacific Languages, Literatures, and Linguistics, Other";02;;;GLOBAL;cip
GL-16.0905;"Spanish Language and Literature";"Spanish Language and Literature";02;;;GLOBAL;cip
GL-50.0911;"Stringed Instruments";"Stringed Instruments";02;;;GLOBAL;cip
GL-16.0506;"Swedish Language and Literature";"Swedish Language and Literature";02;;;GLOBAL;cip
GL-38.0207;"Talmudic Studies";"Talmudic Studies";02;;;GLOBAL;cip
GL-39.0606;"Talmudic Studies";"Talmudic Studies";02;;;GLOBAL;cip
GL-16.0706;"Tamil Language and Literature";"Tamil Language and Literature";02;;;GLOBAL;cip
GL-50.0502;"Technical Theatre/Theatre Design and Technology";"Technical Theatre/Theatre Design and Technology";02;;;GLOBAL;cip
GL-16.1407;"Thai Language and Literature";"Thai Language and Literature";02;;;GLOBAL;cip
GL-50.0505;"Theatre Literature, History and Criticism";"Theatre Literature, History and Criticism";02;;;GLOBAL;cip
GL-50.0512;"Theatre and Dance";"Theatre and Dance";02;;;GLOBAL;cip
GL-50.1004;"Theatre/Theatre Arts Management";"Theatre/Theatre Arts Management";02;;;GLOBAL;cip
GL-39.0699;"Theological and Ministerial Studies, Other";"Theological and Ministerial Studies, Other";02;;;GLOBAL;cip
GL-39.9999;"Theology and Religious Vocations, Other";"Theology and Religious Vocations, Other";02;;;GLOBAL;cip
GL-39.0601;"Theology/Theological Studies";"Theology/Theological Studies";02;;;GLOBAL;cip
GL-16.0304;"Tibetan Language and Literature";"Tibetan Language and Literature";02;;;GLOBAL;cip
GL-16.1599;"Turkic, Uralic-Altaic, Caucasian, and Central Asian Languages, Literatures, and Linguistics, Other";"Turkic, Uralic-Altaic, Caucasian, and Central Asian Languages, Literatures, and Linguistics, Other";02;;;GLOBAL;cip
GL-16.1501;"Turkish Language and Literature";"Turkish Language and Literature";02;;;GLOBAL;cip
GL-16.0410;"Ukrainian Language and Literature";"Ukrainian Language and Literature";02;;;GLOBAL;cip
GL-16.1502;"Uralic Languages, Literatures, and Linguistics";"Uralic Languages, Literatures, and Linguistics";02;;;GLOBAL;cip
GL-39.0703;"Urban Ministry";"Urban Ministry";02;;;GLOBAL;cip
GL-16.0707;"Urdu Language and Literature";"Urdu Language and Literature";02;;;GLOBAL;cip
GL-16.1408;"Vietnamese Language and Literature";"Vietnamese Language and Literature";02;;;GLOBAL;cip
GL-50.0101;"Visual and Performing Arts, General";"Visual and Performing Arts, General";02;;;GLOBAL;cip
GL-50.9999;"Visual and Performing Arts, Other";"Visual and Performing Arts, Other";02;;;GLOBAL;cip
GL-50.0908;"Voice and Opera";"Voice and Opera";02;;;GLOBAL;cip
GL-39.0704;"Women's Ministry";"Women's Ministry";02;;;GLOBAL;cip
GL-50.0915;"Woodwind Instruments";"Woodwind Instruments";02;;;GLOBAL;cip
GL-39.0502;"Worship Ministry";"Worship Ministry";02;;;GLOBAL;cip
GL-23.1301;"Writing, General";"Writing, General";02;;;GLOBAL;cip
GL-39.0702;"Youth Ministry";"Youth Ministry";02;;;GLOBAL;cip
GL-09.0903;Advertising;Advertising;03;;;GLOBAL;cip
GL-05.0101;"African Studies";"African Studies";03;;;GLOBAL;cip
GL-05.0201;"African-American/Black Studies";"African-American/Black Studies";03;;;GLOBAL;cip
GL-45.1002;"American Government and Politics (United States)";"American Government and Politics (United States)";03;;;GLOBAL;cip
GL-05.0202;"American Indian/Native American Studies";"American Indian/Native American Studies";03;;;GLOBAL;cip
GL-05.0102;"American/United States Studies/Civilization";"American/United States Studies/Civilization";03;;;GLOBAL;cip
GL-45.0201;"Anthropology, General";"Anthropology, General";03;;;GLOBAL;cip
GL-45.0299;"Anthropology, Other";"Anthropology, Other";03;;;GLOBAL;cip
GL-05.0135;"Appalachian Studies";"Appalachian Studies";03;;;GLOBAL;cip
GL-42.2814;"Applied Behavior Analysis";"Applied Behavior Analysis";03;;;GLOBAL;cip
GL-45.0502;"Applied Demography";"Applied Demography";03;;;GLOBAL;cip
GL-45.0602;"Applied Economics";"Applied Economics";03;;;GLOBAL;cip
GL-42.2813;"Applied Psychology";"Applied Psychology";03;;;GLOBAL;cip
GL-45.1102;"Applied/Public Sociology";"Applied/Public Sociology";03;;;GLOBAL;cip
GL-45.0301;Archeology;Archeology;03;;;GLOBAL;cip
GL-25.0103;"Archives/Archival Administration";"Archives/Archival Administration";03;;;GLOBAL;cip
GL-05.0136;"Arctic Studies";"Arctic Studies";03;;;GLOBAL;cip
GL-05.0199;"Area Studies, Other";"Area Studies, Other";03;;;GLOBAL;cip
GL-05.9999;"Area, Ethnic, Cultural, Gender, and Group Studies, Other";"Area, Ethnic, Cultural, Gender, and Group Studies, Other";03;;;GLOBAL;cip
GL-05.0103;"Asian Studies/Civilization";"Asian Studies/Civilization";03;;;GLOBAL;cip
GL-05.0206;"Asian-American Studies";"Asian-American Studies";03;;;GLOBAL;cip
GL-05.0116;"Balkans Studies";"Balkans Studies";03;;;GLOBAL;cip
GL-05.0117;"Baltic Studies";"Baltic Studies";03;;;GLOBAL;cip
GL-42.2706;"Behavioral Neuroscience";"Behavioral Neuroscience";03;;;GLOBAL;cip
GL-09.0402;"Broadcast Journalism";"Broadcast Journalism";03;;;GLOBAL;cip
GL-09.0405;"Business and Economic Journalism";"Business and Economic Journalism";03;;;GLOBAL;cip
GL-45.1003;"Canadian Government and Politics";"Canadian Government and Politics";03;;;GLOBAL;cip
GL-05.0115;"Canadian Studies";"Canadian Studies";03;;;GLOBAL;cip
GL-05.0119;"Caribbean Studies";"Caribbean Studies";03;;;GLOBAL;cip
GL-25.0102;"Children and Youth Library Services";"Children and Youth Library Services";03;;;GLOBAL;cip
GL-05.0123;"Chinese Studies";"Chinese Studies";03;;;GLOBAL;cip
GL-42.2807;"Clinical Child Psychology";"Clinical Child Psychology";03;;;GLOBAL;cip
GL-42.2801;"Clinical Psychology";"Clinical Psychology";03;;;GLOBAL;cip
GL-42.2899;"Clinical, Counseling and Applied Psychology, Other";"Clinical, Counseling and Applied Psychology, Other";03;;;GLOBAL;cip
GL-42.2701;"Cognitive Psychology and Psycholinguistics";"Cognitive Psychology and Psycholinguistics";03;;;GLOBAL;cip
GL-05.0121;"Commonwealth Studies";"Commonwealth Studies";03;;;GLOBAL;cip
GL-09.0909;"Communication Management and Strategic Communications";"Communication Management and Strategic Communications";03;;;GLOBAL;cip
GL-09.0199;"Communication and Media Studies, Other";"Communication and Media Studies, Other";03;;;GLOBAL;cip
GL-09.0100;"Communication, General";"Communication, General";03;;;GLOBAL;cip
GL-09.9999;"Communication, Journalism, and Related Programs, Other";"Communication, Journalism, and Related Programs, Other";03;;;GLOBAL;cip
GL-42.2802;"Community Psychology";"Community Psychology";03;;;GLOBAL;cip
GL-05.0212;"Comparative Group Studies";"Comparative Group Studies";03;;;GLOBAL;cip
GL-42.2702;"Comparative Psychology";"Comparative Psychology";03;;;GLOBAL;cip
GL-42.2803;"Counseling Psychology";"Counseling Psychology";03;;;GLOBAL;cip
GL-45.0401;Criminology;Criminology;03;;;GLOBAL;cip
GL-45.0204;"Cultural Anthropology";"Cultural Anthropology";03;;;GLOBAL;cip
GL-09.0406;"Cultural Journalism";"Cultural Journalism";03;;;GLOBAL;cip
GL-05.0211;"Deaf Studies";"Deaf Studies";03;;;GLOBAL;cip
GL-45.0501;"Demography and Population Studies";"Demography and Population Studies";03;;;GLOBAL;cip
GL-45.0599;"Demography, Other";"Demography, Other";03;;;GLOBAL;cip
GL-45.0604;"Development Economics and International Development";"Development Economics and International Development";03;;;GLOBAL;cip
GL-42.2710;"Developmental and Adolescent Psychology";"Developmental and Adolescent Psychology";03;;;GLOBAL;cip
GL-42.2703;"Developmental and Child Psychology";"Developmental and Child Psychology";03;;;GLOBAL;cip
GL-09.0702;"Digital Communication and Media/Multimedia";"Digital Communication and Media/Multimedia";03;;;GLOBAL;cip
GL-05.0210;"Disability Studies";"Disability Studies";03;;;GLOBAL;cip
GL-05.0104;"East Asian Studies";"East Asian Studies";03;;;GLOBAL;cip
GL-45.0603;"Econometrics and Quantitative Economics";"Econometrics and Quantitative Economics";03;;;GLOBAL;cip
GL-45.0601;"Economics, General";"Economics, General";03;;;GLOBAL;cip
GL-45.0699;"Economics, Other";"Economics, Other";03;;;GLOBAL;cip
GL-42.2806;"Educational Psychology";"Educational Psychology";03;;;GLOBAL;cip
GL-42.2808;"Environmental Psychology";"Environmental Psychology";03;;;GLOBAL;cip
GL-05.0200;"Ethnic Studies";"Ethnic Studies";03;;;GLOBAL;cip
GL-05.0299;"Ethnic, Cultural Minority, Gender, and Group Studies, Other";"Ethnic, Cultural Minority, Gender, and Group Studies, Other";03;;;GLOBAL;cip
GL-05.0106;"European Studies/Civilization";"European Studies/Civilization";03;;;GLOBAL;cip
GL-42.2704;"Experimental Psychology";"Experimental Psychology";03;;;GLOBAL;cip
GL-42.2811;"Family Psychology";"Family Psychology";03;;;GLOBAL;cip
GL-05.0209;"Folklore Studies";"Folklore Studies";03;;;GLOBAL;cip
GL-45.0205;"Forensic Anthropology";"Forensic Anthropology";03;;;GLOBAL;cip
GL-42.2812;"Forensic Psychology";"Forensic Psychology";03;;;GLOBAL;cip
GL-05.0124;"French Studies";"French Studies";03;;;GLOBAL;cip
GL-05.0208;"Gay/Lesbian Studies";"Gay/Lesbian Studies";03;;;GLOBAL;cip
GL-45.0702;"Geographic Information Science and Cartography";"Geographic Information Science and Cartography";03;;;GLOBAL;cip
GL-45.0701;Geography;Geography;03;;;GLOBAL;cip
GL-45.1501;"Geography and Anthropology";"Geography and Anthropology";03;;;GLOBAL;cip
GL-45.0799;"Geography, Other";"Geography, Other";03;;;GLOBAL;cip
GL-05.0125;"German Studies";"German Studies";03;;;GLOBAL;cip
GL-42.2809;Geropsychology;Geropsychology;03;;;GLOBAL;cip
GL-09.0905;"Health Communication";"Health Communication";03;;;GLOBAL;cip
GL-42.2810;"Health/Medical Psychology";"Health/Medical Psychology";03;;;GLOBAL;cip
GL-05.0203;"Hispanic-American, Puerto Rican, and Mexican-American/Chicano Studies";"Hispanic-American, Puerto Rican, and Mexican-American/Chicano Studies";03;;;GLOBAL;cip
GL-42.2804;"Industrial and Organizational Psychology";"Industrial and Organizational Psychology";03;;;GLOBAL;cip
GL-45.0605;"International Economics";"International Economics";03;;;GLOBAL;cip
GL-45.0901;"International Relations and Affairs";"International Relations and Affairs";03;;;GLOBAL;cip
GL-45.0999;"International Relations and National Security Studies, Other";"International Relations and National Security Studies, Other";03;;;GLOBAL;cip
GL-09.0907;"International and Intercultural Communication";"International and Intercultural Communication";03;;;GLOBAL;cip
GL-05.0133;"Irish Studies";"Irish Studies";03;;;GLOBAL;cip
GL-05.0126;"Italian Studies";"Italian Studies";03;;;GLOBAL;cip
GL-05.0127;"Japanese Studies";"Japanese Studies";03;;;GLOBAL;cip
GL-09.0401;Journalism;Journalism;03;;;GLOBAL;cip
GL-09.0499;"Journalism, Other";"Journalism, Other";03;;;GLOBAL;cip
GL-05.0128;"Korean Studies";"Korean Studies";03;;;GLOBAL;cip
GL-05.0107;"Latin American Studies";"Latin American Studies";03;;;GLOBAL;cip
GL-05.0134;"Latin American and Caribbean Studies";"Latin American and Caribbean Studies";03;;;GLOBAL;cip
GL-25.0199;"Library Science and Administration, Other";"Library Science and Administration, Other";03;;;GLOBAL;cip
GL-25.9999;"Library Science, Other";"Library Science, Other";03;;;GLOBAL;cip
GL-25.0301;"Library and Archives Assisting";"Library and Archives Assisting";03;;;GLOBAL;cip
GL-25.0101;"Library and Information Science";"Library and Information Science";03;;;GLOBAL;cip
GL-09.0102;"Mass Communication/Media Studies";"Mass Communication/Media Studies";03;;;GLOBAL;cip
GL-45.0203;"Medical Anthropology";"Medical Anthropology";03;;;GLOBAL;cip
GL-45.0902;"National Security Policy Studies";"National Security Policy Studies";03;;;GLOBAL;cip
GL-05.0108;"Near and Middle Eastern Studies";"Near and Middle Eastern Studies";03;;;GLOBAL;cip
GL-09.0901;"Organizational Communication, General";"Organizational Communication, General";03;;;GLOBAL;cip
GL-05.0109;"Pacific Area/Pacific Rim Studies";"Pacific Area/Pacific Rim Studies";03;;;GLOBAL;cip
GL-42.2815;"Performance and Sport Psychology";"Performance and Sport Psychology";03;;;GLOBAL;cip
GL-42.2705;"Personality Psychology";"Personality Psychology";03;;;GLOBAL;cip
GL-09.0404;Photojournalism;Photojournalism;03;;;GLOBAL;cip
GL-45.0202;"Physical and Biological Anthropology";"Physical and Biological Anthropology";03;;;GLOBAL;cip
GL-05.0129;"Polish Studies";"Polish Studies";03;;;GLOBAL;cip
GL-09.0904;"Political Communication";"Political Communication";03;;;GLOBAL;cip
GL-45.1004;"Political Economy";"Political Economy";03;;;GLOBAL;cip
GL-45.1001;"Political Science and Government, General";"Political Science and Government, General";03;;;GLOBAL;cip
GL-45.1099;"Political Science and Government, Other";"Political Science and Government, Other";03;;;GLOBAL;cip
GL-42.0101;"Psychology, General";"Psychology, General";03;;;GLOBAL;cip
GL-42.9999;"Psychology, Other";"Psychology, Other";03;;;GLOBAL;cip
GL-42.2708;"Psychometrics and Quantitative Psychology";"Psychometrics and Quantitative Psychology";03;;;GLOBAL;cip
GL-42.2709;Psychopharmacology;Psychopharmacology;03;;;GLOBAL;cip
GL-09.0900;"Public Relations, Advertising, and Applied Communication";"Public Relations, Advertising, and Applied Communication";03;;;GLOBAL;cip
GL-09.0999;"Public Relations, Advertising, and Applied Communication, Other";"Public Relations, Advertising, and Applied Communication, Other";03;;;GLOBAL;cip
GL-09.0902;"Public Relations/Image Management";"Public Relations/Image Management";03;;;GLOBAL;cip
GL-09.1001;Publishing;Publishing;03;;;GLOBAL;cip
GL-09.0701;"Radio and Television";"Radio and Television";03;;;GLOBAL;cip
GL-09.0799;"Radio, Television, and Digital Communication, Other";"Radio, Television, and Digital Communication, Other";03;;;GLOBAL;cip
GL-05.0122;"Regional Studies (U.S., Canadian, Foreign)";"Regional Studies (U.S., Canadian, Foreign)";03;;;GLOBAL;cip
GL-45.0102;"Research Methodology and Quantitative Methods";"Research Methodology and Quantitative Methods";03;;;GLOBAL;cip
GL-42.2799;"Research and Experimental Psychology, Other";"Research and Experimental Psychology, Other";03;;;GLOBAL;cip
GL-45.1103;"Rural Sociology";"Rural Sociology";03;;;GLOBAL;cip
GL-45.1401;"Rural Sociology";"Rural Sociology";03;;;GLOBAL;cip
GL-05.0110;"Russian Studies";"Russian Studies";03;;;GLOBAL;cip
GL-05.0105;"Russian, Central European, East European and Eurasian Studies";"Russian, Central European, East European and Eurasian Studies";03;;;GLOBAL;cip
GL-05.0111;"Scandinavian Studies";"Scandinavian Studies";03;;;GLOBAL;cip
GL-42.2805;"School Psychology";"School Psychology";03;;;GLOBAL;cip
GL-09.0407;"Science/Health/Environmental Journalism";"Science/Health/Environmental Journalism";03;;;GLOBAL;cip
GL-05.0118;"Slavic Studies";"Slavic Studies";03;;;GLOBAL;cip
GL-42.2707;"Social Psychology";"Social Psychology";03;;;GLOBAL;cip
GL-45.0101;"Social Sciences, General";"Social Sciences, General";03;;;GLOBAL;cip
GL-45.0199;"Social Sciences, Other";"Social Sciences, Other";03;;;GLOBAL;cip
GL-45.9999;"Social Sciences, Other";"Social Sciences, Other";03;;;GLOBAL;cip
GL-45.1301;"Sociology and Anthropology";"Sociology and Anthropology";03;;;GLOBAL;cip
GL-45.1101;"Sociology, General";"Sociology, General";03;;;GLOBAL;cip
GL-45.1199;"Sociology, Other";"Sociology, Other";03;;;GLOBAL;cip
GL-42.2816;"Somatic Psychology";"Somatic Psychology";03;;;GLOBAL;cip
GL-05.0112;"South Asian Studies";"South Asian Studies";03;;;GLOBAL;cip
GL-05.0113;"Southeast Asian Studies";"Southeast Asian Studies";03;;;GLOBAL;cip
GL-05.0130;"Spanish and Iberian Studies";"Spanish and Iberian Studies";03;;;GLOBAL;cip
GL-09.0101;"Speech Communication and Rhetoric";"Speech Communication and Rhetoric";03;;;GLOBAL;cip
GL-09.0906;"Sports Communication";"Sports Communication";03;;;GLOBAL;cip
GL-45.0103;"Survey Research/Methodology";"Survey Research/Methodology";03;;;GLOBAL;cip
GL-09.0908;"Technical and Scientific Communication";"Technical and Scientific Communication";03;;;GLOBAL;cip
GL-05.0131;"Tibetan Studies";"Tibetan Studies";03;;;GLOBAL;cip
GL-42.2817;"Transpersonal/Spiritual Psychology";"Transpersonal/Spiritual Psychology";03;;;GLOBAL;cip
GL-05.0132;"Ukraine Studies";"Ukraine Studies";03;;;GLOBAL;cip
GL-05.0120;"Ural-Altaic and Central Asian Studies";"Ural-Altaic and Central Asian Studies";03;;;GLOBAL;cip
GL-45.1201;"Urban Studies/Affairs";"Urban Studies/Affairs";03;;;GLOBAL;cip
GL-05.0114;"Western European Studies";"Western European Studies";03;;;GLOBAL;cip
GL-05.0207;"Women's Studies";"Women's Studies";03;;;GLOBAL;cip
GL-52.0301;Accounting;Accounting;04;;;GLOBAL;cip
GL-52.0302;"Accounting Technology/Technician and Bookkeeping";"Accounting Technology/Technician and Bookkeeping";04;;;GLOBAL;cip
GL-52.0305;"Accounting and Business/Management";"Accounting and Business/Management";04;;;GLOBAL;cip
GL-52.0304;"Accounting and Finance";"Accounting and Finance";04;;;GLOBAL;cip
GL-52.0399;"Accounting and Related Services, Other";"Accounting and Related Services, Other";04;;;GLOBAL;cip
GL-52.1304;"Actuarial Science";"Actuarial Science";04;;;GLOBAL;cip
GL-52.0401;"Administrative Assistant and Secretarial Science, General";"Administrative Assistant and Secretarial Science, General";04;;;GLOBAL;cip
GL-22.0201;"Advanced Legal Research/Studies, General";"Advanced Legal Research/Studies, General";04;;;GLOBAL;cip
GL-22.0214;"Agriculture Law";"Agriculture Law";04;;;GLOBAL;cip
GL-22.0203;"American/U.S. Law/Legal Studies/Jurisprudence";"American/U.S. Law/Legal Studies/Jurisprudence";04;;;GLOBAL;cip
GL-52.1904;"Apparel and Accessories Marketing Operations";"Apparel and Accessories Marketing Operations";04;;;GLOBAL;cip
GL-22.0215;"Arts and Entertainment Law";"Arts and Entertainment Law";04;;;GLOBAL;cip
GL-52.1901;Auctioneering;Auctioneering;04;;;GLOBAL;cip
GL-52.0303;Auditing;Auditing;04;;;GLOBAL;cip
GL-52.0803;"Banking and Financial Support Services";"Banking and Financial Support Services";04;;;GLOBAL;cip
GL-22.0205;"Banking, Corporate, Finance, and Securities Law";"Banking, Corporate, Finance, and Securities Law";04;;;GLOBAL;cip
GL-52.0910;"Brewery/Brewpub Operations/Management";"Brewery/Brewpub Operations/Management";04;;;GLOBAL;cip
GL-52.0201;"Business Administration and Management, General";"Business Administration and Management, General";04;;;GLOBAL;cip
GL-52.0299;"Business Administration, Management and Operations, Other";"Business Administration, Management and Operations, Other";04;;;GLOBAL;cip
GL-52.0499;"Business Operations Support and Secretarial Services, Other";"Business Operations Support and Secretarial Services, Other";04;;;GLOBAL;cip
GL-52.1302;"Business Statistics";"Business Statistics";04;;;GLOBAL;cip
GL-52.1908;"Business and Personal/Financial Services Marketing Operations";"Business and Personal/Financial Services Marketing Operations";04;;;GLOBAL;cip
GL-52.9999;"Business, Management, Marketing, and Related Support Services, Other";"Business, Management, Marketing, and Related Support Services, Other";04;;;GLOBAL;cip
GL-52.0101;"Business/Commerce, General";"Business/Commerce, General";04;;;GLOBAL;cip
GL-52.0501;"Business/Corporate Communications, General";"Business/Corporate Communications, General";04;;;GLOBAL;cip
GL-52.0599;"Business/Corporate Communications, Other";"Business/Corporate Communications, Other";04;;;GLOBAL;cip
GL-52.0601;"Business/Managerial Economics";"Business/Managerial Economics";04;;;GLOBAL;cip
GL-52.0407;"Business/Office Automation/Technology/Data Entry";"Business/Office Automation/Technology/Data Entry";04;;;GLOBAL;cip
GL-22.0204;"Canadian Law/Legal Studies/Jurisprudence";"Canadian Law/Legal Studies/Jurisprudence";04;;;GLOBAL;cip
GL-52.0908;"Casino Management";"Casino Management";04;;;GLOBAL;cip
GL-44.0201;"Community Organization and Advocacy";"Community Organization and Advocacy";04;;;GLOBAL;cip
GL-22.0206;"Comparative Law";"Comparative Law";04;;;GLOBAL;cip
GL-22.0216;"Compliance Law";"Compliance Law";04;;;GLOBAL;cip
GL-52.2001;"Construction Management, General";"Construction Management, General";04;;;GLOBAL;cip
GL-52.2099;"Construction Management, Other";"Construction Management, Other";04;;;GLOBAL;cip
GL-52.2002;"Construction Project Management";"Construction Project Management";04;;;GLOBAL;cip
GL-22.0304;"Court Interpreter";"Court Interpreter";04;;;GLOBAL;cip
GL-22.0303;"Court Reporting and Captioning/Court Reporter";"Court Reporting and Captioning/Court Reporter";04;;;GLOBAL;cip
GL-52.0809;"Credit Management";"Credit Management";04;;;GLOBAL;cip
GL-22.0217;"Criminal Law and Procedure";"Criminal Law and Procedure";04;;;GLOBAL;cip
GL-52.0207;"Customer Service Management";"Customer Service Management";04;;;GLOBAL;cip
GL-52.0411;"Customer Service Support/Call Center/Teleservice Operation";"Customer Service Support/Call Center/Teleservice Operation";04;;;GLOBAL;cip
GL-52.1404;"Digital Marketing";"Digital Marketing";04;;;GLOBAL;cip
GL-52.0208;"E-Commerce/Electronic Commerce";"E-Commerce/Electronic Commerce";04;;;GLOBAL;cip
GL-44.0502;"Education Policy Analysis";"Education Policy Analysis";04;;;GLOBAL;cip
GL-22.0207;"Energy, Environment, and Natural Resources Law";"Energy, Environment, and Natural Resources Law";04;;;GLOBAL;cip
GL-52.0799;"Entrepreneurial and Small Business Operations, Other";"Entrepreneurial and Small Business Operations, Other";04;;;GLOBAL;cip
GL-22.0218;"Entrepreneurship Law";"Entrepreneurship Law";04;;;GLOBAL;cip
GL-52.0701;"Entrepreneurship/Entrepreneurial Studies";"Entrepreneurship/Entrepreneurial Studies";04;;;GLOBAL;cip
GL-52.0402;"Executive Assistant/Executive Secretary";"Executive Assistant/Executive Secretary";04;;;GLOBAL;cip
GL-52.1006;"Executive/Career Coaching";"Executive/Career Coaching";04;;;GLOBAL;cip
GL-22.0219;"Family/Child/Elder Law";"Family/Child/Elder Law";04;;;GLOBAL;cip
GL-52.1902;"Fashion Merchandising";"Fashion Merchandising";04;;;GLOBAL;cip
GL-52.1903;"Fashion Modeling";"Fashion Modeling";04;;;GLOBAL;cip
GL-52.0899;"Finance and Financial Management Services, Other";"Finance and Financial Management Services, Other";04;;;GLOBAL;cip
GL-52.0801;"Finance, General";"Finance, General";04;;;GLOBAL;cip
GL-52.0804;"Financial Planning and Services";"Financial Planning and Services";04;;;GLOBAL;cip
GL-52.0810;"Financial Risk Management";"Financial Risk Management";04;;;GLOBAL;cip
GL-52.0702;"Franchising and Franchise Operations";"Franchising and Franchise Operations";04;;;GLOBAL;cip
GL-52.1899;"General Merchandising, Sales, and Related Marketing Operations, Other";"General Merchandising, Sales, and Related Marketing Operations, Other";04;;;GLOBAL;cip
GL-52.0408;"General Office Occupations and Clerical Services";"General Office Occupations and Clerical Services";04;;;GLOBAL;cip
GL-52.0502;Grantsmanship;Grantsmanship;04;;;GLOBAL;cip
GL-22.0208;"Health Law";"Health Law";04;;;GLOBAL;cip
GL-44.0503;"Health Policy Analysis";"Health Policy Analysis";04;;;GLOBAL;cip
GL-52.0901;"Hospitality Administration/Management, General";"Hospitality Administration/Management, General";04;;;GLOBAL;cip
GL-52.0999;"Hospitality Administration/Management, Other";"Hospitality Administration/Management, Other";04;;;GLOBAL;cip
GL-52.1910;"Hospitality and Recreation Marketing Operations";"Hospitality and Recreation Marketing Operations";04;;;GLOBAL;cip
GL-52.0909;"Hotel, Motel, and Restaurant Management";"Hotel, Motel, and Restaurant Management";04;;;GLOBAL;cip
GL-52.0904;"Hotel/Motel Administration/Management";"Hotel/Motel Administration/Management";04;;;GLOBAL;cip
GL-52.1005;"Human Resources Development";"Human Resources Development";04;;;GLOBAL;cip
GL-22.0220;"Human Resources Law";"Human Resources Law";04;;;GLOBAL;cip
GL-52.1099;"Human Resources Management and Services, Other";"Human Resources Management and Services, Other";04;;;GLOBAL;cip
GL-52.1001;"Human Resources Management/Personnel Administration, General";"Human Resources Management/Personnel Administration, General";04;;;GLOBAL;cip
GL-44.0000;"Human Services, General";"Human Services, General";04;;;GLOBAL;cip
GL-52.1206;"Information Resources Management";"Information Resources Management";04;;;GLOBAL;cip
GL-52.1701;Insurance;Insurance;04;;;GLOBAL;cip
GL-22.0221;"Insurance Law";"Insurance Law";04;;;GLOBAL;cip
GL-22.0212;"Intellectual Property Law";"Intellectual Property Law";04;;;GLOBAL;cip
GL-22.0210;"International Business, Trade, and Tax Law";"International Business, Trade, and Tax Law";04;;;GLOBAL;cip
GL-52.1101;"International Business/Trade/Commerce";"International Business/Trade/Commerce";04;;;GLOBAL;cip
GL-52.0806;"International Finance";"International Finance";04;;;GLOBAL;cip
GL-22.0209;"International Law and Legal Studies";"International Law and Legal Studies";04;;;GLOBAL;cip
GL-52.1403;"International Marketing";"International Marketing";04;;;GLOBAL;cip
GL-44.0504;"International Policy Analysis";"International Policy Analysis";04;;;GLOBAL;cip
GL-52.0807;"Investments and Securities";"Investments and Securities";04;;;GLOBAL;cip
GL-52.1207;"Knowledge Management";"Knowledge Management";04;;;GLOBAL;cip
GL-52.1004;"Labor Studies";"Labor Studies";04;;;GLOBAL;cip
GL-52.1002;"Labor and Industrial Relations";"Labor and Industrial Relations";04;;;GLOBAL;cip
GL-22.0101;Law;Law;04;;;GLOBAL;cip
GL-22.0301;"Legal Administrative Assistant/Secretary";"Legal Administrative Assistant/Secretary";04;;;GLOBAL;cip
GL-22.0302;"Legal Assistant/Paralegal";"Legal Assistant/Paralegal";04;;;GLOBAL;cip
GL-22.9999;"Legal Professions and Studies, Other";"Legal Professions and Studies, Other";04;;;GLOBAL;cip
GL-22.0299;"Legal Research and Advanced Professional Studies, Other";"Legal Research and Advanced Professional Studies, Other";04;;;GLOBAL;cip
GL-22.0000;"Legal Studies";"Legal Studies";04;;;GLOBAL;cip
GL-22.0399;"Legal Support Services, Other";"Legal Support Services, Other";04;;;GLOBAL;cip
GL-52.0203;"Logistics, Materials, and Supply Chain Management";"Logistics, Materials, and Supply Chain Management";04;;;GLOBAL;cip
GL-52.1299;"Management Information Systems and Services, Other";"Management Information Systems and Services, Other";04;;;GLOBAL;cip
GL-52.1201;"Management Information Systems, General";"Management Information Systems, General";04;;;GLOBAL;cip
GL-52.1301;"Management Science";"Management Science";04;;;GLOBAL;cip
GL-52.1399;"Management Sciences and Quantitative Methods, Other";"Management Sciences and Quantitative Methods, Other";04;;;GLOBAL;cip
GL-52.1402;"Marketing Research";"Marketing Research";04;;;GLOBAL;cip
GL-52.1499;"Marketing, Other";"Marketing, Other";04;;;GLOBAL;cip
GL-52.1401;"Marketing/Marketing Management, General";"Marketing/Marketing Management, General";04;;;GLOBAL;cip
GL-52.0907;"Meeting and Event Planning";"Meeting and Event Planning";04;;;GLOBAL;cip
GL-52.1802;"Merchandising and Buying Operations";"Merchandising and Buying Operations";04;;;GLOBAL;cip
GL-22.0099;"Non-Professional Legal Studies, Other";"Non-Professional Legal Studies, Other";04;;;GLOBAL;cip
GL-52.0206;"Non-Profit/Public/Organizational Management";"Non-Profit/Public/Organizational Management";04;;;GLOBAL;cip
GL-52.0204;"Office Management and Supervision";"Office Management and Supervision";04;;;GLOBAL;cip
GL-52.0205;"Operations Management and Supervision";"Operations Management and Supervision";04;;;GLOBAL;cip
GL-52.1003;"Organizational Behavior Studies";"Organizational Behavior Studies";04;;;GLOBAL;cip
GL-52.0213;"Organizational Leadership";"Organizational Leadership";04;;;GLOBAL;cip
GL-52.0409;"Parts, Warehousing, and Inventory Management Operations";"Parts, Warehousing, and Inventory Management Operations";04;;;GLOBAL;cip
GL-22.0213;"Patent Law";"Patent Law";04;;;GLOBAL;cip
GL-22.0001;"Pre-Law Studies";"Pre-Law Studies";04;;;GLOBAL;cip
GL-22.0202;"Programs for Foreign Lawyers";"Programs for Foreign Lawyers";04;;;GLOBAL;cip
GL-52.0211;"Project Management";"Project Management";04;;;GLOBAL;cip
GL-44.0401;"Public Administration";"Public Administration";04;;;GLOBAL;cip
GL-44.9999;"Public Administration and Social Service Professions, Other";"Public Administration and Social Service Professions, Other";04;;;GLOBAL;cip
GL-44.0499;"Public Administration, Other";"Public Administration, Other";04;;;GLOBAL;cip
GL-52.0808;"Public Finance";"Public Finance";04;;;GLOBAL;cip
GL-44.0501;"Public Policy Analysis, General";"Public Policy Analysis, General";04;;;GLOBAL;cip
GL-44.0599;"Public Policy Analysis, Other";"Public Policy Analysis, Other";04;;;GLOBAL;cip
GL-44.0402;"Public Works Management";"Public Works Management";04;;;GLOBAL;cip
GL-52.0202;"Purchasing, Procurement/Acquisitions and Contracts Management";"Purchasing, Procurement/Acquisitions and Contracts Management";04;;;GLOBAL;cip
GL-52.1501;"Real Estate";"Real Estate";04;;;GLOBAL;cip
GL-22.0222;"Real Estate and Land Development Law";"Real Estate and Land Development Law";04;;;GLOBAL;cip
GL-52.0406;Receptionist;Receptionist;04;;;GLOBAL;cip
GL-52.0214;"Research Administration";"Research Administration";04;;;GLOBAL;cip
GL-52.0210;"Research and Development Management";"Research and Development Management";04;;;GLOBAL;cip
GL-52.0906;"Resort Management";"Resort Management";04;;;GLOBAL;cip
GL-52.0905;"Restaurant/Food Services Management";"Restaurant/Food Services Management";04;;;GLOBAL;cip
GL-52.0212;"Retail Management";"Retail Management";04;;;GLOBAL;cip
GL-52.1803;"Retailing and Retail Operations";"Retailing and Retail Operations";04;;;GLOBAL;cip
GL-52.0215;"Risk Management";"Risk Management";04;;;GLOBAL;cip
GL-52.1801;"Sales, Distribution, and Marketing Operations, General";"Sales, Distribution, and Marketing Operations, General";04;;;GLOBAL;cip
GL-52.0216;"Science/Technology Management";"Science/Technology Management";04;;;GLOBAL;cip
GL-22.0305;Scopist;Scopist;04;;;GLOBAL;cip
GL-52.1804;"Selling Skills and Sales Operations";"Selling Skills and Sales Operations";04;;;GLOBAL;cip
GL-52.0703;"Small Business Administration/Management";"Small Business Administration/Management";04;;;GLOBAL;cip
GL-52.0704;"Social Entrepreneurship";"Social Entrepreneurship";04;;;GLOBAL;cip
GL-52.1909;"Special Products Marketing Operations";"Special Products Marketing Operations";04;;;GLOBAL;cip
GL-52.1999;"Specialized Merchandising, Sales, and Marketing Operations, Other";"Specialized Merchandising, Sales, and Marketing Operations, Other";04;;;GLOBAL;cip
GL-22.0211;"Tax Law/Taxation";"Tax Law/Taxation";04;;;GLOBAL;cip
GL-52.1601;Taxation;Taxation;04;;;GLOBAL;cip
GL-52.2101;"Telecommunications Management";"Telecommunications Management";04;;;GLOBAL;cip
GL-52.1906;"Tourism Promotion Operations";"Tourism Promotion Operations";04;;;GLOBAL;cip
GL-52.0903;"Tourism and Travel Services Management";"Tourism and Travel Services Management";04;;;GLOBAL;cip
GL-52.1905;"Tourism and Travel Services Marketing Operations";"Tourism and Travel Services Marketing Operations";04;;;GLOBAL;cip
GL-52.0410;"Traffic, Customs, and Transportation Clerk/Technician";"Traffic, Customs, and Transportation Clerk/Technician";04;;;GLOBAL;cip
GL-22.0223;"Transportation Law";"Transportation Law";04;;;GLOBAL;cip
GL-44.0403;"Transportation and Infrastructure Planning/Studies";"Transportation and Infrastructure Planning/Studies";04;;;GLOBAL;cip
GL-52.0209;"Transportation/Mobility Management";"Transportation/Mobility Management";04;;;GLOBAL;cip
GL-22.0224;"Tribal/Indigenous Law";"Tribal/Indigenous Law";04;;;GLOBAL;cip
GL-52.1907;"Vehicle and Vehicle Parts and Accessories Marketing Operations";"Vehicle and Vehicle Parts and Accessories Marketing Operations";04;;;GLOBAL;cip
GL-40.0809;Acoustics;Acoustics;05;;;GLOBAL;cip
GL-26.0912;"Aerospace Physiology and Medicine";"Aerospace Physiology and Medicine";05;;;GLOBAL;cip
GL-27.0102;"Algebra and Number Theory";"Algebra and Number Theory";05;;;GLOBAL;cip
GL-27.0103;"Analysis and Functional Analysis";"Analysis and Functional Analysis";05;;;GLOBAL;cip
GL-40.0502;"Analytical Chemistry";"Analytical Chemistry";05;;;GLOBAL;cip
GL-26.0403;Anatomy;Anatomy;05;;;GLOBAL;cip
GL-26.0708;"Animal Behavior and Ethology";"Animal Behavior and Ethology";05;;;GLOBAL;cip
GL-26.0804;"Animal Genetics";"Animal Genetics";05;;;GLOBAL;cip
GL-26.0707;"Animal Physiology";"Animal Physiology";05;;;GLOBAL;cip
GL-27.0301;"Applied Mathematics, General";"Applied Mathematics, General";05;;;GLOBAL;cip
GL-27.0399;"Applied Mathematics, Other";"Applied Mathematics, Other";05;;;GLOBAL;cip
GL-27.0601;"Applied Statistics, General";"Applied Statistics, General";05;;;GLOBAL;cip
GL-26.1304;"Aquatic Biology/Limnology";"Aquatic Biology/Limnology";05;;;GLOBAL;cip
GL-40.0201;Astronomy;Astronomy;05;;;GLOBAL;cip
GL-40.0299;"Astronomy and Astrophysics, Other";"Astronomy and Astrophysics, Other";05;;;GLOBAL;cip
GL-40.0202;Astrophysics;Astrophysics;05;;;GLOBAL;cip
GL-40.0402;"Atmospheric Chemistry and Climatology";"Atmospheric Chemistry and Climatology";05;;;GLOBAL;cip
GL-40.0403;"Atmospheric Physics and Dynamics";"Atmospheric Physics and Dynamics";05;;;GLOBAL;cip
GL-40.0401;"Atmospheric Sciences and Meteorology, General";"Atmospheric Sciences and Meteorology, General";05;;;GLOBAL;cip
GL-40.0499;"Atmospheric Sciences and Meteorology, Other";"Atmospheric Sciences and Meteorology, Other";05;;;GLOBAL;cip
GL-40.0802;"Atomic/Molecular Physics";"Atomic/Molecular Physics";05;;;GLOBAL;cip
GL-26.0202;Biochemistry;Biochemistry;05;;;GLOBAL;cip
GL-26.0210;"Biochemistry and Molecular Biology";"Biochemistry and Molecular Biology";05;;;GLOBAL;cip
GL-26.0299;"Biochemistry, Biophysics and Molecular Biology, Other";"Biochemistry, Biophysics and Molecular Biology, Other";05;;;GLOBAL;cip
GL-03.0210;Bioenergy;Bioenergy;05;;;GLOBAL;cip
GL-26.1103;Bioinformatics;Bioinformatics;05;;;GLOBAL;cip
GL-26.9999;"Biological and Biomedical Sciences, Other";"Biological and Biomedical Sciences, Other";05;;;GLOBAL;cip
GL-26.0101;"Biology/Biological Sciences, General";"Biology/Biological Sciences, General";05;;;GLOBAL;cip
GL-41.0101;"Biology/Biotechnology Technology/Technician";"Biology/Biotechnology Technology/Technician";05;;;GLOBAL;cip
GL-26.1199;"Biomathematics, Bioinformatics, and Computational Biology, Other";"Biomathematics, Bioinformatics, and Computational Biology, Other";05;;;GLOBAL;cip
GL-26.0913;Biomechanics;Biomechanics;05;;;GLOBAL;cip
GL-26.0102;"Biomedical Sciences, General";"Biomedical Sciences, General";05;;;GLOBAL;cip
GL-26.1101;Biometry/Biometrics;Biometry/Biometrics;05;;;GLOBAL;cip
GL-26.0203;Biophysics;Biophysics;05;;;GLOBAL;cip
GL-26.1102;Biostatistics;Biostatistics;05;;;GLOBAL;cip
GL-26.1201;Biotechnology;Biotechnology;05;;;GLOBAL;cip
GL-26.0301;"Botany/Plant Biology";"Botany/Plant Biology";05;;;GLOBAL;cip
GL-26.0399;"Botany/Plant Biology, Other";"Botany/Plant Biology, Other";05;;;GLOBAL;cip
GL-26.0907;"Cardiovascular Science";"Cardiovascular Science";05;;;GLOBAL;cip
GL-26.0407;"Cell Biology and Anatomy";"Cell Biology and Anatomy";05;;;GLOBAL;cip
GL-26.0903;"Cell Physiology";"Cell Physiology";05;;;GLOBAL;cip
GL-26.0499;"Cell/Cellular Biology and Anatomical Sciences, Other";"Cell/Cellular Biology and Anatomical Sciences, Other";05;;;GLOBAL;cip
GL-26.0401;"Cell/Cellular Biology and Histology";"Cell/Cellular Biology and Histology";05;;;GLOBAL;cip
GL-26.0406;"Cell/Cellular and Molecular Biology";"Cell/Cellular and Molecular Biology";05;;;GLOBAL;cip
GL-40.0508;"Chemical Physics";"Chemical Physics";05;;;GLOBAL;cip
GL-41.0303;"Chemical Process Technology";"Chemical Process Technology";05;;;GLOBAL;cip
GL-41.0301;"Chemical Technology/Technician";"Chemical Technology/Technician";05;;;GLOBAL;cip
GL-40.0512;"Cheminformatics/Chemistry Informatics";"Cheminformatics/Chemistry Informatics";05;;;GLOBAL;cip
GL-40.0501;"Chemistry, General";"Chemistry, General";05;;;GLOBAL;cip
GL-40.0599;"Chemistry, Other";"Chemistry, Other";05;;;GLOBAL;cip
GL-26.1104;"Computational Biology";"Computational Biology";05;;;GLOBAL;cip
GL-27.0303;"Computational Mathematics";"Computational Mathematics";05;;;GLOBAL;cip
GL-27.0304;"Computational and Applied Mathematics";"Computational and Applied Mathematics";05;;;GLOBAL;cip
GL-40.0808;"Condensed Matter and Materials Physics";"Condensed Matter and Materials Physics";05;;;GLOBAL;cip
GL-26.1307;"Conservation Biology";"Conservation Biology";05;;;GLOBAL;cip
GL-26.0404;"Developmental Biology and Embryology";"Developmental Biology and Embryology";05;;;GLOBAL;cip
GL-26.1301;Ecology;Ecology;05;;;GLOBAL;cip
GL-26.1310;"Ecology and Evolutionary Biology";"Ecology and Evolutionary Biology";05;;;GLOBAL;cip
GL-26.1399;"Ecology, Evolution, Systematics and Population Biology, Other";"Ecology, Evolution, Systematics and Population Biology, Other";05;;;GLOBAL;cip
GL-40.0804;"Elementary Particle Physics";"Elementary Particle Physics";05;;;GLOBAL;cip
GL-26.0904;Endocrinology;Endocrinology;05;;;GLOBAL;cip
GL-03.0209;"Energy and Environmental Policy";"Energy and Environmental Policy";05;;;GLOBAL;cip
GL-26.0702;Entomology;Entomology;05;;;GLOBAL;cip
GL-26.1305;"Environmental Biology";"Environmental Biology";05;;;GLOBAL;cip
GL-40.0509;"Environmental Chemistry";"Environmental Chemistry";05;;;GLOBAL;cip
GL-03.0104;"Environmental Science";"Environmental Science";05;;;GLOBAL;cip
GL-03.0103;"Environmental Studies";"Environmental Studies";05;;;GLOBAL;cip
GL-26.1006;"Environmental Toxicology";"Environmental Toxicology";05;;;GLOBAL;cip
GL-03.0204;"Environmental/Natural Resource Economics";"Environmental/Natural Resource Economics";05;;;GLOBAL;cip
GL-03.0207;"Environmental/Natural Resource Recreation and Tourism";"Environmental/Natural Resource Recreation and Tourism";05;;;GLOBAL;cip
GL-03.0208;"Environmental/Natural Resources Law Enforcement and Protective Services";"Environmental/Natural Resources Law Enforcement and Protective Services";05;;;GLOBAL;cip
GL-03.0201;"Environmental/Natural Resources Management and Policy, General";"Environmental/Natural Resources Management and Policy, General";05;;;GLOBAL;cip
GL-03.0299;"Environmental/Natural Resources Management and Policy, Other";"Environmental/Natural Resources Management and Policy, Other";05;;;GLOBAL;cip
GL-26.1309;Epidemiology;Epidemiology;05;;;GLOBAL;cip
GL-26.1311;"Epidemiology and Biostatistics";"Epidemiology and Biostatistics";05;;;GLOBAL;cip
GL-26.1303;"Evolutionary Biology";"Evolutionary Biology";05;;;GLOBAL;cip
GL-26.0908;"Exercise Physiology and Kinesiology";"Exercise Physiology and Kinesiology";05;;;GLOBAL;cip
GL-27.0305;"Financial Mathematics";"Financial Mathematics";05;;;GLOBAL;cip
GL-03.0301;"Fishing and Fisheries Sciences and Management";"Fishing and Fisheries Sciences and Management";05;;;GLOBAL;cip
GL-40.0510;"Forensic Chemistry";"Forensic Chemistry";05;;;GLOBAL;cip
GL-03.0506;"Forest Management/Forest Resources Management";"Forest Management/Forest Resources Management";05;;;GLOBAL;cip
GL-03.0510;"Forest Resources Production and Management";"Forest Resources Production and Management";05;;;GLOBAL;cip
GL-03.0502;"Forest Sciences and Biology";"Forest Sciences and Biology";05;;;GLOBAL;cip
GL-03.0511;"Forest Technology/Technician";"Forest Technology/Technician";05;;;GLOBAL;cip
GL-03.0501;"Forestry, General";"Forestry, General";05;;;GLOBAL;cip
GL-03.0599;"Forestry, Other";"Forestry, Other";05;;;GLOBAL;cip
GL-26.0801;"Genetics, General";"Genetics, General";05;;;GLOBAL;cip
GL-26.0899;"Genetics, Other";"Genetics, Other";05;;;GLOBAL;cip
GL-26.0807;"Genome Sciences/Genomics";"Genome Sciences/Genomics";05;;;GLOBAL;cip
GL-40.0602;Geochemistry;Geochemistry;05;;;GLOBAL;cip
GL-40.0606;"Geochemistry and Petrology";"Geochemistry and Petrology";05;;;GLOBAL;cip
GL-40.0699;"Geological and Earth Sciences/Geosciences, Other";"Geological and Earth Sciences/Geosciences, Other";05;;;GLOBAL;cip
GL-40.0601;"Geology/Earth Science, General";"Geology/Earth Science, General";05;;;GLOBAL;cip
GL-27.0104;"Geometry/Geometric Analysis";"Geometry/Geometric Analysis";05;;;GLOBAL;cip
GL-40.0603;"Geophysics and Seismology";"Geophysics and Seismology";05;;;GLOBAL;cip
GL-26.0806;"Human/Medical Genetics";"Human/Medical Genetics";05;;;GLOBAL;cip
GL-40.0605;"Hydrology and Water Resources Science";"Hydrology and Water Resources Science";05;;;GLOBAL;cip
GL-26.0507;Immunology;Immunology;05;;;GLOBAL;cip
GL-41.0204;"Industrial Radiologic Technology/Technician";"Industrial Radiologic Technology/Technician";05;;;GLOBAL;cip
GL-26.0509;"Infectious Disease and Global Health";"Infectious Disease and Global Health";05;;;GLOBAL;cip
GL-40.0503;"Inorganic Chemistry";"Inorganic Chemistry";05;;;GLOBAL;cip
GL-03.0206;"Land Use Planning and Management/Development";"Land Use Planning and Management/Development";05;;;GLOBAL;cip
GL-26.1302;"Marine Biology and Biological Oceanography";"Marine Biology and Biological Oceanography";05;;;GLOBAL;cip
GL-40.1002;"Materials Chemistry";"Materials Chemistry";05;;;GLOBAL;cip
GL-40.1001;"Materials Science";"Materials Science";05;;;GLOBAL;cip
GL-40.1099;"Materials Sciences, Other";"Materials Sciences, Other";05;;;GLOBAL;cip
GL-27.0306;"Mathematical Biology";"Mathematical Biology";05;;;GLOBAL;cip
GL-27.0502;"Mathematical Statistics and Probability";"Mathematical Statistics and Probability";05;;;GLOBAL;cip
GL-27.0503;"Mathematics and Statistics";"Mathematics and Statistics";05;;;GLOBAL;cip
GL-27.9999;"Mathematics and Statistics, Other";"Mathematics and Statistics, Other";05;;;GLOBAL;cip
GL-27.0101;"Mathematics, General";"Mathematics, General";05;;;GLOBAL;cip
GL-27.0199;"Mathematics, Other";"Mathematics, Other";05;;;GLOBAL;cip
GL-26.0503;"Medical Microbiology and Bacteriology";"Medical Microbiology and Bacteriology";05;;;GLOBAL;cip
GL-40.0404;Meteorology;Meteorology;05;;;GLOBAL;cip
GL-26.0803;"Microbial and Eukaryotic Genetics";"Microbial and Eukaryotic Genetics";05;;;GLOBAL;cip
GL-26.0599;"Microbiological Sciences and Immunology, Other";"Microbiological Sciences and Immunology, Other";05;;;GLOBAL;cip
GL-26.0508;"Microbiology and Immunology";"Microbiology and Immunology";05;;;GLOBAL;cip
GL-26.0502;"Microbiology, General";"Microbiology, General";05;;;GLOBAL;cip
GL-26.0205;"Molecular Biochemistry";"Molecular Biochemistry";05;;;GLOBAL;cip
GL-26.0204;"Molecular Biology";"Molecular Biology";05;;;GLOBAL;cip
GL-26.0206;"Molecular Biophysics";"Molecular Biophysics";05;;;GLOBAL;cip
GL-26.0802;"Molecular Genetics";"Molecular Genetics";05;;;GLOBAL;cip
GL-26.1401;"Molecular Medicine";"Molecular Medicine";05;;;GLOBAL;cip
GL-26.1002;"Molecular Pharmacology";"Molecular Pharmacology";05;;;GLOBAL;cip
GL-26.0902;"Molecular Physiology";"Molecular Physiology";05;;;GLOBAL;cip
GL-26.1005;"Molecular Toxicology";"Molecular Toxicology";05;;;GLOBAL;cip
GL-26.0506;Mycology;Mycology;05;;;GLOBAL;cip
GL-03.0199;"Natural Resources Conservation and Research, Other";"Natural Resources Conservation and Research, Other";05;;;GLOBAL;cip
GL-03.9999;"Natural Resources and Conservation, Other";"Natural Resources and Conservation, Other";05;;;GLOBAL;cip
GL-03.0101;"Natural Resources/Conservation, General";"Natural Resources/Conservation, General";05;;;GLOBAL;cip
GL-26.1502;Neuroanatomy;Neuroanatomy;05;;;GLOBAL;cip
GL-26.1503;"Neurobiology and Anatomy";"Neurobiology and Anatomy";05;;;GLOBAL;cip
GL-26.1504;"Neurobiology and Behavior";"Neurobiology and Behavior";05;;;GLOBAL;cip
GL-26.1599;"Neurobiology and Neurosciences, Other";"Neurobiology and Neurosciences, Other";05;;;GLOBAL;cip
GL-26.1003;Neuropharmacology;Neuropharmacology;05;;;GLOBAL;cip
GL-26.1501;Neuroscience;Neuroscience;05;;;GLOBAL;cip
GL-40.0806;"Nuclear Physics";"Nuclear Physics";05;;;GLOBAL;cip
GL-41.0299;"Nuclear and Industrial Radiologic Technologies/Technicians, Other";"Nuclear and Industrial Radiologic Technologies/Technicians, Other";05;;;GLOBAL;cip
GL-41.0205;"Nuclear/Nuclear Power Technology/Technician";"Nuclear/Nuclear Power Technology/Technician";05;;;GLOBAL;cip
GL-40.0607;"Oceanography, Chemical and Physical";"Oceanography, Chemical and Physical";05;;;GLOBAL;cip
GL-26.0911;"Oncology and Cancer Biology";"Oncology and Cancer Biology";05;;;GLOBAL;cip
GL-40.0807;"Optics/Optical Sciences";"Optics/Optical Sciences";05;;;GLOBAL;cip
GL-40.0504;"Organic Chemistry";"Organic Chemistry";05;;;GLOBAL;cip
GL-40.0604;Paleontology;Paleontology;05;;;GLOBAL;cip
GL-26.0505;Parasitology;Parasitology;05;;;GLOBAL;cip
GL-26.0910;"Pathology/Experimental Pathology";"Pathology/Experimental Pathology";05;;;GLOBAL;cip
GL-26.1001;Pharmacology;Pharmacology;05;;;GLOBAL;cip
GL-26.1007;"Pharmacology and Toxicology";"Pharmacology and Toxicology";05;;;GLOBAL;cip
GL-26.1099;"Pharmacology and Toxicology, Other";"Pharmacology and Toxicology, Other";05;;;GLOBAL;cip
GL-26.0208;Photobiology;Photobiology;05;;;GLOBAL;cip
GL-40.0506;"Physical Chemistry";"Physical Chemistry";05;;;GLOBAL;cip
GL-41.0399;"Physical Science Technologies/Technicians, Other";"Physical Science Technologies/Technicians, Other";05;;;GLOBAL;cip
GL-40.0101;"Physical Sciences, General";"Physical Sciences, General";05;;;GLOBAL;cip
GL-40.9999;"Physical Sciences, Other";"Physical Sciences, Other";05;;;GLOBAL;cip
GL-40.1101;"Physics and Astronomy";"Physics and Astronomy";05;;;GLOBAL;cip
GL-40.0801;"Physics, General";"Physics, General";05;;;GLOBAL;cip
GL-40.0899;"Physics, Other";"Physics, Other";05;;;GLOBAL;cip
GL-26.0901;"Physiology, General";"Physiology, General";05;;;GLOBAL;cip
GL-26.0999;"Physiology, Pathology, and Related Sciences, Other";"Physiology, Pathology, and Related Sciences, Other";05;;;GLOBAL;cip
GL-40.0203;"Planetary Astronomy and Science";"Planetary Astronomy and Science";05;;;GLOBAL;cip
GL-26.0805;"Plant Genetics";"Plant Genetics";05;;;GLOBAL;cip
GL-26.0308;"Plant Molecular Biology";"Plant Molecular Biology";05;;;GLOBAL;cip
GL-26.0305;"Plant Pathology/Phytopathology";"Plant Pathology/Phytopathology";05;;;GLOBAL;cip
GL-26.0307;"Plant Physiology";"Plant Physiology";05;;;GLOBAL;cip
GL-40.0805;"Plasma and High-Temperature Physics";"Plasma and High-Temperature Physics";05;;;GLOBAL;cip
GL-40.0507;"Polymer Chemistry";"Polymer Chemistry";05;;;GLOBAL;cip
GL-26.1306;"Population Biology";"Population Biology";05;;;GLOBAL;cip
GL-26.0209;"Radiation Biology/Radiobiology";"Radiation Biology/Radiobiology";05;;;GLOBAL;cip
GL-26.0905;"Reproductive Biology";"Reproductive Biology";05;;;GLOBAL;cip
GL-41.0000;"Science Technologies/Technicians, General";"Science Technologies/Technicians, General";05;;;GLOBAL;cip
GL-41.9999;"Science Technologies/Technicians, Other";"Science Technologies/Technicians, Other";05;;;GLOBAL;cip
GL-27.0501;"Statistics, General";"Statistics, General";05;;;GLOBAL;cip
GL-27.0599;"Statistics, Other";"Statistics, Other";05;;;GLOBAL;cip
GL-26.0207;"Structural Biology";"Structural Biology";05;;;GLOBAL;cip
GL-26.1308;"Systematic Biology/Biological Systematics";"Systematic Biology/Biological Systematics";05;;;GLOBAL;cip
GL-40.0511;"Theoretical Chemistry";"Theoretical Chemistry";05;;;GLOBAL;cip
GL-40.0810;"Theoretical and Mathematical Physics";"Theoretical and Mathematical Physics";05;;;GLOBAL;cip
GL-27.0105;"Topology and Foundations";"Topology and Foundations";05;;;GLOBAL;cip
GL-26.1004;Toxicology;Toxicology;05;;;GLOBAL;cip
GL-03.0508;"Urban Forestry";"Urban Forestry";05;;;GLOBAL;cip
GL-26.0504;Virology;Virology;05;;;GLOBAL;cip
GL-26.0909;"Vision Science/Physiological Optics";"Vision Science/Physiological Optics";05;;;GLOBAL;cip
GL-03.0205;"Water, Wetlands, and Marine Resources Management";"Water, Wetlands, and Marine Resources Management";05;;;GLOBAL;cip
GL-26.0709;"Wildlife Biology";"Wildlife Biology";05;;;GLOBAL;cip
GL-03.0601;"Wildlife, Fish and Wildlands Science and Management";"Wildlife, Fish and Wildlands Science and Management";05;;;GLOBAL;cip
GL-03.0509;"Wood Science and Wood Products/Pulp and Paper Technology/Technician";"Wood Science and Wood Products/Pulp and Paper Technology/Technician";05;;;GLOBAL;cip
GL-26.0701;"Zoology/Animal Biology";"Zoology/Animal Biology";05;;;GLOBAL;cip
GL-26.0799;"Zoology/Animal Biology, Other";"Zoology/Animal Biology, Other";05;;;GLOBAL;cip
GL-10.0304;"Animation, Interactive Technology, Video Graphics, and Special Effects";"Animation, Interactive Technology, Video Graphics, and Special Effects";06;;;GLOBAL;cip
GL-11.0102;"Artificial Intelligence";"Artificial Intelligence";06;;;GLOBAL;cip
GL-10.0299;"Audiovisual Communications Technologies/Technicians, Other";"Audiovisual Communications Technologies/Technicians, Other";06;;;GLOBAL;cip
GL-11.0902;"Cloud Computing";"Cloud Computing";06;;;GLOBAL;cip
GL-10.9999;"Communications Technologies/Technicians and Support Services, Other";"Communications Technologies/Technicians and Support Services, Other";06;;;GLOBAL;cip
GL-10.0105;"Communications Technology/Technician";"Communications Technology/Technician";06;;;GLOBAL;cip
GL-11.0204;"Computer Game Programming";"Computer Game Programming";06;;;GLOBAL;cip
GL-11.0803;"Computer Graphics";"Computer Graphics";06;;;GLOBAL;cip
GL-11.0299;"Computer Programming, Other";"Computer Programming, Other";06;;;GLOBAL;cip
GL-11.0202;"Computer Programming, Specific Applications";"Computer Programming, Specific Applications";06;;;GLOBAL;cip
GL-11.0205;"Computer Programming, Specific Platforms";"Computer Programming, Specific Platforms";06;;;GLOBAL;cip
GL-11.0203;"Computer Programming, Vendor/Product Certification";"Computer Programming, Vendor/Product Certification";06;;;GLOBAL;cip
GL-11.0201;"Computer Programming/Programmer, General";"Computer Programming/Programmer, General";06;;;GLOBAL;cip
GL-11.0701;"Computer Science";"Computer Science";06;;;GLOBAL;cip
GL-11.0899;"Computer Software and Media Applications, Other";"Computer Software and Media Applications, Other";06;;;GLOBAL;cip
GL-11.1006;"Computer Support Specialist";"Computer Support Specialist";06;;;GLOBAL;cip
GL-11.0501;"Computer Systems Analysis/Analyst";"Computer Systems Analysis/Analyst";06;;;GLOBAL;cip
GL-11.0901;"Computer Systems Networking and Telecommunications";"Computer Systems Networking and Telecommunications";06;;;GLOBAL;cip
GL-11.0999;"Computer Systems Networking and Telecommunications, Other";"Computer Systems Networking and Telecommunications, Other";06;;;GLOBAL;cip
GL-10.0308;"Computer Typography and Composition Equipment Operator";"Computer Typography and Composition Equipment Operator";06;;;GLOBAL;cip
GL-11.9999;"Computer and Information Sciences and Support Services, Other";"Computer and Information Sciences and Support Services, Other";06;;;GLOBAL;cip
GL-11.0199;"Computer and Information Sciences,  Other";"Computer and Information Sciences,  Other";06;;;GLOBAL;cip
GL-11.0101;"Computer and Information Sciences, General";"Computer and Information Sciences, General";06;;;GLOBAL;cip
GL-11.1003;"Computer and Information Systems Security/Auditing/Information Assurance";"Computer and Information Systems Security/Auditing/Information Assurance";06;;;GLOBAL;cip
GL-11.1099;"Computer/Information Technology Services Administration and Management, Other";"Computer/Information Technology Services Administration and Management, Other";06;;;GLOBAL;cip
GL-11.0601;"Data Entry/Microcomputer Applications, General";"Data Entry/Microcomputer Applications, General";06;;;GLOBAL;cip
GL-11.0699;"Data Entry/Microcomputer Applications, Other";"Data Entry/Microcomputer Applications, Other";06;;;GLOBAL;cip
GL-11.0802;"Data Modeling/Warehousing and Database Administration";"Data Modeling/Warehousing and Database Administration";06;;;GLOBAL;cip
GL-11.0301;"Data Processing and Data Processing Technology/Technician";"Data Processing and Data Processing Technology/Technician";06;;;GLOBAL;cip
GL-10.0301;"Graphic Communications, General";"Graphic Communications, General";06;;;GLOBAL;cip
GL-10.0399;"Graphic Communications, Other";"Graphic Communications, Other";06;;;GLOBAL;cip
GL-10.0305;"Graphic and Printing Equipment Operator, General Production";"Graphic and Printing Equipment Operator, General Production";06;;;GLOBAL;cip
GL-11.0105;"Human-Centered Technology Design";"Human-Centered Technology Design";06;;;GLOBAL;cip
GL-11.0104;Informatics;Informatics;06;;;GLOBAL;cip
GL-11.0401;"Information Science/Studies";"Information Science/Studies";06;;;GLOBAL;cip
GL-11.0103;"Information Technology";"Information Technology";06;;;GLOBAL;cip
GL-11.1005;"Information Technology Project Management";"Information Technology Project Management";06;;;GLOBAL;cip
GL-11.0804;"Modeling, Virtual Environments and Simulation";"Modeling, Virtual Environments and Simulation";06;;;GLOBAL;cip
GL-11.1001;"Network and System Administration/Administrator";"Network and System Administration/Administrator";06;;;GLOBAL;cip
GL-10.0201;"Photographic and Film/Video Technology/Technician";"Photographic and Film/Video Technology/Technician";06;;;GLOBAL;cip
GL-10.0306;Platemaker/Imager;Platemaker/Imager;06;;;GLOBAL;cip
GL-10.0303;"Prepress/Desktop Publishing and Digital Imaging Design";"Prepress/Desktop Publishing and Digital Imaging Design";06;;;GLOBAL;cip
GL-10.0302;"Printing Management";"Printing Management";06;;;GLOBAL;cip
GL-10.0307;"Printing Press Operator";"Printing Press Operator";06;;;GLOBAL;cip
GL-10.0202;"Radio and Television Broadcasting Technology/Technician";"Radio and Television Broadcasting Technology/Technician";06;;;GLOBAL;cip
GL-10.0203;"Recording Arts Technology/Technician";"Recording Arts Technology/Technician";06;;;GLOBAL;cip
GL-11.1002;"System, Networking, and LAN/WAN Management/Manager";"System, Networking, and LAN/WAN Management/Manager";06;;;GLOBAL;cip
GL-10.0204;"Voice Writing Technology/Technician";"Voice Writing Technology/Technician";06;;;GLOBAL;cip
GL-11.0801;"Web Page, Digital/Multimedia and Information Resources Design";"Web Page, Digital/Multimedia and Information Resources Design";06;;;GLOBAL;cip
GL-11.1004;"Web/Multimedia Management and Webmaster";"Web/Multimedia Management and Webmaster";06;;;GLOBAL;cip
GL-11.0602;"Word Processing";"Word Processing";06;;;GLOBAL;cip
GL-15.1307;"3-D Modeling and Design Technology/Technician";"3-D Modeling and Design Technology/Technician";07;;;GLOBAL;cip
GL-15.0801;"Aeronautical/Aerospace Engineering Technology/Technician";"Aeronautical/Aerospace Engineering Technology/Technician";07;;;GLOBAL;cip
GL-14.0201;"Aerospace, Aeronautical, and Astronautical/Space Engineering, General";"Aerospace, Aeronautical, and Astronautical/Space Engineering, General";07;;;GLOBAL;cip
GL-14.0299;"Aerospace, Aeronautical, and Astronautical/Space Engineering, Other";"Aerospace, Aeronautical, and Astronautical/Space Engineering, Other";07;;;GLOBAL;cip
GL-14.0301;"Agricultural Engineering";"Agricultural Engineering";07;;;GLOBAL;cip
GL-47.0608;"Aircraft Powerplant Technology/Technician";"Aircraft Powerplant Technology/Technician";07;;;GLOBAL;cip
GL-47.0607;"Airframe Mechanics and Aircraft Maintenance Technology/Technician";"Airframe Mechanics and Aircraft Maintenance Technology/Technician";07;;;GLOBAL;cip
GL-47.0614;"Alternative Fuel Vehicle Technology/Technician";"Alternative Fuel Vehicle Technology/Technician";07;;;GLOBAL;cip
GL-47.0106;"Appliance Installation and Repair Technology/Technician";"Appliance Installation and Repair Technology/Technician";07;;;GLOBAL;cip
GL-14.0103;"Applied Engineering";"Applied Engineering";07;;;GLOBAL;cip
GL-15.0001;"Applied Engineering Technologies/Technicians";"Applied Engineering Technologies/Technicians";07;;;GLOBAL;cip
GL-04.0802;"Architectural Conservation";"Architectural Conservation";07;;;GLOBAL;cip
GL-04.0202;"Architectural Design";"Architectural Design";07;;;GLOBAL;cip
GL-15.1303;"Architectural Drafting and Architectural CAD/CADD";"Architectural Drafting and Architectural CAD/CADD";07;;;GLOBAL;cip
GL-14.0401;"Architectural Engineering";"Architectural Engineering";07;;;GLOBAL;cip
GL-15.0101;"Architectural Engineering Technologies/Technicians";"Architectural Engineering Technologies/Technicians";07;;;GLOBAL;cip
GL-04.0801;"Architectural History and Criticism, General";"Architectural History and Criticism, General";07;;;GLOBAL;cip
GL-04.0899;"Architectural History, Criticism, and Conservation, Other";"Architectural History, Criticism, and Conservation, Other";07;;;GLOBAL;cip
GL-04.0999;"Architectural Sciences and Technology, Other";"Architectural Sciences and Technology, Other";07;;;GLOBAL;cip
GL-04.0803;"Architectural Studies";"Architectural Studies";07;;;GLOBAL;cip
GL-04.0901;"Architectural Technology/Technician";"Architectural Technology/Technician";07;;;GLOBAL;cip
GL-04.0902;"Architectural and Building Sciences/Technology";"Architectural and Building Sciences/Technology";07;;;GLOBAL;cip
GL-04.0201;Architecture;Architecture;07;;;GLOBAL;cip
GL-04.9999;"Architecture and Related Services, Other";"Architecture and Related Services, Other";07;;;GLOBAL;cip
GL-04.0299;"Architecture, Other";"Architecture, Other";07;;;GLOBAL;cip
GL-14.0202;"Astronautical Engineering";"Astronautical Engineering";07;;;GLOBAL;cip
GL-15.0307;"Audio Engineering Technology/Technician";"Audio Engineering Technology/Technician";07;;;GLOBAL;cip
GL-47.0603;"Autobody/Collision and Repair Technology/Technician";"Autobody/Collision and Repair Technology/Technician";07;;;GLOBAL;cip
GL-15.0406;"Automation Engineer Technology/Technician";"Automation Engineer Technology/Technician";07;;;GLOBAL;cip
GL-47.0604;"Automobile/Automotive Mechanics Technology/Technician";"Automobile/Automotive Mechanics Technology/Technician";07;;;GLOBAL;cip
GL-15.0803;"Automotive Engineering Technology/Technician";"Automotive Engineering Technology/Technician";07;;;GLOBAL;cip
GL-47.0609;"Avionics Maintenance Technology/Technician";"Avionics Maintenance Technology/Technician";07;;;GLOBAL;cip
GL-47.0610;"Bicycle Mechanics and Repair Technology/Technician";"Bicycle Mechanics and Repair Technology/Technician";07;;;GLOBAL;cip
GL-14.4301;"Biochemical Engineering";"Biochemical Engineering";07;;;GLOBAL;cip
GL-14.0501;"Bioengineering and Biomedical Engineering";"Bioengineering and Biomedical Engineering";07;;;GLOBAL;cip
GL-14.4501;"Biological/Biosystems Engineering";"Biological/Biosystems Engineering";07;;;GLOBAL;cip
GL-15.0401;"Biomedical Technology/Technician";"Biomedical Technology/Technician";07;;;GLOBAL;cip
GL-46.0505;Blasting/Blaster;Blasting/Blaster;07;;;GLOBAL;cip
GL-48.0801;Boilermaking/Boilermaker;Boilermaking/Boilermaker;07;;;GLOBAL;cip
GL-46.0415;"Building Construction Technology/Technician";"Building Construction Technology/Technician";07;;;GLOBAL;cip
GL-46.0499;"Building/Construction Finishing, Management, and Inspection, Other";"Building/Construction Finishing, Management, and Inspection, Other";07;;;GLOBAL;cip
GL-46.0412;"Building/Construction Site Management/Manager";"Building/Construction Site Management/Manager";07;;;GLOBAL;cip
GL-46.0403;"Building/Home/Construction Inspection/Inspector";"Building/Home/Construction Inspection/Inspector";07;;;GLOBAL;cip
GL-46.0401;"Building/Property Maintenance";"Building/Property Maintenance";07;;;GLOBAL;cip
GL-47.0102;"Business Machine Repair";"Business Machine Repair";07;;;GLOBAL;cip
GL-15.1302;"CAD/CADD Drafting and/or Design Technology/Technician";"CAD/CADD Drafting and/or Design Technology/Technician";07;;;GLOBAL;cip
GL-48.0703;"Cabinetmaking and Millwork";"Cabinetmaking and Millwork";07;;;GLOBAL;cip
GL-46.0201;Carpentry/Carpenter;Carpentry/Carpenter;07;;;GLOBAL;cip
GL-46.0413;"Carpet, Floor, and Tile Worker";"Carpet, Floor, and Tile Worker";07;;;GLOBAL;cip
GL-14.0601;"Ceramic Sciences and Engineering";"Ceramic Sciences and Engineering";07;;;GLOBAL;cip
GL-14.0701;"Chemical Engineering";"Chemical Engineering";07;;;GLOBAL;cip
GL-15.0615;"Chemical Engineering Technology/Technician";"Chemical Engineering Technology/Technician";07;;;GLOBAL;cip
GL-14.0799;"Chemical Engineering, Other";"Chemical Engineering, Other";07;;;GLOBAL;cip
GL-14.0702;"Chemical and Biomolecular Engineering";"Chemical and Biomolecular Engineering";07;;;GLOBAL;cip
GL-04.0301;"City/Urban, Community, and Regional Planning";"City/Urban, Community, and Regional Planning";07;;;GLOBAL;cip
GL-15.1304;"Civil Drafting and Civil Engineering CAD/CADD";"Civil Drafting and Civil Engineering CAD/CADD";07;;;GLOBAL;cip
GL-15.0201;"Civil Engineering Technologies/Technicians";"Civil Engineering Technologies/Technicians";07;;;GLOBAL;cip
GL-14.0801;"Civil Engineering, General";"Civil Engineering, General";07;;;GLOBAL;cip
GL-14.0899;"Civil Engineering, Other";"Civil Engineering, Other";07;;;GLOBAL;cip
GL-47.0103;"Communications Systems Installation and Repair Technology/Technician";"Communications Systems Installation and Repair Technology/Technician";07;;;GLOBAL;cip
GL-15.0617;"Composite Materials Technology/Technician";"Composite Materials Technology/Technician";07;;;GLOBAL;cip
GL-15.1299;"Computer Engineering Technologies/Technicians, Other";"Computer Engineering Technologies/Technicians, Other";07;;;GLOBAL;cip
GL-15.1201;"Computer Engineering Technology/Technician";"Computer Engineering Technology/Technician";07;;;GLOBAL;cip
GL-14.0901;"Computer Engineering, General";"Computer Engineering, General";07;;;GLOBAL;cip
GL-14.0999;"Computer Engineering, Other";"Computer Engineering, Other";07;;;GLOBAL;cip
GL-14.0902;"Computer Hardware Engineering";"Computer Hardware Engineering";07;;;GLOBAL;cip
GL-15.1203;"Computer Hardware Technology/Technician";"Computer Hardware Technology/Technician";07;;;GLOBAL;cip
GL-47.0104;"Computer Installation and Repair Technology/Technician";"Computer Installation and Repair Technology/Technician";07;;;GLOBAL;cip
GL-48.0510;"Computer Numerically Controlled (CNC) Machinist Technology/CNC Machinist";"Computer Numerically Controlled (CNC) Machinist Technology/CNC Machinist";07;;;GLOBAL;cip
GL-14.0903;"Computer Software Engineering";"Computer Software Engineering";07;;;GLOBAL;cip
GL-15.1204;"Computer Software Technology/Technician";"Computer Software Technology/Technician";07;;;GLOBAL;cip
GL-15.1202;"Computer/Computer Systems Technology/Technician";"Computer/Computer Systems Technology/Technician";07;;;GLOBAL;cip
GL-46.0402;"Concrete Finishing/Concrete Finisher";"Concrete Finishing/Concrete Finisher";07;;;GLOBAL;cip
GL-14.3301;"Construction Engineering";"Construction Engineering";07;;;GLOBAL;cip
GL-15.1001;"Construction Engineering Technology/Technician";"Construction Engineering Technology/Technician";07;;;GLOBAL;cip
GL-46.0000;"Construction Trades, General";"Construction Trades, General";07;;;GLOBAL;cip
GL-46.9999;"Construction Trades, Other";"Construction Trades, Other";07;;;GLOBAL;cip
GL-47.0605;"Diesel Mechanics Technology/Technician";"Diesel Mechanics Technology/Technician";07;;;GLOBAL;cip
GL-15.1301;"Drafting and Design Technology/Technician, General";"Drafting and Design Technology/Technician, General";07;;;GLOBAL;cip
GL-15.1399;"Drafting/Design Engineering Technologies/Technicians, Other";"Drafting/Design Engineering Technologies/Technicians, Other";07;;;GLOBAL;cip
GL-46.0404;"Drywall Installation/Drywaller";"Drywall Installation/Drywaller";07;;;GLOBAL;cip
GL-14.4701;"Electrical and Computer Engineering";"Electrical and Computer Engineering";07;;;GLOBAL;cip
GL-14.1001;"Electrical and Electronics Engineering";"Electrical and Electronics Engineering";07;;;GLOBAL;cip
GL-46.0301;"Electrical and Power Transmission Installation/Installer, General";"Electrical and Power Transmission Installation/Installer, General";07;;;GLOBAL;cip
GL-46.0399;"Electrical and Power Transmission Installers, Other";"Electrical and Power Transmission Installers, Other";07;;;GLOBAL;cip
GL-15.0303;"Electrical, Electronic, and Communications Engineering Technology/Technician";"Electrical, Electronic, and Communications Engineering Technology/Technician";07;;;GLOBAL;cip
GL-14.1099;"Electrical, Electronics, and Communications Engineering, Other";"Electrical, Electronics, and Communications Engineering, Other";07;;;GLOBAL;cip
GL-15.0399;"Electrical/Electronic Engineering Technologies/Technicians, Other";"Electrical/Electronic Engineering Technologies/Technicians, Other";07;;;GLOBAL;cip
GL-15.1305;"Electrical/Electronics Drafting and Electrical/Electronics CAD/CADD";"Electrical/Electronics Drafting and Electrical/Electronics CAD/CADD";07;;;GLOBAL;cip
GL-47.0101;"Electrical/Electronics Equipment Installation and Repair Technology/Technician, General";"Electrical/Electronics Equipment Installation and Repair Technology/Technician, General";07;;;GLOBAL;cip
GL-47.0199;"Electrical/Electronics Maintenance and Repair Technologies/Technicians, Other";"Electrical/Electronics Maintenance and Repair Technologies/Technicians, Other";07;;;GLOBAL;cip
GL-46.0302;Electrician;Electrician;07;;;GLOBAL;cip
GL-14.4101;"Electromechanical Engineering";"Electromechanical Engineering";07;;;GLOBAL;cip
GL-15.0499;"Electromechanical Technologies/Technicians, Other";"Electromechanical Technologies/Technicians, Other";07;;;GLOBAL;cip
GL-15.0403;"Electromechanical/Electromechanical Engineering Technology/Technician";"Electromechanical/Electromechanical Engineering Technology/Technician";07;;;GLOBAL;cip
GL-15.0503;"Energy Management and Systems Technology/Technician";"Energy Management and Systems Technology/Technician";07;;;GLOBAL;cip
GL-14.4801;"Energy Systems Engineering, General";"Energy Systems Engineering, General";07;;;GLOBAL;cip
GL-14.4899;"Energy Systems Engineering, Other";"Energy Systems Engineering, Other";07;;;GLOBAL;cip
GL-47.0701;"Energy Systems Installation and Repair Technology/Technician";"Energy Systems Installation and Repair Technology/Technician";07;;;GLOBAL;cip
GL-47.0799;"Energy Systems Maintenance and Repair Technologies/Technicians, Other";"Energy Systems Maintenance and Repair Technologies/Technicians, Other";07;;;GLOBAL;cip
GL-15.1799;"Energy Systems Technologies/Technicians, Other";"Energy Systems Technologies/Technicians, Other";07;;;GLOBAL;cip
GL-15.1701;"Energy Systems Technology/Technician";"Energy Systems Technology/Technician";07;;;GLOBAL;cip
GL-47.0615;"Engine Machinist";"Engine Machinist";07;;;GLOBAL;cip
GL-14.4401;"Engineering Chemistry";"Engineering Chemistry";07;;;GLOBAL;cip
GL-15.1502;"Engineering Design";"Engineering Design";07;;;GLOBAL;cip
GL-14.1101;"Engineering Mechanics";"Engineering Mechanics";07;;;GLOBAL;cip
GL-14.1201;"Engineering Physics/Applied Physics";"Engineering Physics/Applied Physics";07;;;GLOBAL;cip
GL-14.1301;"Engineering Science";"Engineering Science";07;;;GLOBAL;cip
GL-15.0000;"Engineering Technologies/Technicians, General";"Engineering Technologies/Technicians, General";07;;;GLOBAL;cip
GL-14.0101;"Engineering, General";"Engineering, General";07;;;GLOBAL;cip
GL-14.9999;"Engineering, Other";"Engineering, Other";07;;;GLOBAL;cip
GL-15.1599;"Engineering-Related Fields, Other";"Engineering-Related Fields, Other";07;;;GLOBAL;cip
GL-15.1199;"Engineering-Related Technologies/Technicians, Other";"Engineering-Related Technologies/Technicians, Other";07;;;GLOBAL;cip
GL-15.9999;"Engineering/Engineering-Related Technologies/Technicians, Other";"Engineering/Engineering-Related Technologies/Technicians, Other";07;;;GLOBAL;cip
GL-15.1501;"Engineering/Industrial Management";"Engineering/Industrial Management";07;;;GLOBAL;cip
GL-15.0599;"Environmental Control Technologies/Technicians, Other";"Environmental Control Technologies/Technicians, Other";07;;;GLOBAL;cip
GL-04.0499;"Environmental Design, Other";"Environmental Design, Other";07;;;GLOBAL;cip
GL-04.0401;"Environmental Design/Architecture";"Environmental Design/Architecture";07;;;GLOBAL;cip
GL-15.0507;"Environmental/Environmental Engineering Technology/Technician";"Environmental/Environmental Engineering Technology/Technician";07;;;GLOBAL;cip
GL-14.1401;"Environmental/Environmental Health Engineering";"Environmental/Environmental Health Engineering";07;;;GLOBAL;cip
GL-14.3401;"Forest Engineering";"Forest Engineering";07;;;GLOBAL;cip
GL-48.0702;"Furniture Design and Manufacturing";"Furniture Design and Manufacturing";07;;;GLOBAL;cip
GL-14.3901;"Geological/Geophysical Engineering";"Geological/Geophysical Engineering";07;;;GLOBAL;cip
GL-14.0802;"Geotechnical and Geoenvironmental Engineering";"Geotechnical and Geoenvironmental Engineering";07;;;GLOBAL;cip
GL-47.0706;"Geothermal Energy System Installation and Repair Technology/Technician";"Geothermal Energy System Installation and Repair Technology/Technician";07;;;GLOBAL;cip
GL-15.1706;"Geothermal Energy Technology/Technician";"Geothermal Energy Technology/Technician";07;;;GLOBAL;cip
GL-46.0406;Glazier;Glazier;07;;;GLOBAL;cip
GL-47.0402;Gunsmithing/Gunsmith;Gunsmithing/Gunsmith;07;;;GLOBAL;cip
GL-15.0704;"Hazardous Materials Information Systems Technology/Technician";"Hazardous Materials Information Systems Technology/Technician";07;;;GLOBAL;cip
GL-15.0508;"Hazardous Materials Management and Waste Technology/Technician";"Hazardous Materials Management and Waste Technology/Technician";07;;;GLOBAL;cip
GL-04.0402;"Healthcare Environment Design/Architecture";"Healthcare Environment Design/Architecture";07;;;GLOBAL;cip
GL-47.0201;"Heating, Air Conditioning, Ventilation and Refrigeration Maintenance Technology/Technician";"Heating, Air Conditioning, Ventilation and Refrigeration Maintenance Technology/Technician";07;;;GLOBAL;cip
GL-15.0501;"Heating, Ventilation, Air Conditioning and Refrigeration Engineering Technology/Technician";"Heating, Ventilation, Air Conditioning and Refrigeration Engineering Technology/Technician";07;;;GLOBAL;cip
GL-47.0302;"Heavy Equipment Maintenance Technology/Technician";"Heavy Equipment Maintenance Technology/Technician";07;;;GLOBAL;cip
GL-47.0399;"Heavy/Industrial Equipment Maintenance Technologies/Technicians, Other";"Heavy/Industrial Equipment Maintenance Technologies/Technicians, Other";07;;;GLOBAL;cip
GL-47.0617;"High Performance and Custom Engine Technician/Mechanic";"High Performance and Custom Engine Technician/Mechanic";07;;;GLOBAL;cip
GL-15.1103;"Hydraulics and Fluid Power Technology/Technician";"Hydraulics and Fluid Power Technology/Technician";07;;;GLOBAL;cip
GL-47.0705;"Hydroelectric Energy System Installation and Repair Technology/Technician";"Hydroelectric Energy System Installation and Repair Technology/Technician";07;;;GLOBAL;cip
GL-15.1705;"Hydroelectric Energy Technology/Technician";"Hydroelectric Energy Technology/Technician";07;;;GLOBAL;cip
GL-47.0105;"Industrial Electronics Technology/Technician";"Industrial Electronics Technology/Technician";07;;;GLOBAL;cip
GL-14.3501;"Industrial Engineering";"Industrial Engineering";07;;;GLOBAL;cip
GL-47.0303;"Industrial Mechanics and Maintenance Technology/Technician";"Industrial Mechanics and Maintenance Technology/Technician";07;;;GLOBAL;cip
GL-15.0699;"Industrial Production Technologies/Technicians, Other";"Industrial Production Technologies/Technicians, Other";07;;;GLOBAL;cip
GL-15.0703;"Industrial Safety Technology/Technician";"Industrial Safety Technology/Technician";07;;;GLOBAL;cip
GL-15.0612;"Industrial Technology/Technician";"Industrial Technology/Technician";07;;;GLOBAL;cip
GL-15.0404;"Instrumentation Technology/Technician";"Instrumentation Technology/Technician";07;;;GLOBAL;cip
GL-46.0414;Insulator;Insulator;07;;;GLOBAL;cip
GL-15.0306;"Integrated Circuit Design Technology/Technician";"Integrated Circuit Design Technology/Technician";07;;;GLOBAL;cip
GL-04.0501;"Interior Architecture";"Interior Architecture";07;;;GLOBAL;cip
GL-48.0509;Ironworking/Ironworker;Ironworking/Ironworker;07;;;GLOBAL;cip
GL-04.0601;"Landscape Architecture";"Landscape Architecture";07;;;GLOBAL;cip
GL-14.1003;"Laser and Optical Engineering";"Laser and Optical Engineering";07;;;GLOBAL;cip
GL-15.0304;"Laser and Optical Technology/Technician";"Laser and Optical Technology/Technician";07;;;GLOBAL;cip
GL-48.0399;"Leatherworking and Upholstery, Other";"Leatherworking and Upholstery, Other";07;;;GLOBAL;cip
GL-46.0303;Lineworker;Lineworker;07;;;GLOBAL;cip
GL-47.0403;"Locksmithing and Safe Repair";"Locksmithing and Safe Repair";07;;;GLOBAL;cip
GL-48.0503;"Machine Shop Technology/Assistant";"Machine Shop Technology/Assistant";07;;;GLOBAL;cip
GL-48.0501;"Machine Tool Technology/Machinist";"Machine Tool Technology/Machinist";07;;;GLOBAL;cip
GL-14.3601;"Manufacturing Engineering";"Manufacturing Engineering";07;;;GLOBAL;cip
GL-15.0613;"Manufacturing Engineering Technology/Technician";"Manufacturing Engineering Technology/Technician";07;;;GLOBAL;cip
GL-15.0806;"Marine Engineering Technology/Technician";"Marine Engineering Technology/Technician";07;;;GLOBAL;cip
GL-47.0616;"Marine Maintenance/Fitter and Ship Repair Technology/Technician";"Marine Maintenance/Fitter and Ship Repair Technology/Technician";07;;;GLOBAL;cip
GL-46.0101;Mason/Masonry;Mason/Masonry;07;;;GLOBAL;cip
GL-14.1801;"Materials Engineering";"Materials Engineering";07;;;GLOBAL;cip
GL-47.9999;"Mechanic and Repair Technologies/Technicians, Other";"Mechanic and Repair Technologies/Technicians, Other";07;;;GLOBAL;cip
GL-15.1306;"Mechanical Drafting and Mechanical Drafting CAD/CADD";"Mechanical Drafting and Mechanical Drafting CAD/CADD";07;;;GLOBAL;cip
GL-14.1901;"Mechanical Engineering";"Mechanical Engineering";07;;;GLOBAL;cip
GL-15.0899;"Mechanical Engineering Related Technologies/Technicians, Other";"Mechanical Engineering Related Technologies/Technicians, Other";07;;;GLOBAL;cip
GL-15.0805;"Mechanical/Mechanical Engineering Technology/Technician";"Mechanical/Mechanical Engineering Technology/Technician";07;;;GLOBAL;cip
GL-47.0000;"Mechanics and Repairers, General";"Mechanics and Repairers, General";07;;;GLOBAL;cip
GL-14.4201;"Mechatronics, Robotics, and Automation Engineering";"Mechatronics, Robotics, and Automation Engineering";07;;;GLOBAL;cip
GL-15.0407;"Mechatronics, Robotics, and Automation Engineering Technology/Technician";"Mechatronics, Robotics, and Automation Engineering Technology/Technician";07;;;GLOBAL;cip
GL-47.0613;"Medium/Heavy Vehicle and Truck Technology/Technician";"Medium/Heavy Vehicle and Truck Technology/Technician";07;;;GLOBAL;cip
GL-46.0411;"Metal Building Assembly/Assembler";"Metal Building Assembly/Assembler";07;;;GLOBAL;cip
GL-48.0511;"Metal Fabricator";"Metal Fabricator";07;;;GLOBAL;cip
GL-14.2001;"Metallurgical Engineering";"Metallurgical Engineering";07;;;GLOBAL;cip
GL-15.0611;"Metallurgical Technology/Technician";"Metallurgical Technology/Technician";07;;;GLOBAL;cip
GL-15.0901;"Mining Technology/Technician";"Mining Technology/Technician";07;;;GLOBAL;cip
GL-14.2101;"Mining and Mineral Engineering";"Mining and Mineral Engineering";07;;;GLOBAL;cip
GL-15.0999;"Mining and Petroleum Technologies/Technicians, Other";"Mining and Petroleum Technologies/Technicians, Other";07;;;GLOBAL;cip
GL-47.0611;"Motorcycle Maintenance and Repair Technology/Technician";"Motorcycle Maintenance and Repair Technology/Technician";07;;;GLOBAL;cip
GL-15.0807;"Motorsports Engineering Technology/Technician";"Motorsports Engineering Technology/Technician";07;;;GLOBAL;cip
GL-47.0404;"Musical Instrument Fabrication and Repair";"Musical Instrument Fabrication and Repair";07;;;GLOBAL;cip
GL-15.1601;Nanotechnology;Nanotechnology;07;;;GLOBAL;cip
GL-14.2201;"Naval Architecture and Marine Engineering";"Naval Architecture and Marine Engineering";07;;;GLOBAL;cip
GL-14.2301;"Nuclear Engineering";"Nuclear Engineering";07;;;GLOBAL;cip
GL-15.1401;"Nuclear Engineering Technology/Technician";"Nuclear Engineering Technology/Technician";07;;;GLOBAL;cip
GL-15.0701;"Occupational Safety and Health Technology/Technician";"Occupational Safety and Health Technology/Technician";07;;;GLOBAL;cip
GL-14.2401;"Ocean Engineering";"Ocean Engineering";07;;;GLOBAL;cip
GL-14.3701;"Operations Research";"Operations Research";07;;;GLOBAL;cip
GL-15.1503;"Packaging Science";"Packaging Science";07;;;GLOBAL;cip
GL-46.0408;"Painting/Painter and Wall Coverer";"Painting/Painter and Wall Coverer";07;;;GLOBAL;cip
GL-14.4001;"Paper Science and Engineering";"Paper Science and Engineering";07;;;GLOBAL;cip
GL-47.0409;"Parts and Warehousing Operations and Maintenance Technology/Technician";"Parts and Warehousing Operations and Maintenance Technology/Technician";07;;;GLOBAL;cip
GL-14.2501;"Petroleum Engineering";"Petroleum Engineering";07;;;GLOBAL;cip
GL-15.0903;"Petroleum Technology/Technician";"Petroleum Technology/Technician";07;;;GLOBAL;cip
GL-46.0502;"Pipefitting/Pipefitter and Sprinkler Fitter";"Pipefitting/Pipefitter and Sprinkler Fitter";07;;;GLOBAL;cip
GL-15.0607;"Plastics and Polymer Engineering Technology/Technician";"Plastics and Polymer Engineering Technology/Technician";07;;;GLOBAL;cip
GL-46.0503;"Plumbing Technology/Plumber";"Plumbing Technology/Plumber";07;;;GLOBAL;cip
GL-46.0599;"Plumbing and Related Water Supply Services, Other";"Plumbing and Related Water Supply Services, Other";07;;;GLOBAL;cip
GL-14.3201;"Polymer/Plastics Engineering";"Polymer/Plastics Engineering";07;;;GLOBAL;cip
GL-14.4802;"Power Plant Engineering";"Power Plant Engineering";07;;;GLOBAL;cip
GL-15.1702;"Power Plant Technology/Technician";"Power Plant Technology/Technician";07;;;GLOBAL;cip
GL-04.0200;"Pre-Architecture Studies";"Pre-Architecture Studies";07;;;GLOBAL;cip
GL-14.0102;Pre-Engineering;Pre-Engineering;07;;;GLOBAL;cip
GL-48.0599;"Precision Metal Working, Other";"Precision Metal Working, Other";07;;;GLOBAL;cip
GL-48.0000;"Precision Production Trades, General";"Precision Production Trades, General";07;;;GLOBAL;cip
GL-48.9999;"Precision Production, Other";"Precision Production, Other";07;;;GLOBAL;cip
GL-47.0499;"Precision Systems Maintenance and Repair Technologies/Technicians, Other";"Precision Systems Maintenance and Repair Technologies/Technicians, Other";07;;;GLOBAL;cip
GL-15.0705;"Process Safety Technology/Technician";"Process Safety Technology/Technician";07;;;GLOBAL;cip
GL-15.0702;"Quality Control Technology/Technician";"Quality Control Technology/Technician";07;;;GLOBAL;cip
GL-15.0799;"Quality Control and Safety Technologies/Technicians, Other";"Quality Control and Safety Technologies/Technicians, Other";07;;;GLOBAL;cip
GL-04.1001;"Real Estate Development";"Real Estate Development";07;;;GLOBAL;cip
GL-47.0618;"Recreation Vehicle (RV) Service Technician";"Recreation Vehicle (RV) Service Technician";07;;;GLOBAL;cip
GL-15.0405;"Robotics Technology/Technician";"Robotics Technology/Technician";07;;;GLOBAL;cip
GL-46.0410;Roofer;Roofer;07;;;GLOBAL;cip
GL-47.0110;"Security System Installation, Repair, and Inspection Technology/Technician";"Security System Installation, Repair, and Inspection Technology/Technician";07;;;GLOBAL;cip
GL-15.0616;"Semiconductor Manufacturing Technology/Technician";"Semiconductor Manufacturing Technology/Technician";07;;;GLOBAL;cip
GL-48.0506;"Sheet Metal Technology/Sheetworking";"Sheet Metal Technology/Sheetworking";07;;;GLOBAL;cip
GL-48.0304;"Shoe, Boot and Leather Repair";"Shoe, Boot and Leather Repair";07;;;GLOBAL;cip
GL-47.0606;"Small Engine Mechanics and Repair Technology/Technician";"Small Engine Mechanics and Repair Technology/Technician";07;;;GLOBAL;cip
GL-47.0703;"Solar Energy System Installation and Repair Technology/Technician";"Solar Energy System Installation and Repair Technology/Technician";07;;;GLOBAL;cip
GL-15.0505;"Solar Energy Technology/Technician";"Solar Energy Technology/Technician";07;;;GLOBAL;cip
GL-15.1703;"Solar Energy Technology/Technician";"Solar Energy Technology/Technician";07;;;GLOBAL;cip
GL-14.0803;"Structural Engineering";"Structural Engineering";07;;;GLOBAL;cip
GL-14.3801;"Surveying Engineering";"Surveying Engineering";07;;;GLOBAL;cip
GL-15.1102;"Surveying Technology/Surveying";"Surveying Technology/Surveying";07;;;GLOBAL;cip
GL-04.0403;"Sustainable Design/Architecture";"Sustainable Design/Architecture";07;;;GLOBAL;cip
GL-14.2701;"Systems Engineering";"Systems Engineering";07;;;GLOBAL;cip
GL-14.1004;"Telecommunications Engineering";"Telecommunications Engineering";07;;;GLOBAL;cip
GL-15.0305;"Telecommunications Technology/Technician";"Telecommunications Technology/Technician";07;;;GLOBAL;cip
GL-14.2801;"Textile Sciences and Engineering";"Textile Sciences and Engineering";07;;;GLOBAL;cip
GL-48.0507;"Tool and Die Technology/Technician";"Tool and Die Technology/Technician";07;;;GLOBAL;cip
GL-14.0804;"Transportation and Highway Engineering";"Transportation and Highway Engineering";07;;;GLOBAL;cip
GL-48.0303;Upholstery/Upholsterer;Upholstery/Upholsterer;07;;;GLOBAL;cip
GL-47.0612;"Vehicle Emissions Inspection and Maintenance Technology/Technician";"Vehicle Emissions Inspection and Maintenance Technology/Technician";07;;;GLOBAL;cip
GL-47.0699;"Vehicle Maintenance and Repair Technologies/Technicians, Other";"Vehicle Maintenance and Repair Technologies/Technicians, Other";07;;;GLOBAL;cip
GL-47.0600;"Vehicle Maintenance and Repair Technology/Technician, General";"Vehicle Maintenance and Repair Technology/Technician, General";07;;;GLOBAL;cip
GL-47.0408;"Watchmaking and Jewelrymaking";"Watchmaking and Jewelrymaking";07;;;GLOBAL;cip
GL-15.0506;"Water Quality and Wastewater Treatment Management and Recycling Technology/Technician";"Water Quality and Wastewater Treatment Management and Recycling Technology/Technician";07;;;GLOBAL;cip
GL-14.0805;"Water Resources Engineering";"Water Resources Engineering";07;;;GLOBAL;cip
GL-15.0614;"Welding Engineering Technology/Technician";"Welding Engineering Technology/Technician";07;;;GLOBAL;cip
GL-48.0508;"Welding Technology/Welder";"Welding Technology/Welder";07;;;GLOBAL;cip
GL-46.0504;"Well Drilling/Driller";"Well Drilling/Driller";07;;;GLOBAL;cip
GL-47.0704;"Wind Energy System Installation and Repair Technology/Technician";"Wind Energy System Installation and Repair Technology/Technician";07;;;GLOBAL;cip
GL-15.1704;"Wind Energy Technology/Technician";"Wind Energy Technology/Technician";07;;;GLOBAL;cip
GL-48.0704;"Wooden Boatbuilding Technology/Technician";"Wooden Boatbuilding Technology/Technician";07;;;GLOBAL;cip
GL-48.0701;"Woodworking, General";"Woodworking, General";07;;;GLOBAL;cip
GL-48.0799;"Woodworking, Other";"Woodworking, Other";07;;;GLOBAL;cip
GL-01.0102;"Agribusiness/Agricultural Business Operations";"Agribusiness/Agricultural Business Operations";08;;;GLOBAL;cip
GL-01.0902;"Agricultural Animal Breeding";"Agricultural Animal Breeding";08;;;GLOBAL;cip
GL-01.0106;"Agricultural Business Technology/Technician";"Agricultural Business Technology/Technician";08;;;GLOBAL;cip
GL-01.0101;"Agricultural Business and Management, General";"Agricultural Business and Management, General";08;;;GLOBAL;cip
GL-01.0199;"Agricultural Business and Management, Other";"Agricultural Business and Management, Other";08;;;GLOBAL;cip
GL-01.0802;"Agricultural Communication/Journalism";"Agricultural Communication/Journalism";08;;;GLOBAL;cip
GL-01.0103;"Agricultural Economics";"Agricultural Economics";08;;;GLOBAL;cip
GL-01.0205;"Agricultural Mechanics and Equipment/Machine Technology/Technician";"Agricultural Mechanics and Equipment/Machine Technology/Technician";08;;;GLOBAL;cip
GL-01.0201;"Agricultural Mechanization, General";"Agricultural Mechanization, General";08;;;GLOBAL;cip
GL-01.0299;"Agricultural Mechanization, Other";"Agricultural Mechanization, Other";08;;;GLOBAL;cip
GL-01.0204;"Agricultural Power Machinery Operation";"Agricultural Power Machinery Operation";08;;;GLOBAL;cip
GL-01.0301;"Agricultural Production Operations, General";"Agricultural Production Operations, General";08;;;GLOBAL;cip
GL-01.0399;"Agricultural Production Operations, Other";"Agricultural Production Operations, Other";08;;;GLOBAL;cip
GL-01.0899;"Agricultural Public Services, Other";"Agricultural Public Services, Other";08;;;GLOBAL;cip
GL-01.0599;"Agricultural and Domestic Animal Services, Other";"Agricultural and Domestic Animal Services, Other";08;;;GLOBAL;cip
GL-01.0801;"Agricultural and Extension Education Services";"Agricultural and Extension Education Services";08;;;GLOBAL;cip
GL-01.0401;"Agricultural and Food Products Processing";"Agricultural and Food Products Processing";08;;;GLOBAL;cip
GL-01.1104;"Agricultural and Horticultural Plant Breeding";"Agricultural and Horticultural Plant Breeding";08;;;GLOBAL;cip
GL-01.9999;"Agricultural/Animal/Plant/Veterinary Science and Related Fields, Other";"Agricultural/Animal/Plant/Veterinary Science and Related Fields, Other";08;;;GLOBAL;cip
GL-01.0105;"Agricultural/Farm Supplies Retailing and Wholesaling";"Agricultural/Farm Supplies Retailing and Wholesaling";08;;;GLOBAL;cip
GL-01.0000;"Agriculture, General";"Agriculture, General";08;;;GLOBAL;cip
GL-01.1399;"Agriculture/Veterinary Preparatory Programs, Other";"Agriculture/Veterinary Preparatory Programs, Other";08;;;GLOBAL;cip
GL-01.0308;"Agroecology and Sustainable Agriculture";"Agroecology and Sustainable Agriculture";08;;;GLOBAL;cip
GL-01.1102;"Agronomy and Crop Science";"Agronomy and Crop Science";08;;;GLOBAL;cip
GL-01.0903;"Animal Health";"Animal Health";08;;;GLOBAL;cip
GL-01.0904;"Animal Nutrition";"Animal Nutrition";08;;;GLOBAL;cip
GL-01.0901;"Animal Sciences, General";"Animal Sciences, General";08;;;GLOBAL;cip
GL-01.0999;"Animal Sciences, Other";"Animal Sciences, Other";08;;;GLOBAL;cip
GL-01.0505;"Animal Training";"Animal Training";08;;;GLOBAL;cip
GL-01.0302;"Animal/Livestock Husbandry and Production";"Animal/Livestock Husbandry and Production";08;;;GLOBAL;cip
GL-01.0310;Apiculture;Apiculture;08;;;GLOBAL;cip
GL-01.0699;"Applied Horticulture/Horticultural Business Services, Other";"Applied Horticulture/Horticultural Business Services, Other";08;;;GLOBAL;cip
GL-01.0601;"Applied Horticulture/Horticulture Operations, General";"Applied Horticulture/Horticulture Operations, General";08;;;GLOBAL;cip
GL-01.0303;Aquaculture;Aquaculture;08;;;GLOBAL;cip
GL-01.1003;"Brewing Science";"Brewing Science";08;;;GLOBAL;cip
GL-01.8102;"Comparative and Laboratory Animal Medicine";"Comparative and Laboratory Animal Medicine";08;;;GLOBAL;cip
GL-01.0304;"Crop Production";"Crop Production";08;;;GLOBAL;cip
GL-01.0306;"Dairy Husbandry and Production";"Dairy Husbandry and Production";08;;;GLOBAL;cip
GL-01.0905;"Dairy Science";"Dairy Science";08;;;GLOBAL;cip
GL-01.0504;"Dog/Pet/Animal Grooming";"Dog/Pet/Animal Grooming";08;;;GLOBAL;cip
GL-01.0507;"Equestrian/Equine Studies";"Equestrian/Equine Studies";08;;;GLOBAL;cip
GL-01.0104;"Farm/Farm and Ranch Management";"Farm/Farm and Ranch Management";08;;;GLOBAL;cip
GL-01.0509;"Farrier Science";"Farrier Science";08;;;GLOBAL;cip
GL-01.0608;"Floriculture/Floristry Operations and Management";"Floriculture/Floristry Operations and Management";08;;;GLOBAL;cip
GL-01.1001;"Food Science";"Food Science";08;;;GLOBAL;cip
GL-01.1099;"Food Science and Technology, Other";"Food Science and Technology, Other";08;;;GLOBAL;cip
GL-01.1002;"Food Technology and Processing";"Food Technology and Processing";08;;;GLOBAL;cip
GL-01.0604;"Greenhouse Operations and Management";"Greenhouse Operations and Management";08;;;GLOBAL;cip
GL-01.0307;"Horse Husbandry/Equine Science and Management";"Horse Husbandry/Equine Science and Management";08;;;GLOBAL;cip
GL-01.1103;"Horticultural Science";"Horticultural Science";08;;;GLOBAL;cip
GL-01.0701;"International Agriculture";"International Agriculture";08;;;GLOBAL;cip
GL-01.0207;"Irrigation Management Technology/Technician";"Irrigation Management Technology/Technician";08;;;GLOBAL;cip
GL-01.0605;"Landscaping and Groundskeeping";"Landscaping and Groundskeeping";08;;;GLOBAL;cip
GL-01.8103;"Large Animal/Food Animal and Equine Surgery and Medicine";"Large Animal/Food Animal and Equine Surgery and Medicine";08;;;GLOBAL;cip
GL-01.0906;"Livestock Management";"Livestock Management";08;;;GLOBAL;cip
GL-01.0603;"Ornamental Horticulture";"Ornamental Horticulture";08;;;GLOBAL;cip
GL-01.0606;"Plant Nursery Operations and Management";"Plant Nursery Operations and Management";08;;;GLOBAL;cip
GL-01.1105;"Plant Protection and Integrated Pest Management";"Plant Protection and Integrated Pest Management";08;;;GLOBAL;cip
GL-01.1101;"Plant Sciences, General";"Plant Sciences, General";08;;;GLOBAL;cip
GL-01.1199;"Plant Sciences, Other";"Plant Sciences, Other";08;;;GLOBAL;cip
GL-01.0907;"Poultry Science";"Poultry Science";08;;;GLOBAL;cip
GL-01.1302;"Pre-Veterinary Studies";"Pre-Veterinary Studies";08;;;GLOBAL;cip
GL-01.0609;"Public Horticulture";"Public Horticulture";08;;;GLOBAL;cip
GL-01.1106;"Range Science and Management";"Range Science and Management";08;;;GLOBAL;cip
GL-01.8104;"Small/Companion Animal Surgery and Medicine";"Small/Companion Animal Surgery and Medicine";08;;;GLOBAL;cip
GL-01.1202;"Soil Chemistry and Physics";"Soil Chemistry and Physics";08;;;GLOBAL;cip
GL-01.1203;"Soil Microbiology";"Soil Microbiology";08;;;GLOBAL;cip
GL-01.1201;"Soil Science and Agronomy, General";"Soil Science and Agronomy, General";08;;;GLOBAL;cip
GL-01.1299;"Soil Sciences, Other";"Soil Sciences, Other";08;;;GLOBAL;cip
GL-01.0508;Taxidermy/Taxidermist;Taxidermy/Taxidermist;08;;;GLOBAL;cip
GL-01.0607;"Turf and Turfgrass Management";"Turf and Turfgrass Management";08;;;GLOBAL;cip
GL-01.0610;"Urban and Community Horticulture";"Urban and Community Horticulture";08;;;GLOBAL;cip
GL-01.8201;"Veterinary Administrative Services, General";"Veterinary Administrative Services, General";08;;;GLOBAL;cip
GL-01.8299;"Veterinary Administrative Services, Other";"Veterinary Administrative Services, Other";08;;;GLOBAL;cip
GL-01.8204;"Veterinary Administrative/Executive Assistant and Veterinary Secretary";"Veterinary Administrative/Executive Assistant and Veterinary Secretary";08;;;GLOBAL;cip
GL-01.8105;"Veterinary Anatomy";"Veterinary Anatomy";08;;;GLOBAL;cip
GL-01.8199;"Veterinary Biomedical and Clinical Sciences, Other";"Veterinary Biomedical and Clinical Sciences, Other";08;;;GLOBAL;cip
GL-01.8106;"Veterinary Infectious Diseases";"Veterinary Infectious Diseases";08;;;GLOBAL;cip
GL-01.8001;"Veterinary Medicine";"Veterinary Medicine";08;;;GLOBAL;cip
GL-01.8107;"Veterinary Microbiology and Immunobiology";"Veterinary Microbiology and Immunobiology";08;;;GLOBAL;cip
GL-01.8202;"Veterinary Office Management/Administration";"Veterinary Office Management/Administration";08;;;GLOBAL;cip
GL-01.8108;"Veterinary Pathology and Pathobiology";"Veterinary Pathology and Pathobiology";08;;;GLOBAL;cip
GL-01.8109;"Veterinary Physiology";"Veterinary Physiology";08;;;GLOBAL;cip
GL-01.8110;"Veterinary Preventive Medicine, Epidemiology, and Public Health";"Veterinary Preventive Medicine, Epidemiology, and Public Health";08;;;GLOBAL;cip
GL-01.8203;"Veterinary Reception/Receptionist";"Veterinary Reception/Receptionist";08;;;GLOBAL;cip
GL-01.8101;"Veterinary Sciences/Veterinary Clinical Sciences, General";"Veterinary Sciences/Veterinary Clinical Sciences, General";08;;;GLOBAL;cip
GL-01.8111;"Veterinary Toxicology and Pharmacology";"Veterinary Toxicology and Pharmacology";08;;;GLOBAL;cip
GL-01.8399;"Veterinary/Animal Health Technologies/Technicians, Other";"Veterinary/Animal Health Technologies/Technicians, Other";08;;;GLOBAL;cip
GL-01.8301;"Veterinary/Animal Health Technology/Technician and Veterinary Assistant";"Veterinary/Animal Health Technology/Technician and Veterinary Assistant";08;;;GLOBAL;cip
GL-01.0309;"Viticulture and Enology";"Viticulture and Enology";08;;;GLOBAL;cip
GL-01.1004;"Viticulture and Enology";"Viticulture and Enology";08;;;GLOBAL;cip
GL-01.1005;"Zymology/Fermentation Science";"Zymology/Fermentation Science";08;;;GLOBAL;cip
GL-61.2603;"Abdominal Radiology Fellowship Program";"Abdominal Radiology Fellowship Program";09;;;GLOBAL;cip
GL-51.3301;"Acupuncture and Oriental Medicine";"Acupuncture and Oriental Medicine";09;;;GLOBAL;cip
GL-60.0903;"Acute Care Medicine Physician Assistant Residency/Fellowship Program";"Acute Care Medicine Physician Assistant Residency/Fellowship Program";09;;;GLOBAL;cip
GL-60.0703;"Acute Care Nurse Practitioner Residency/Fellowship Program";"Acute Care Nurse Practitioner Residency/Fellowship Program";09;;;GLOBAL;cip
GL-60.0904;"Acute Care Surgery Physician Assistant Residency/Fellowship Program";"Acute Care Surgery Physician Assistant Residency/Fellowship Program";09;;;GLOBAL;cip
GL-34.0104;"Addiction Prevention and Treatment";"Addiction Prevention and Treatment";09;;;GLOBAL;cip
GL-61.2402;"Addiction Psychiatry Fellowship Program";"Addiction Psychiatry Fellowship Program";09;;;GLOBAL;cip
GL-60.0501;"Addiction Psychiatry Residency Program";"Addiction Psychiatry Residency Program";09;;;GLOBAL;cip
GL-61.1902;"Adolescent Medicine Fellowship Program";"Adolescent Medicine Fellowship Program";09;;;GLOBAL;cip
GL-60.0502;"Adolescent Medicine Residency Program";"Adolescent Medicine Residency Program";09;;;GLOBAL;cip
GL-51.3803;"Adult Health Nurse/Nursing";"Adult Health Nurse/Nursing";09;;;GLOBAL;cip
GL-60.0704;"Adult/Gerontology Acute Care Nurse Practitioner Residency/Fellowship Program";"Adult/Gerontology Acute Care Nurse Practitioner Residency/Fellowship Program";09;;;GLOBAL;cip
GL-60.0705;"Adult/Gerontology Critical Care Nurse Practitioner Residency/Fellowship Program";"Adult/Gerontology Critical Care Nurse Practitioner Residency/Fellowship Program";09;;;GLOBAL;cip
GL-51.0502;"Advanced General Dentistry";"Advanced General Dentistry";09;;;GLOBAL;cip
GL-51.0599;"Advanced/Graduate Dentistry and Oral Sciences, Other";"Advanced/Graduate Dentistry and Oral Sciences, Other";09;;;GLOBAL;cip
GL-60.0401;"Aerospace Medicine Residency Program";"Aerospace Medicine Residency Program";09;;;GLOBAL;cip
GL-61.2302;"Aerospace Medicine Residency Program";"Aerospace Medicine Residency Program";09;;;GLOBAL;cip
GL-61.0301;"Allergy and Immunology Fellowship Program";"Allergy and Immunology Fellowship Program";09;;;GLOBAL;cip
GL-60.0402;"Allergy and Immunology Residency Program";"Allergy and Immunology Residency Program";09;;;GLOBAL;cip
GL-61.0399;"Allergy and Immunology Residency/Fellowship Programs, Other";"Allergy and Immunology Residency/Fellowship Programs, Other";09;;;GLOBAL;cip
GL-51.0999;"Allied Health Diagnostic, Intervention, and Treatment Professions, Other";"Allied Health Diagnostic, Intervention, and Treatment Professions, Other";09;;;GLOBAL;cip
GL-51.0899;"Allied Health and Medical Assisting Services, Other";"Allied Health and Medical Assisting Services, Other";09;;;GLOBAL;cip
GL-51.3499;"Alternative and Complementary Medical Support Services, Other";"Alternative and Complementary Medical Support Services, Other";09;;;GLOBAL;cip
GL-51.3300;"Alternative and Complementary Medicine and Medical Systems, General";"Alternative and Complementary Medicine and Medical Systems, General";09;;;GLOBAL;cip
GL-51.3399;"Alternative and Complementary Medicine and Medical Systems, Other";"Alternative and Complementary Medicine and Medical Systems, Other";09;;;GLOBAL;cip
GL-60.0803;"Ambulatory Care Pharmacy Residency/Fellowship Program";"Ambulatory Care Pharmacy Residency/Fellowship Program";09;;;GLOBAL;cip
GL-61.1802;"Anatomic Pathology Residency Program";"Anatomic Pathology Residency Program";09;;;GLOBAL;cip
GL-51.0809;"Anesthesiologist Assistant";"Anesthesiologist Assistant";09;;;GLOBAL;cip
GL-60.0403;"Anesthesiology Residency Program";"Anesthesiology Residency Program";09;;;GLOBAL;cip
GL-61.0401;"Anesthesiology Residency Program";"Anesthesiology Residency Program";09;;;GLOBAL;cip
GL-61.0499;"Anesthesiology Residency/Fellowship Programs, Other";"Anesthesiology Residency/Fellowship Programs, Other";09;;;GLOBAL;cip
GL-51.2313;"Animal-Assisted Therapy";"Animal-Assisted Therapy";09;;;GLOBAL;cip
GL-51.3701;Aromatherapy;Aromatherapy;09;;;GLOBAL;cip
GL-51.2301;"Art Therapy/Therapist";"Art Therapy/Therapist";09;;;GLOBAL;cip
GL-51.3206;"Arts in Medicine/Health";"Arts in Medicine/Health";09;;;GLOBAL;cip
GL-51.3502;"Asian Bodywork Therapy";"Asian Bodywork Therapy";09;;;GLOBAL;cip
GL-51.2312;"Assistive/Augmentative Technology and Rehabilitation Engineering";"Assistive/Augmentative Technology and Rehabilitation Engineering";09;;;GLOBAL;cip
GL-51.0913;"Athletic Training/Trainer";"Athletic Training/Trainer";09;;;GLOBAL;cip
GL-51.0202;Audiology/Audiologist;Audiology/Audiologist;09;;;GLOBAL;cip
GL-51.0204;"Audiology/Audiologist and Speech-Language Pathology/Pathologist";"Audiology/Audiologist and Speech-Language Pathology/Pathologist";09;;;GLOBAL;cip
GL-51.3305;"Ayurvedic Medicine/Ayurveda";"Ayurvedic Medicine/Ayurveda";09;;;GLOBAL;cip
GL-51.2212;"Behavioral Aspects of Health";"Behavioral Aspects of Health";09;;;GLOBAL;cip
GL-51.3201;"Bioethics/Medical Ethics";"Bioethics/Medical Ethics";09;;;GLOBAL;cip
GL-34.0102;"Birthing and Parenting Knowledge and Skills";"Birthing and Parenting Knowledge and Skills";09;;;GLOBAL;cip
GL-51.1001;"Blood Bank Technology Specialist";"Blood Bank Technology Specialist";09;;;GLOBAL;cip
GL-61.1804;"Blood Banking/Transfusion Medicine Fellowship Program";"Blood Banking/Transfusion Medicine Fellowship Program";09;;;GLOBAL;cip
GL-60.0503;"Blood Banking/Transfusion Medicine Residency Program";"Blood Banking/Transfusion Medicine Residency Program";09;;;GLOBAL;cip
GL-60.0804;"Cardiology Pharmacy Residency/Fellowship Program";"Cardiology Pharmacy Residency/Fellowship Program";09;;;GLOBAL;cip
GL-60.0905;"Cardiology Physician Assistant Residency/Fellowship Program";"Cardiology Physician Assistant Residency/Fellowship Program";09;;;GLOBAL;cip
GL-60.0706;"Cardiology/Cardiovascular Nurse Practitioner Residency/Fellowship Program";"Cardiology/Cardiovascular Nurse Practitioner Residency/Fellowship Program";09;;;GLOBAL;cip
GL-51.0915;"Cardiopulmonary Technology/Technologist";"Cardiopulmonary Technology/Technologist";09;;;GLOBAL;cip
GL-60.0906;"Cardiothoracic Surgery Physician Assistant Residency/Fellowship Program";"Cardiothoracic Surgery Physician Assistant Residency/Fellowship Program";09;;;GLOBAL;cip
GL-61.0804;"Cardiovascular Disease Fellowship Program";"Cardiovascular Disease Fellowship Program";09;;;GLOBAL;cip
GL-60.0504;"Cardiovascular Disease Residency Program";"Cardiovascular Disease Residency Program";09;;;GLOBAL;cip
GL-51.0901;"Cardiovascular Technology/Technologist";"Cardiovascular Technology/Technologist";09;;;GLOBAL;cip
GL-61.1805;"Chemical Pathology Fellowship Program";"Chemical Pathology Fellowship Program";09;;;GLOBAL;cip
GL-60.0505;"Chemical Pathology Residency Program";"Chemical Pathology Residency Program";09;;;GLOBAL;cip
GL-61.1903;"Child Abuse Pediatrics Fellowship Program";"Child Abuse Pediatrics Fellowship Program";09;;;GLOBAL;cip
GL-60.0506;"Child Abuse Pediatrics Residency Program";"Child Abuse Pediatrics Residency Program";09;;;GLOBAL;cip
GL-60.0404;"Child Neurology Residency Program";"Child Neurology Residency Program";09;;;GLOBAL;cip
GL-61.1102;"Child Neurology Residency Program";"Child Neurology Residency Program";09;;;GLOBAL;cip
GL-61.2403;"Child and Adolescent Psychiatry Fellowship Program";"Child and Adolescent Psychiatry Fellowship Program";09;;;GLOBAL;cip
GL-60.0507;"Child and Adolescent Psychiatry Residency Program";"Child and Adolescent Psychiatry Residency Program";09;;;GLOBAL;cip
GL-51.0101;Chiropractic;Chiropractic;09;;;GLOBAL;cip
GL-51.0813;"Chiropractic Technician/Assistant";"Chiropractic Technician/Assistant";09;;;GLOBAL;cip
GL-60.0405;"Clinical Biochemical Genetics Residency Program";"Clinical Biochemical Genetics Residency Program";09;;;GLOBAL;cip
GL-61.0901;"Clinical Biochemical Genetics Residency Program";"Clinical Biochemical Genetics Residency Program";09;;;GLOBAL;cip
GL-61.0805;"Clinical Cardiac Electrophysiology Fellowship Program";"Clinical Cardiac Electrophysiology Fellowship Program";09;;;GLOBAL;cip
GL-60.0508;"Clinical Cardiac Electrophysiology Residency Program";"Clinical Cardiac Electrophysiology Residency Program";09;;;GLOBAL;cip
GL-60.0406;"Clinical Cytogenetics Residency Program";"Clinical Cytogenetics Residency Program";09;;;GLOBAL;cip
GL-60.0407;"Clinical Genetics Residency Program";"Clinical Genetics Residency Program";09;;;GLOBAL;cip
GL-61.0902;"Clinical Genetics and Genomics Residency Program";"Clinical Genetics and Genomics Residency Program";09;;;GLOBAL;cip
GL-60.0707;"Clinical Informatics Nurse Practitioner Residency/Fellowship Program";"Clinical Informatics Nurse Practitioner Residency/Fellowship Program";09;;;GLOBAL;cip
GL-51.1005;"Clinical Laboratory Science/Medical Technology/Technologist";"Clinical Laboratory Science/Medical Technology/Technologist";09;;;GLOBAL;cip
GL-60.0408;"Clinical Molecular Genetics Residency Program";"Clinical Molecular Genetics Residency Program";09;;;GLOBAL;cip
GL-61.1103;"Clinical Neurophysiology Fellowship Program";"Clinical Neurophysiology Fellowship Program";09;;;GLOBAL;cip
GL-60.0509;"Clinical Neurophysiology Residency Program";"Clinical Neurophysiology Residency Program";09;;;GLOBAL;cip
GL-51.3820;"Clinical Nurse Leader";"Clinical Nurse Leader";09;;;GLOBAL;cip
GL-51.3813;"Clinical Nurse Specialist";"Clinical Nurse Specialist";09;;;GLOBAL;cip
GL-51.3102;"Clinical Nutrition/Nutritionist";"Clinical Nutrition/Nutritionist";09;;;GLOBAL;cip
GL-51.1506;"Clinical Pastoral Counseling/Patient Counseling";"Clinical Pastoral Counseling/Patient Counseling";09;;;GLOBAL;cip
GL-61.1803;"Clinical Pathology Residency Program";"Clinical Pathology Residency Program";09;;;GLOBAL;cip
GL-60.0805;"Clinical Pharmacogenomics Pharmacy Residency/Fellowship Program";"Clinical Pharmacogenomics Pharmacy Residency/Fellowship Program";09;;;GLOBAL;cip
GL-51.0719;"Clinical Research Coordinator";"Clinical Research Coordinator";09;;;GLOBAL;cip
GL-51.2006;"Clinical and Industrial Drug Development";"Clinical and Industrial Drug Development";09;;;GLOBAL;cip
GL-51.1402;"Clinical and Translational Science";"Clinical and Translational Science";09;;;GLOBAL;cip
GL-51.2008;"Clinical, Hospital, and Managed Care Pharmacy";"Clinical, Hospital, and Managed Care Pharmacy";09;;;GLOBAL;cip
GL-51.0802;"Clinical/Medical Laboratory Assistant";"Clinical/Medical Laboratory Assistant";09;;;GLOBAL;cip
GL-51.1099;"Clinical/Medical Laboratory Science and Allied Professions, Other";"Clinical/Medical Laboratory Science and Allied Professions, Other";09;;;GLOBAL;cip
GL-51.1004;"Clinical/Medical Laboratory Technician";"Clinical/Medical Laboratory Technician";09;;;GLOBAL;cip
GL-51.1503;"Clinical/Medical Social Work";"Clinical/Medical Social Work";09;;;GLOBAL;cip
GL-60.0409;"Colon and Rectal Surgery Residency Program";"Colon and Rectal Surgery Residency Program";09;;;GLOBAL;cip
GL-61.2702;"Colon and Rectal Surgery Residency Program";"Colon and Rectal Surgery Residency Program";09;;;GLOBAL;cip
GL-61.1801;"Combined Anatomic and Clinical Pathology Residency Program";"Combined Anatomic and Clinical Pathology Residency Program";09;;;GLOBAL;cip
GL-61.0101;"Combined Medical Residency/Fellowship Program, General";"Combined Medical Residency/Fellowship Program, General";09;;;GLOBAL;cip
GL-61.0199;"Combined Medical Residency/Fellowship Programs, Other";"Combined Medical Residency/Fellowship Programs, Other";09;;;GLOBAL;cip
GL-60.0702;"Combined Nurse Practitioner Residency/Fellowship Program";"Combined Nurse Practitioner Residency/Fellowship Program";09;;;GLOBAL;cip
GL-60.0802;"Combined Pharmacy Residency/Fellowship Program";"Combined Pharmacy Residency/Fellowship Program";09;;;GLOBAL;cip
GL-60.0902;"Combined Physician Assistant Residency/Fellowship Program";"Combined Physician Assistant Residency/Fellowship Program";09;;;GLOBAL;cip
GL-51.0299;"Communication Disorders Sciences and Services, Other";"Communication Disorders Sciences and Services, Other";09;;;GLOBAL;cip
GL-51.0201;"Communication Sciences and Disorders, General";"Communication Sciences and Disorders, General";09;;;GLOBAL;cip
GL-51.1504;"Community Health Services/Liaison/Counseling";"Community Health Services/Liaison/Counseling";09;;;GLOBAL;cip
GL-51.2208;"Community Health and Preventive Medicine";"Community Health and Preventive Medicine";09;;;GLOBAL;cip
GL-60.0806;"Community/Community-Based Pharmacy Residency/Fellowship Program";"Community/Community-Based Pharmacy Residency/Fellowship Program";09;;;GLOBAL;cip
GL-51.2509;"Comparative and Laboratory Animal Medicine";"Comparative and Laboratory Animal Medicine";09;;;GLOBAL;cip
GL-61.2703;"Complex General Surgical Oncology Fellowship Program";"Complex General Surgical Oncology Fellowship Program";09;;;GLOBAL;cip
GL-61.2704;"Congenital Cardiac Surgery Fellowship Program";"Congenital Cardiac Surgery Fellowship Program";09;;;GLOBAL;cip
GL-60.0510;"Congenital Cardiac Surgery Residency Program";"Congenital Cardiac Surgery Residency Program";09;;;GLOBAL;cip
GL-61.2404;"Consultation-Liaison Psychiatry Fellowship Program";"Consultation-Liaison Psychiatry Fellowship Program";09;;;GLOBAL;cip
GL-60.0807;"Corporate Pharmacy Leadership Residency/Fellowship Program";"Corporate Pharmacy Leadership Residency/Fellowship Program";09;;;GLOBAL;cip
GL-61.0202;"Critical Care Medicine Fellowship Program";"Critical Care Medicine Fellowship Program";09;;;GLOBAL;cip
GL-60.0511;"Critical Care Medicine Residency Program";"Critical Care Medicine Residency Program";09;;;GLOBAL;cip
GL-51.3814;"Critical Care Nursing";"Critical Care Nursing";09;;;GLOBAL;cip
GL-60.0808;"Critical Care Pharmacy Residency/Fellowship Program";"Critical Care Pharmacy Residency/Fellowship Program";09;;;GLOBAL;cip
GL-60.0907;"Critical Care Physician Assistant Residency/Fellowship Program";"Critical Care Physician Assistant Residency/Fellowship Program";09;;;GLOBAL;cip
GL-60.0908;"Critical Care and Trauma Surgery Physician Assistant Residency/Fellowship Program";"Critical Care and Trauma Surgery Physician Assistant Residency/Fellowship Program";09;;;GLOBAL;cip
GL-51.1010;"Cytogenetics/Genetics/Clinical Genetics Technology/Technologist";"Cytogenetics/Genetics/Clinical Genetics Technology/Technologist";09;;;GLOBAL;cip
GL-61.1806;"Cytopathology Fellowship Program";"Cytopathology Fellowship Program";09;;;GLOBAL;cip
GL-60.0512;"Cytopathology Residency Program";"Cytopathology Residency Program";09;;;GLOBAL;cip
GL-51.1002;Cytotechnology/Cytotechnologist;Cytotechnology/Cytotechnologist;09;;;GLOBAL;cip
GL-51.2302;"Dance Therapy/Therapist";"Dance Therapy/Therapist";09;;;GLOBAL;cip
GL-51.0601;"Dental Assisting/Assistant";"Dental Assisting/Assistant";09;;;GLOBAL;cip
GL-51.0501;"Dental Clinical Sciences, General";"Dental Clinical Sciences, General";09;;;GLOBAL;cip
GL-51.0602;"Dental Hygiene/Hygienist";"Dental Hygiene/Hygienist";09;;;GLOBAL;cip
GL-51.0603;"Dental Laboratory Technology/Technician";"Dental Laboratory Technology/Technician";09;;;GLOBAL;cip
GL-51.0505;"Dental Materials";"Dental Materials";09;;;GLOBAL;cip
GL-60.0102;"Dental Public Health Residency Program";"Dental Public Health Residency Program";09;;;GLOBAL;cip
GL-51.0504;"Dental Public Health and Education";"Dental Public Health and Education";09;;;GLOBAL;cip
GL-60.0199;"Dental Residency/Fellowship Program, Other";"Dental Residency/Fellowship Program, Other";09;;;GLOBAL;cip
GL-51.0699;"Dental Services and Allied Professions, Other";"Dental Services and Allied Professions, Other";09;;;GLOBAL;cip
GL-51.0401;Dentistry;Dentistry;09;;;GLOBAL;cip
GL-60.0708;"Dermatology Nurse Practitioner Residency/Fellowship Program";"Dermatology Nurse Practitioner Residency/Fellowship Program";09;;;GLOBAL;cip
GL-60.0410;"Dermatology Residency Program";"Dermatology Residency Program";09;;;GLOBAL;cip
GL-61.0501;"Dermatology Residency Program";"Dermatology Residency Program";09;;;GLOBAL;cip
GL-61.0599;"Dermatology Residency/Fellowship Programs, Other";"Dermatology Residency/Fellowship Programs, Other";09;;;GLOBAL;cip
GL-61.0502;"Dermatopathology Fellowship Program";"Dermatopathology Fellowship Program";09;;;GLOBAL;cip
GL-60.0513;"Dermatopathology Residency Program";"Dermatopathology Residency Program";09;;;GLOBAL;cip
GL-60.0709;"Developmental and Behavioral Pediatrics Nurse Practitioner Residency/Fellowship Program";"Developmental and Behavioral Pediatrics Nurse Practitioner Residency/Fellowship Program";09;;;GLOBAL;cip
GL-61.1904;"Developmental-Behavioral Pediatrics Fellowship Program";"Developmental-Behavioral Pediatrics Fellowship Program";09;;;GLOBAL;cip
GL-60.0514;"Developmental-Behavioral Pediatrics Residency Program";"Developmental-Behavioral Pediatrics Residency Program";09;;;GLOBAL;cip
GL-60.0710;"Diabetes Nurse Practitioner Residency/Fellowship Program";"Diabetes Nurse Practitioner Residency/Fellowship Program";09;;;GLOBAL;cip
GL-51.0910;"Diagnostic Medical Sonography/Sonographer and Ultrasound Technician";"Diagnostic Medical Sonography/Sonographer and Ultrasound Technician";09;;;GLOBAL;cip
GL-60.0515;"Diagnostic Radiologic Physics Residency Program";"Diagnostic Radiologic Physics Residency Program";09;;;GLOBAL;cip
GL-61.2604;"Diagnostic Radiologic Physics Residency Program";"Diagnostic Radiologic Physics Residency Program";09;;;GLOBAL;cip
GL-60.0411;"Diagnostic Radiology Residency Program";"Diagnostic Radiology Residency Program";09;;;GLOBAL;cip
GL-61.2601;"Diagnostic Radiology Residency Program";"Diagnostic Radiology Residency Program";09;;;GLOBAL;cip
GL-61.0102;"Diagnostic Radiology/Nuclear Medicine Combined Specialty Program";"Diagnostic Radiology/Nuclear Medicine Combined Specialty Program";09;;;GLOBAL;cip
GL-51.3103;"Dietetic Technician";"Dietetic Technician";09;;;GLOBAL;cip
GL-51.3199;"Dietetics and Clinical Nutrition Services, Other";"Dietetics and Clinical Nutrition Services, Other";09;;;GLOBAL;cip
GL-51.3101;Dietetics/Dietitian;Dietetics/Dietitian;09;;;GLOBAL;cip
GL-51.3104;"Dietitian Assistant";"Dietitian Assistant";09;;;GLOBAL;cip
GL-51.0512;"Digital Dentistry";"Digital Dentistry";09;;;GLOBAL;cip
GL-51.3401;"Direct Entry Midwifery";"Direct Entry Midwifery";09;;;GLOBAL;cip
GL-61.0602;"Disaster Medicine Fellowship Program";"Disaster Medicine Fellowship Program";09;;;GLOBAL;cip
GL-51.0721;"Disease Registry Data Management";"Disease Registry Data Management";09;;;GLOBAL;cip
GL-51.2315;"Drama Therapy/Therapist";"Drama Therapy/Therapist";09;;;GLOBAL;cip
GL-60.0809;"Drug Information Pharmacy Residency/Fellowship Program";"Drug Information Pharmacy Residency/Fellowship Program";09;;;GLOBAL;cip
GL-60.0910;"ENT Surgery Physician Assistant Residency/Fellowship Program";"ENT Surgery Physician Assistant Residency/Fellowship Program";09;;;GLOBAL;cip
GL-51.0902;"Electrocardiograph Technology/Technician";"Electrocardiograph Technology/Technician";09;;;GLOBAL;cip
GL-51.0903;"Electroneurodiagnostic/Electroencephalographic Technology/Technologist";"Electroneurodiagnostic/Electroencephalographic Technology/Technologist";09;;;GLOBAL;cip
GL-51.0810;"Emergency Care Attendant (EMT Ambulance)";"Emergency Care Attendant (EMT Ambulance)";09;;;GLOBAL;cip
GL-61.0603;"Emergency Medical Services Fellowship Program";"Emergency Medical Services Fellowship Program";09;;;GLOBAL;cip
GL-51.0904;"Emergency Medical Technology/Technician (EMT Paramedic)";"Emergency Medical Technology/Technician (EMT Paramedic)";09;;;GLOBAL;cip
GL-60.0711;"Emergency Medicine Nurse Practitioner Residency/Fellowship Program";"Emergency Medicine Nurse Practitioner Residency/Fellowship Program";09;;;GLOBAL;cip
GL-60.0810;"Emergency Medicine Pharmacy Residency/Fellowship Program";"Emergency Medicine Pharmacy Residency/Fellowship Program";09;;;GLOBAL;cip
GL-60.0909;"Emergency Medicine Physician Assistant Residency/Fellowship Program";"Emergency Medicine Physician Assistant Residency/Fellowship Program";09;;;GLOBAL;cip
GL-60.0412;"Emergency Medicine Residency Program";"Emergency Medicine Residency Program";09;;;GLOBAL;cip
GL-61.0601;"Emergency Medicine Residency Program";"Emergency Medicine Residency Program";09;;;GLOBAL;cip
GL-61.0699;"Emergency Medicine Residency/Fellowship Programs, Other";"Emergency Medicine Residency/Fellowship Programs, Other";09;;;GLOBAL;cip
GL-61.0103;"Emergency Medicine/Anesthesiology Combined Specialty Program";"Emergency Medicine/Anesthesiology Combined Specialty Program";09;;;GLOBAL;cip
GL-51.3816;"Emergency Room/Trauma Nursing";"Emergency Room/Trauma Nursing";09;;;GLOBAL;cip
GL-60.0712;"Endocrinology Nurse Practitioner Residency/Fellowship Program";"Endocrinology Nurse Practitioner Residency/Fellowship Program";09;;;GLOBAL;cip
GL-60.0516;"Endocrinology, Diabetes and Metabolism Residency Program";"Endocrinology, Diabetes and Metabolism Residency Program";09;;;GLOBAL;cip
GL-61.0806;"Endocrinology, Diabetes, and Metabolism Fellowship Program";"Endocrinology, Diabetes, and Metabolism Fellowship Program";09;;;GLOBAL;cip
GL-60.0103;"Endodontics Residency Program";"Endodontics Residency Program";09;;;GLOBAL;cip
GL-51.0506;Endodontics/Endodontology;Endodontics/Endodontology;09;;;GLOBAL;cip
GL-51.3799;"Energy and Biologically Based Therapies, Other";"Energy and Biologically Based Therapies, Other";09;;;GLOBAL;cip
GL-51.2202;"Environmental Health";"Environmental Health";09;;;GLOBAL;cip
GL-61.1104;"Epilepsy Fellowship Program";"Epilepsy Fellowship Program";09;;;GLOBAL;cip
GL-60.0713;"Family Medicine Nurse Practitioner Residency/Fellowship Program";"Family Medicine Nurse Practitioner Residency/Fellowship Program";09;;;GLOBAL;cip
GL-60.0811;"Family Medicine Pharmacy Residency/Fellowship Program";"Family Medicine Pharmacy Residency/Fellowship Program";09;;;GLOBAL;cip
GL-60.0911;"Family Medicine Physician Assistant Residency/Fellowship Program";"Family Medicine Physician Assistant Residency/Fellowship Program";09;;;GLOBAL;cip
GL-60.0413;"Family Medicine Residency Program";"Family Medicine Residency Program";09;;;GLOBAL;cip
GL-61.0701;"Family Medicine Residency Program";"Family Medicine Residency Program";09;;;GLOBAL;cip
GL-61.0799;"Family Medicine Residency/Fellowship Programs, Other";"Family Medicine Residency/Fellowship Programs, Other";09;;;GLOBAL;cip
GL-61.0104;"Family Medicine/Emergency Medicine Combined Specialty Program";"Family Medicine/Emergency Medicine Combined Specialty Program";09;;;GLOBAL;cip
GL-61.0105;"Family Medicine/Osteopathic Neuromusculoskeletal Medicine Combined Specialty Program";"Family Medicine/Osteopathic Neuromusculoskeletal Medicine Combined Specialty Program";09;;;GLOBAL;cip
GL-61.0106;"Family Medicine/Preventive Medicine Combined Specialty Program";"Family Medicine/Preventive Medicine Combined Specialty Program";09;;;GLOBAL;cip
GL-61.0107;"Family Medicine/Psychiatry Combined Specialty Program";"Family Medicine/Psychiatry Combined Specialty Program";09;;;GLOBAL;cip
GL-51.3805;"Family Practice Nurse/Nursing";"Family Practice Nurse/Nursing";09;;;GLOBAL;cip
GL-51.3824;"Forensic Nursing";"Forensic Nursing";09;;;GLOBAL;cip
GL-61.1807;"Forensic Pathology Fellowship Program";"Forensic Pathology Fellowship Program";09;;;GLOBAL;cip
GL-60.0517;"Forensic Pathology Residency Program";"Forensic Pathology Residency Program";09;;;GLOBAL;cip
GL-61.2405;"Forensic Psychiatry Fellowship Program";"Forensic Psychiatry Fellowship Program";09;;;GLOBAL;cip
GL-60.0518;"Forensic Psychiatry Residency Program";"Forensic Psychiatry Residency Program";09;;;GLOBAL;cip
GL-44.0703;"Forensic Social Work";"Forensic Social Work";09;;;GLOBAL;cip
GL-61.0807;"Gastroenterology Fellowship Program";"Gastroenterology Fellowship Program";09;;;GLOBAL;cip
GL-60.0715;"Gastroenterology Nurse Practitioner Residency/Fellowship Program";"Gastroenterology Nurse Practitioner Residency/Fellowship Program";09;;;GLOBAL;cip
GL-60.0519;"Gastroenterology Residency Program";"Gastroenterology Residency Program";09;;;GLOBAL;cip
GL-60.0714;"Gastroenterology and Hepatology Nurse Practitioner Residency/Fellowship Program";"Gastroenterology and Hepatology Nurse Practitioner Residency/Fellowship Program";09;;;GLOBAL;cip
GL-51.0914;"Gene/Genetic Therapy";"Gene/Genetic Therapy";09;;;GLOBAL;cip
GL-60.0414;"General Surgery Residency Program";"General Surgery Residency Program";09;;;GLOBAL;cip
GL-61.2701;"General Surgery Residency Program";"General Surgery Residency Program";09;;;GLOBAL;cip
GL-51.1509;"Genetic Counseling/Counselor";"Genetic Counseling/Counselor";09;;;GLOBAL;cip
GL-60.0716;"Genetics Nurse Practitioner Residency/Fellowship Program";"Genetics Nurse Practitioner Residency/Fellowship Program";09;;;GLOBAL;cip
GL-51.0513;"Geriatric Dentistry";"Geriatric Dentistry";09;;;GLOBAL;cip
GL-61.0203;"Geriatric Medicine Fellowship Program";"Geriatric Medicine Fellowship Program";09;;;GLOBAL;cip
GL-60.0520;"Geriatric Medicine Residency Program";"Geriatric Medicine Residency Program";09;;;GLOBAL;cip
GL-51.3821;"Geriatric Nurse/Nursing";"Geriatric Nurse/Nursing";09;;;GLOBAL;cip
GL-60.0812;"Geriatric Pharmacy Residency/Fellowship Program";"Geriatric Pharmacy Residency/Fellowship Program";09;;;GLOBAL;cip
GL-61.2406;"Geriatric Psychiatry Fellowship Program";"Geriatric Psychiatry Fellowship Program";09;;;GLOBAL;cip
GL-60.0521;"Geriatric Psychiatry Residency Program";"Geriatric Psychiatry Residency Program";09;;;GLOBAL;cip
GL-60.0912;"Geriatrics Physician Assistant Residency/Fellowship Program";"Geriatrics Physician Assistant Residency/Fellowship Program";09;;;GLOBAL;cip
GL-60.0717;"Gerontology Nurse Practitioner Residency/Fellowship Program";"Gerontology Nurse Practitioner Residency/Fellowship Program";09;;;GLOBAL;cip
GL-60.0718;"Global Health Nurse Practitioner Residency/Fellowship Program";"Global Health Nurse Practitioner Residency/Fellowship Program";09;;;GLOBAL;cip
GL-61.1302;"Gynecologic Oncology Fellowship Program";"Gynecologic Oncology Fellowship Program";09;;;GLOBAL;cip
GL-60.0522;"Gynecologic Oncology Residency Program";"Gynecologic Oncology Residency Program";09;;;GLOBAL;cip
GL-61.1105;"Headache Medicine Fellowship Program";"Headache Medicine Fellowship Program";09;;;GLOBAL;cip
GL-51.2601;"Health Aide";"Health Aide";09;;;GLOBAL;cip
GL-51.2699;"Health Aides/Attendants/Orderlies, Other";"Health Aides/Attendants/Orderlies, Other";09;;;GLOBAL;cip
GL-51.0706;"Health Information/Medical Records Administration/Administrator";"Health Information/Medical Records Administration/Administrator";09;;;GLOBAL;cip
GL-51.0707;"Health Information/Medical Records Technology/Technician";"Health Information/Medical Records Technology/Technician";09;;;GLOBAL;cip
GL-61.0204;"Health Policy Fellowship Program";"Health Policy Fellowship Program";09;;;GLOBAL;cip
GL-51.3202;"Health Professions Education";"Health Professions Education";09;;;GLOBAL;cip
GL-51.3299;"Health Professions Education, Ethics, and Humanities, Other";"Health Professions Education, Ethics, and Humanities, Other";09;;;GLOBAL;cip
GL-60.9999;"Health Professions Residency/Fellowship Programs, Other";"Health Professions Residency/Fellowship Programs, Other";09;;;GLOBAL;cip
GL-51.9999;"Health Professions and Related Clinical Sciences, Other";"Health Professions and Related Clinical Sciences, Other";09;;;GLOBAL;cip
GL-51.2211;"Health Services Administration";"Health Services Administration";09;;;GLOBAL;cip
GL-51.0000;"Health Services/Allied Health/Health Sciences, General";"Health Services/Allied Health/Health Sciences, General";09;;;GLOBAL;cip
GL-60.0813;"Health System Medication Management Pharmacy Residency/Fellowship Program";"Health System Medication Management Pharmacy Residency/Fellowship Program";09;;;GLOBAL;cip
GL-60.0814;"Health System Pharmacy Administration and Leadership Residency/Fellowship Program";"Health System Pharmacy Administration and Leadership Residency/Fellowship Program";09;;;GLOBAL;cip
GL-51.0703;"Health Unit Coordinator/Ward Clerk";"Health Unit Coordinator/Ward Clerk";09;;;GLOBAL;cip
GL-51.0704;"Health Unit Manager/Ward Supervisor";"Health Unit Manager/Ward Supervisor";09;;;GLOBAL;cip
GL-51.0799;"Health and Medical Administrative Services, Other";"Health and Medical Administrative Services, Other";09;;;GLOBAL;cip
GL-51.0001;"Health and Wellness, General";"Health and Wellness, General";09;;;GLOBAL;cip
GL-34.0199;"Health-Related Knowledge and Skills, Other";"Health-Related Knowledge and Skills, Other";09;;;GLOBAL;cip
GL-51.0701;"Health/Health Care Administration/Management";"Health/Health Care Administration/Management";09;;;GLOBAL;cip
GL-51.2205;"Health/Medical  Physics";"Health/Medical  Physics";09;;;GLOBAL;cip
GL-51.0715;"Health/Medical Claims Examiner";"Health/Medical Claims Examiner";09;;;GLOBAL;cip
GL-51.1199;"Health/Medical Preparatory Programs, Other";"Health/Medical Preparatory Programs, Other";09;;;GLOBAL;cip
GL-51.0723;"Healthcare Information Privacy Assurance and Security";"Healthcare Information Privacy Assurance and Security";09;;;GLOBAL;cip
GL-51.0722;"Healthcare Innovation";"Healthcare Innovation";09;;;GLOBAL;cip
GL-51.0918;"Hearing Instrument Specialist";"Hearing Instrument Specialist";09;;;GLOBAL;cip
GL-61.1808;"Hematological Pathology Fellowship Program";"Hematological Pathology Fellowship Program";09;;;GLOBAL;cip
GL-60.0523;"Hematological Pathology Residency Program";"Hematological Pathology Residency Program";09;;;GLOBAL;cip
GL-61.0808;"Hematology Fellowship Program";"Hematology Fellowship Program";09;;;GLOBAL;cip
GL-60.0524;"Hematology Residency Program";"Hematology Residency Program";09;;;GLOBAL;cip
GL-51.1003;"Hematology Technology/Technician";"Hematology Technology/Technician";09;;;GLOBAL;cip
GL-61.0809;"Hematology-Oncology Fellowship Program";"Hematology-Oncology Fellowship Program";09;;;GLOBAL;cip
GL-60.0719;"Hematology-Oncology Nurse Practitioner Residency/Fellowship Program";"Hematology-Oncology Nurse Practitioner Residency/Fellowship Program";09;;;GLOBAL;cip
GL-60.0913;"Hematology-Oncology Physician Assistant Residency/Fellowship Program";"Hematology-Oncology Physician Assistant Residency/Fellowship Program";09;;;GLOBAL;cip
GL-60.0914;"Hepatobiliary Surgery Physician Assistant Residency/Fellowship Program";"Hepatobiliary Surgery Physician Assistant Residency/Fellowship Program";09;;;GLOBAL;cip
GL-60.0720;"Hepatology Nurse Practitioner Residency/Fellowship Program";"Hepatology Nurse Practitioner Residency/Fellowship Program";09;;;GLOBAL;cip
GL-51.3702;Herbalism/Herbalist;Herbalism/Herbalist;09;;;GLOBAL;cip
GL-51.1008;"Histologic Technician";"Histologic Technician";09;;;GLOBAL;cip
GL-51.1007;"Histologic Technology/Histotechnologist";"Histologic Technology/Histotechnologist";09;;;GLOBAL;cip
GL-51.3205;"History of Medicine";"History of Medicine";09;;;GLOBAL;cip
GL-51.3306;"Holistic/Integrative Health";"Holistic/Integrative Health";09;;;GLOBAL;cip
GL-51.2602;"Home Health Aide/Home Attendant";"Home Health Aide/Home Attendant";09;;;GLOBAL;cip
GL-60.0721;"Home-Based Primary Care Nurse Practitioner Residency/Fellowship Program";"Home-Based Primary Care Nurse Practitioner Residency/Fellowship Program";09;;;GLOBAL;cip
GL-51.3304;"Homeopathic Medicine/Homeopathy";"Homeopathic Medicine/Homeopathy";09;;;GLOBAL;cip
GL-51.2316;"Horticulture Therapy/Therapist";"Horticulture Therapy/Therapist";09;;;GLOBAL;cip
GL-51.1512;"Hospice and Palliative Care";"Hospice and Palliative Care";09;;;GLOBAL;cip
GL-61.0205;"Hospice and Palliative Medicine Fellowship Program";"Hospice and Palliative Medicine Fellowship Program";09;;;GLOBAL;cip
GL-60.0722;"Hospice and Palliative Medicine Nurse Practitioner Residency/Fellowship Program";"Hospice and Palliative Medicine Nurse Practitioner Residency/Fellowship Program";09;;;GLOBAL;cip
GL-60.0525;"Hospice and Palliative Medicine Residency Program";"Hospice and Palliative Medicine Residency Program";09;;;GLOBAL;cip
GL-60.0723;"Hospital Medicine Nurse Practitioner Residency/Fellowship Program";"Hospital Medicine Nurse Practitioner Residency/Fellowship Program";09;;;GLOBAL;cip
GL-51.0702;"Hospital and Health Care Facilities Administration/Management";"Hospital and Health Care Facilities Administration/Management";09;;;GLOBAL;cip
GL-60.0915;"Hospitalist Physician Assistant Residency/Fellowship Program";"Hospitalist Physician Assistant Residency/Fellowship Program";09;;;GLOBAL;cip
GL-51.0921;"Hyperbaric Medicine Technology/Technician";"Hyperbaric Medicine Technology/Technician";09;;;GLOBAL;cip
GL-51.3603;Hypnotherapy/Hypnotherapist;Hypnotherapy/Hypnotherapist;09;;;GLOBAL;cip
GL-61.1809;"Immunopathology Fellowship Program";"Immunopathology Fellowship Program";09;;;GLOBAL;cip
GL-60.0526;"Immunopathology Residency Program";"Immunopathology Residency Program";09;;;GLOBAL;cip
GL-60.0110;"Implantology Fellowship Program";"Implantology Fellowship Program";09;;;GLOBAL;cip
GL-51.0514;"Implantology/Implant Dentistry";"Implantology/Implant Dentistry";09;;;GLOBAL;cip
GL-51.2009;"Industrial and Physical Pharmacy and Cosmetic Sciences";"Industrial and Physical Pharmacy and Cosmetic Sciences";09;;;GLOBAL;cip
GL-51.1510;"Infant/Toddler Mental Health Services";"Infant/Toddler Mental Health Services";09;;;GLOBAL;cip
GL-61.0810;"Infectious Disease Fellowship Program";"Infectious Disease Fellowship Program";09;;;GLOBAL;cip
GL-60.0527;"Infectious Disease Residency Program";"Infectious Disease Residency Program";09;;;GLOBAL;cip
GL-60.0724;"Infectious Diseases Nurse Practitioner Residency/Fellowship Program";"Infectious Diseases Nurse Practitioner Residency/Fellowship Program";09;;;GLOBAL;cip
GL-60.0815;"Infectious Diseases Pharmacy Residency/Fellowship Program";"Infectious Diseases Pharmacy Residency/Fellowship Program";09;;;GLOBAL;cip
GL-61.2602;"Integrated Interventional Radiology Residency Program";"Integrated Interventional Radiology Residency Program";09;;;GLOBAL;cip
GL-61.2102;"Integrated Plastic Surgery Residency Program";"Integrated Plastic Surgery Residency Program";09;;;GLOBAL;cip
GL-61.0206;"Integrative Medicine Fellowship Program";"Integrative Medicine Fellowship Program";09;;;GLOBAL;cip
GL-60.0816;"Internal Medicine Pharmacy Residency/Fellowship Program";"Internal Medicine Pharmacy Residency/Fellowship Program";09;;;GLOBAL;cip
GL-60.0415;"Internal Medicine Residency Program";"Internal Medicine Residency Program";09;;;GLOBAL;cip
GL-61.0801;"Internal Medicine Residency Program";"Internal Medicine Residency Program";09;;;GLOBAL;cip
GL-61.0899;"Internal Medicine Residency/Fellowship Programs, Other";"Internal Medicine Residency/Fellowship Programs, Other";09;;;GLOBAL;cip
GL-61.0108;"Internal Medicine/Anesthesiology Combined Specialty Program";"Internal Medicine/Anesthesiology Combined Specialty Program";09;;;GLOBAL;cip
GL-61.0109;"Internal Medicine/Dermatology Combined Specialty Program";"Internal Medicine/Dermatology Combined Specialty Program";09;;;GLOBAL;cip
GL-61.0110;"Internal Medicine/Emergency Medicine Combined Specialty Program";"Internal Medicine/Emergency Medicine Combined Specialty Program";09;;;GLOBAL;cip
GL-61.0111;"Internal Medicine/Emergency Medicine/Critical Care Medicine Combined Specialty Program";"Internal Medicine/Emergency Medicine/Critical Care Medicine Combined Specialty Program";09;;;GLOBAL;cip
GL-61.0112;"Internal Medicine/Family Medicine Combined Specialty Program";"Internal Medicine/Family Medicine Combined Specialty Program";09;;;GLOBAL;cip
GL-61.0113;"Internal Medicine/Medical Genetics and Genomics Combined Specialty Program";"Internal Medicine/Medical Genetics and Genomics Combined Specialty Program";09;;;GLOBAL;cip
GL-61.0114;"Internal Medicine/Neurology Combined Specialty Program";"Internal Medicine/Neurology Combined Specialty Program";09;;;GLOBAL;cip
GL-61.0115;"Internal Medicine/Pediatrics Combined Specialty Program";"Internal Medicine/Pediatrics Combined Specialty Program";09;;;GLOBAL;cip
GL-61.0116;"Internal Medicine/Preventive Medicine Combined Specialty Program";"Internal Medicine/Preventive Medicine Combined Specialty Program";09;;;GLOBAL;cip
GL-61.0117;"Internal Medicine/Psychiatry Combined Specialty Program";"Internal Medicine/Psychiatry Combined Specialty Program";09;;;GLOBAL;cip
GL-51.2210;"International Public Health/International Health";"International Public Health/International Health";09;;;GLOBAL;cip
GL-61.0811;"Interventional Cardiology Fellowship Program";"Interventional Cardiology Fellowship Program";09;;;GLOBAL;cip
GL-60.0528;"Interventional Cardiology Residency Program";"Interventional Cardiology Residency Program";09;;;GLOBAL;cip
GL-51.0922;"Intraoperative Neuromonitoring Technology/Technician";"Intraoperative Neuromonitoring Technology/Technician";09;;;GLOBAL;cip
GL-60.0817;"Investigational Drugs and Research Pharmacy Residency/Fellowship Program";"Investigational Drugs and Research Pharmacy Residency/Fellowship Program";09;;;GLOBAL;cip
GL-51.2311;Kinesiotherapy/Kinesiotherapist;Kinesiotherapy/Kinesiotherapist;09;;;GLOBAL;cip
GL-60.0306;"Laboratory Animal Medicine Residency Program";"Laboratory Animal Medicine Residency Program";09;;;GLOBAL;cip
GL-61.0903;"Laboratory Genetics and Genomics Residency Program";"Laboratory Genetics and Genomics Residency Program";09;;;GLOBAL;cip
GL-61.1810;"Laboratory Medicine Fellowship Program";"Laboratory Medicine Fellowship Program";09;;;GLOBAL;cip
GL-60.0529;"Laboratory Medicine Residency Program";"Laboratory Medicine Residency Program";09;;;GLOBAL;cip
GL-51.0815;"Lactation Consultant";"Lactation Consultant";09;;;GLOBAL;cip
GL-51.2507;"Large Animal/Food Animal and Equine Surgery and Medicine";"Large Animal/Food Animal and Equine Surgery and Medicine";09;;;GLOBAL;cip
GL-51.3901;"Licensed Practical/Vocational Nurse Training";"Licensed Practical/Vocational Nurse Training";09;;;GLOBAL;cip
GL-51.0718;"Long Term Care Administration/Management";"Long Term Care Administration/Management";09;;;GLOBAL;cip
GL-51.0920;"Magnetic Resonance Imaging (MRI) Technology/Technician";"Magnetic Resonance Imaging (MRI) Technology/Technician";09;;;GLOBAL;cip
GL-51.0919;"Mammography Technology/Technician";"Mammography Technology/Technician";09;;;GLOBAL;cip
GL-60.0818;"Managed Care Pharmacy Residency/Fellowship Program";"Managed Care Pharmacy Residency/Fellowship Program";09;;;GLOBAL;cip
GL-51.1505;"Marriage and Family Therapy/Counseling";"Marriage and Family Therapy/Counseling";09;;;GLOBAL;cip
GL-51.3501;"Massage Therapy/Therapeutic Massage";"Massage Therapy/Therapeutic Massage";09;;;GLOBAL;cip
GL-51.2209;"Maternal and Child Health";"Maternal and Child Health";09;;;GLOBAL;cip
GL-61.1303;"Maternal and Fetal Medicine Fellowship Program";"Maternal and Fetal Medicine Fellowship Program";09;;;GLOBAL;cip
GL-60.0530;"Maternal and Fetal Medicine Residency Program";"Maternal and Fetal Medicine Residency Program";09;;;GLOBAL;cip
GL-51.3806;"Maternal/Child Health and Neonatal Nurse/Nursing";"Maternal/Child Health and Neonatal Nurse/Nursing";09;;;GLOBAL;cip
GL-51.0716;"Medical Administrative/Executive Assistant and Medical Secretary";"Medical Administrative/Executive Assistant and Medical Secretary";09;;;GLOBAL;cip
GL-60.0531;"Medical Biochemical Genetics Residency Program";"Medical Biochemical Genetics Residency Program";09;;;GLOBAL;cip
GL-61.0904;"Medical Biochemical Genetics Residency Program";"Medical Biochemical Genetics Residency Program";09;;;GLOBAL;cip
GL-51.1499;"Medical Clinical Sciences/Graduate Medical Studies, Other";"Medical Clinical Sciences/Graduate Medical Studies, Other";09;;;GLOBAL;cip
GL-61.0207;"Medical Education Fellowship Program";"Medical Education Fellowship Program";09;;;GLOBAL;cip
GL-51.1511;"Medical Family Therapy/Therapist";"Medical Family Therapy/Therapist";09;;;GLOBAL;cip
GL-61.0999;"Medical Genetics and Genomics Residency/Fellowship Programs, Other";"Medical Genetics and Genomics Residency/Fellowship Programs, Other";09;;;GLOBAL;cip
GL-61.0118;"Medical Genetics and Genomics/Maternal-Fetal Medicine Combined Specialty Program";"Medical Genetics and Genomics/Maternal-Fetal Medicine Combined Specialty Program";09;;;GLOBAL;cip
GL-51.2799;"Medical Illustration and Informatics, Other";"Medical Illustration and Informatics, Other";09;;;GLOBAL;cip
GL-51.2703;"Medical Illustration/Medical Illustrator";"Medical Illustration/Medical Illustrator";09;;;GLOBAL;cip
GL-51.2706;"Medical Informatics";"Medical Informatics";09;;;GLOBAL;cip
GL-51.0713;"Medical Insurance Coding Specialist/Coder";"Medical Insurance Coding Specialist/Coder";09;;;GLOBAL;cip
GL-51.0714;"Medical Insurance Specialist/Medical Biller";"Medical Insurance Specialist/Medical Biller";09;;;GLOBAL;cip
GL-61.1811;"Medical Microbiology Fellowship Program";"Medical Microbiology Fellowship Program";09;;;GLOBAL;cip
GL-60.0532;"Medical Microbiology Residency Program";"Medical Microbiology Residency Program";09;;;GLOBAL;cip
GL-60.0533;"Medical Nuclear Physics Residency Program";"Medical Nuclear Physics Residency Program";09;;;GLOBAL;cip
GL-61.2605;"Medical Nuclear Physics Residency Program";"Medical Nuclear Physics Residency Program";09;;;GLOBAL;cip
GL-51.0710;"Medical Office Assistant/Specialist";"Medical Office Assistant/Specialist";09;;;GLOBAL;cip
GL-51.0709;"Medical Office Computer Specialist/Assistant";"Medical Office Computer Specialist/Assistant";09;;;GLOBAL;cip
GL-51.0705;"Medical Office Management/Administration";"Medical Office Management/Administration";09;;;GLOBAL;cip
GL-61.0813;"Medical Oncology Fellowship Program";"Medical Oncology Fellowship Program";09;;;GLOBAL;cip
GL-60.0534;"Medical Oncology Residency Program";"Medical Oncology Residency Program";09;;;GLOBAL;cip
GL-51.0907;"Medical Radiologic Technology/Science - Radiation Therapist";"Medical Radiologic Technology/Science - Radiation Therapist";09;;;GLOBAL;cip
GL-51.0712;"Medical Reception/Receptionist";"Medical Reception/Receptionist";09;;;GLOBAL;cip
GL-60.0499;"Medical Residency Programs - General Certificates, Other";"Medical Residency Programs - General Certificates, Other";09;;;GLOBAL;cip
GL-60.0599;"Medical Residency Programs - Subspecialty Certificates, Other";"Medical Residency Programs - Subspecialty Certificates, Other";09;;;GLOBAL;cip
GL-61.9999;"Medical Residency/Fellowship Programs, Other";"Medical Residency/Fellowship Programs, Other";09;;;GLOBAL;cip
GL-51.1401;"Medical Science/Scientist";"Medical Science/Scientist";09;;;GLOBAL;cip
GL-51.0717;"Medical Staff Services Technology/Technician";"Medical Staff Services Technology/Technician";09;;;GLOBAL;cip
GL-61.0208;"Medical Toxicology Fellowship Program";"Medical Toxicology Fellowship Program";09;;;GLOBAL;cip
GL-60.0535;"Medical Toxicology Residency Program";"Medical Toxicology Residency Program";09;;;GLOBAL;cip
GL-51.0708;"Medical Transcription/Transcriptionist";"Medical Transcription/Transcriptionist";09;;;GLOBAL;cip
GL-51.0801;"Medical/Clinical Assistant";"Medical/Clinical Assistant";09;;;GLOBAL;cip
GL-51.3204;"Medical/Health Humanities";"Medical/Health Humanities";09;;;GLOBAL;cip
GL-51.0711;"Medical/Health Management and Clinical Assistant/Specialist";"Medical/Health Management and Clinical Assistant/Specialist";09;;;GLOBAL;cip
GL-51.2603;"Medication Aide";"Medication Aide";09;;;GLOBAL;cip
GL-60.0819;"Medication Systems and Operations Pharmacy Residency/Fellowship Program";"Medication Systems and Operations Pharmacy Residency/Fellowship Program";09;;;GLOBAL;cip
GL-60.0820;"Medication-Use Safety Pharmacy Residency/Fellowship Program";"Medication-Use Safety Pharmacy Residency/Fellowship Program";09;;;GLOBAL;cip
GL-51.2004;"Medicinal and Pharmaceutical Chemistry";"Medicinal and Pharmaceutical Chemistry";09;;;GLOBAL;cip
GL-51.1201;Medicine;Medicine;09;;;GLOBAL;cip
GL-51.1299;"Medicine, Other";"Medicine, Other";09;;;GLOBAL;cip
GL-34.0105;"Meditation/Mind-Body Wellness";"Meditation/Mind-Body Wellness";09;;;GLOBAL;cip
GL-51.1508;"Mental Health Counseling/Counselor";"Mental Health Counseling/Counselor";09;;;GLOBAL;cip
GL-51.1599;"Mental and Social Health Services and Allied Professions, Other";"Mental and Social Health Services and Allied Professions, Other";09;;;GLOBAL;cip
GL-61.1812;"Molecular Genetic Pathology Fellowship Program";"Molecular Genetic Pathology Fellowship Program";09;;;GLOBAL;cip
GL-60.0536;"Molecular Genetic Pathology Residency Program";"Molecular Genetic Pathology Residency Program";09;;;GLOBAL;cip
GL-51.3601;"Movement Therapy and Movement Education";"Movement Therapy and Movement Education";09;;;GLOBAL;cip
GL-51.3699;"Movement and Mind-Body Therapies and Education, Other";"Movement and Mind-Body Therapies and Education, Other";09;;;GLOBAL;cip
GL-61.0299;"Multiple-Pathway Medical Fellowship Programs, Other";"Multiple-Pathway Medical Fellowship Programs, Other";09;;;GLOBAL;cip
GL-61.1502;"Musculoskeletal Oncology Fellowship Program";"Musculoskeletal Oncology Fellowship Program";09;;;GLOBAL;cip
GL-60.0537;"Musculoskeletal Oncology Residency Program";"Musculoskeletal Oncology Residency Program";09;;;GLOBAL;cip
GL-61.2606;"Musculoskeletal Radiology Fellowship Program";"Musculoskeletal Radiology Fellowship Program";09;;;GLOBAL;cip
GL-51.2305;"Music Therapy/Therapist";"Music Therapy/Therapist";09;;;GLOBAL;cip
GL-51.2005;"Natural Products Chemistry and Pharmacognosy";"Natural Products Chemistry and Pharmacognosy";09;;;GLOBAL;cip
GL-51.3303;"Naturopathic Medicine/Naturopathy";"Naturopathic Medicine/Naturopathy";09;;;GLOBAL;cip
GL-60.0725;"Neonatal Nurse Practitioner Residency/Fellowship Program";"Neonatal Nurse Practitioner Residency/Fellowship Program";09;;;GLOBAL;cip
GL-60.0821;"Neonatal Pharmacy Residency/Fellowship Program";"Neonatal Pharmacy Residency/Fellowship Program";09;;;GLOBAL;cip
GL-61.1905;"Neonatal-Perinatal Medicine Fellowship Program";"Neonatal-Perinatal Medicine Fellowship Program";09;;;GLOBAL;cip
GL-60.0538;"Neonatal-Perinatal Medicine Residency Program";"Neonatal-Perinatal Medicine Residency Program";09;;;GLOBAL;cip
GL-61.0812;"Nephrology Fellowship Program";"Nephrology Fellowship Program";09;;;GLOBAL;cip
GL-60.0726;"Nephrology Nurse Practitioner Residency/Fellowship Program";"Nephrology Nurse Practitioner Residency/Fellowship Program";09;;;GLOBAL;cip
GL-60.0822;"Nephrology Pharmacy Residency/Fellowship Program";"Nephrology Pharmacy Residency/Fellowship Program";09;;;GLOBAL;cip
GL-60.0539;"Nephrology Residency Program";"Nephrology Residency Program";09;;;GLOBAL;cip
GL-61.1106;"Neurodevelopmental Disabilities Fellowship Program";"Neurodevelopmental Disabilities Fellowship Program";09;;;GLOBAL;cip
GL-60.0540;"Neurodevelopmental Disabilities Residency Program";"Neurodevelopmental Disabilities Residency Program";09;;;GLOBAL;cip
GL-60.0416;"Neurological Surgery Residency Program";"Neurological Surgery Residency Program";09;;;GLOBAL;cip
GL-61.1001;"Neurological Surgery Residency Program";"Neurological Surgery Residency Program";09;;;GLOBAL;cip
GL-61.1099;"Neurological Surgery Residency/Fellowship Programs, Other";"Neurological Surgery Residency/Fellowship Programs, Other";09;;;GLOBAL;cip
GL-60.0727;"Neurology Nurse Practitioner Residency/Fellowship Program";"Neurology Nurse Practitioner Residency/Fellowship Program";09;;;GLOBAL;cip
GL-60.0823;"Neurology Pharmacy Residency/Fellowship Program";"Neurology Pharmacy Residency/Fellowship Program";09;;;GLOBAL;cip
GL-60.0417;"Neurology Residency Program";"Neurology Residency Program";09;;;GLOBAL;cip
GL-61.1101;"Neurology Residency Program";"Neurology Residency Program";09;;;GLOBAL;cip
GL-61.1199;"Neurology Residency/Fellowship Programs, Other";"Neurology Residency/Fellowship Programs, Other";09;;;GLOBAL;cip
GL-61.0209;"Neuromuscular Medicine Fellowship Program";"Neuromuscular Medicine Fellowship Program";09;;;GLOBAL;cip
GL-60.0541;"Neuromuscular Medicine Residency Program";"Neuromuscular Medicine Residency Program";09;;;GLOBAL;cip
GL-61.1813;"Neuropathology Fellowship Program";"Neuropathology Fellowship Program";09;;;GLOBAL;cip
GL-60.0542;"Neuropathology Residency Program";"Neuropathology Residency Program";09;;;GLOBAL;cip
GL-61.2607;"Neuroradiology Fellowship Program";"Neuroradiology Fellowship Program";09;;;GLOBAL;cip
GL-60.0543;"Neuroradiology Residency Program";"Neuroradiology Residency Program";09;;;GLOBAL;cip
GL-60.0728;"Neuroscience Nurse Practitioner Residency/Fellowship Program";"Neuroscience Nurse Practitioner Residency/Fellowship Program";09;;;GLOBAL;cip
GL-60.0916;"Neurosurgery Physician Assistant Residency/Fellowship Program";"Neurosurgery Physician Assistant Residency/Fellowship Program";09;;;GLOBAL;cip
GL-61.1702;"Neurotology Fellowship Program";"Neurotology Fellowship Program";09;;;GLOBAL;cip
GL-60.0544;"Neurotology Residency Program";"Neurotology Residency Program";09;;;GLOBAL;cip
GL-51.0905;"Nuclear Medical Technology/Technologist";"Nuclear Medical Technology/Technologist";09;;;GLOBAL;cip
GL-60.0418;"Nuclear Medicine Residency Program";"Nuclear Medicine Residency Program";09;;;GLOBAL;cip
GL-61.1201;"Nuclear Medicine Residency Program";"Nuclear Medicine Residency Program";09;;;GLOBAL;cip
GL-61.1299;"Nuclear Medicine Residency/Fellowship Programs, Other";"Nuclear Medicine Residency/Fellowship Programs, Other";09;;;GLOBAL;cip
GL-60.0824;"Nuclear Pharmacy Residency/Fellowship Program";"Nuclear Pharmacy Residency/Fellowship Program";09;;;GLOBAL;cip
GL-61.2608;"Nuclear Radiology Fellowship Program";"Nuclear Radiology Fellowship Program";09;;;GLOBAL;cip
GL-60.0545;"Nuclear Radiology Residency Program";"Nuclear Radiology Residency Program";09;;;GLOBAL;cip
GL-51.3804;"Nurse Anesthetist";"Nurse Anesthetist";09;;;GLOBAL;cip
GL-51.3807;"Nurse Midwife/Nursing Midwifery";"Nurse Midwife/Nursing Midwifery";09;;;GLOBAL;cip
GL-60.0701;"Nurse Practitioner Residency/Fellowship Program, General";"Nurse Practitioner Residency/Fellowship Program, General";09;;;GLOBAL;cip
GL-60.0799;"Nurse Practitioner Residency/Fellowship Program, Other";"Nurse Practitioner Residency/Fellowship Program, Other";09;;;GLOBAL;cip
GL-51.3802;"Nursing Administration";"Nursing Administration";09;;;GLOBAL;cip
GL-51.3902;"Nursing Assistant/Aide and Patient Care Assistant/Aide";"Nursing Assistant/Aide and Patient Care Assistant/Aide";09;;;GLOBAL;cip
GL-51.3203;"Nursing Education";"Nursing Education";09;;;GLOBAL;cip
GL-51.3817;"Nursing Education";"Nursing Education";09;;;GLOBAL;cip
GL-51.3818;"Nursing Practice";"Nursing Practice";09;;;GLOBAL;cip
GL-51.3808;"Nursing Science";"Nursing Science";09;;;GLOBAL;cip
GL-60.0825;"Nutrition Support Pharmacy Residency/Fellowship Program";"Nutrition Support Pharmacy Residency/Fellowship Program";09;;;GLOBAL;cip
GL-60.0729;"Obstetrics and Gynecology Nurse Practitioner Residency/Fellowship Program";"Obstetrics and Gynecology Nurse Practitioner Residency/Fellowship Program";09;;;GLOBAL;cip
GL-60.0419;"Obstetrics and Gynecology Residency Program";"Obstetrics and Gynecology Residency Program";09;;;GLOBAL;cip
GL-61.1301;"Obstetrics and Gynecology Residency Program";"Obstetrics and Gynecology Residency Program";09;;;GLOBAL;cip
GL-61.1399;"Obstetrics and Gynecology Residency/Fellowship Programs, Other";"Obstetrics and Gynecology Residency/Fellowship Programs, Other";09;;;GLOBAL;cip
GL-60.0730;"Occupational Health Nurse Practitioner Residency/Fellowship Program";"Occupational Health Nurse Practitioner Residency/Fellowship Program";09;;;GLOBAL;cip
GL-51.2206;"Occupational Health and Industrial Hygiene";"Occupational Health and Industrial Hygiene";09;;;GLOBAL;cip
GL-60.0420;"Occupational Medicine Residency Program";"Occupational Medicine Residency Program";09;;;GLOBAL;cip
GL-61.2303;"Occupational Medicine Residency Program";"Occupational Medicine Residency Program";09;;;GLOBAL;cip
GL-51.0803;"Occupational Therapist Assistant";"Occupational Therapist Assistant";09;;;GLOBAL;cip
GL-51.2306;"Occupational Therapy/Therapist";"Occupational Therapy/Therapist";09;;;GLOBAL;cip
GL-51.3815;"Occupational and Environmental Health Nursing";"Occupational and Environmental Health Nursing";09;;;GLOBAL;cip
GL-60.0826;"Oncology Pharmacy Residency/Fellowship Program";"Oncology Pharmacy Residency/Fellowship Program";09;;;GLOBAL;cip
GL-51.1006;"Ophthalmic Laboratory Technology/Technician";"Ophthalmic Laboratory Technology/Technician";09;;;GLOBAL;cip
GL-51.1803;"Ophthalmic Technician/Technologist";"Ophthalmic Technician/Technologist";09;;;GLOBAL;cip
GL-51.1899;"Ophthalmic and Optometric Support Services and Allied Professions, Other";"Ophthalmic and Optometric Support Services and Allied Professions, Other";09;;;GLOBAL;cip
GL-60.0421;"Ophthalmology Residency Program";"Ophthalmology Residency Program";09;;;GLOBAL;cip
GL-61.1401;"Ophthalmology Residency Program";"Ophthalmology Residency Program";09;;;GLOBAL;cip
GL-61.1499;"Ophthalmology Residency/Fellowship Programs, Other";"Ophthalmology Residency/Fellowship Programs, Other";09;;;GLOBAL;cip
GL-51.1801;"Opticianry/Ophthalmic Dispensing Optician";"Opticianry/Ophthalmic Dispensing Optician";09;;;GLOBAL;cip
GL-51.1802;"Optometric Technician/Assistant";"Optometric Technician/Assistant";09;;;GLOBAL;cip
GL-51.1701;Optometry;Optometry;09;;;GLOBAL;cip
GL-51.0503;"Oral Biology and Oral and Maxillofacial Pathology";"Oral Biology and Oral and Maxillofacial Pathology";09;;;GLOBAL;cip
GL-60.0104;"Oral and Maxillofacial Pathology Residency Program";"Oral and Maxillofacial Pathology Residency Program";09;;;GLOBAL;cip
GL-60.0109;"Oral and Maxillofacial Radiology Residency Program";"Oral and Maxillofacial Radiology Residency Program";09;;;GLOBAL;cip
GL-60.0101;"Oral and Maxillofacial Surgery Residency Program";"Oral and Maxillofacial Surgery Residency Program";09;;;GLOBAL;cip
GL-51.0507;"Oral/Maxillofacial Surgery";"Oral/Maxillofacial Surgery";09;;;GLOBAL;cip
GL-60.0105;"Orthodontics Residency Program";"Orthodontics Residency Program";09;;;GLOBAL;cip
GL-51.0508;Orthodontics/Orthodontology;Orthodontics/Orthodontology;09;;;GLOBAL;cip
GL-60.0731;"Orthopedic Nurse Practitioner Residency/Fellowship Program";"Orthopedic Nurse Practitioner Residency/Fellowship Program";09;;;GLOBAL;cip
GL-61.1503;"Orthopedic Sports Medicine Fellowship Program";"Orthopedic Sports Medicine Fellowship Program";09;;;GLOBAL;cip
GL-60.0546;"Orthopedic Sports Medicine Residency Program";"Orthopedic Sports Medicine Residency Program";09;;;GLOBAL;cip
GL-60.0732;"Orthopedic Surgery Nurse Practitioner Residency/Fellowship Program";"Orthopedic Surgery Nurse Practitioner Residency/Fellowship Program";09;;;GLOBAL;cip
GL-60.0917;"Orthopedic Surgery Physician Assistant Residency/Fellowship Program";"Orthopedic Surgery Physician Assistant Residency/Fellowship Program";09;;;GLOBAL;cip
GL-60.0422;"Orthopedic Surgery Residency Program";"Orthopedic Surgery Residency Program";09;;;GLOBAL;cip
GL-61.1501;"Orthopedic Surgery Residency Program";"Orthopedic Surgery Residency Program";09;;;GLOBAL;cip
GL-61.1599;"Orthopedic Surgery Residency/Fellowship Programs, Other";"Orthopedic Surgery Residency/Fellowship Programs, Other";09;;;GLOBAL;cip
GL-61.1504;"Orthopedic Surgery of the Spine Fellowship Program";"Orthopedic Surgery of the Spine Fellowship Program";09;;;GLOBAL;cip
GL-60.0547;"Orthopedic Surgery of the Spine Residency Program";"Orthopedic Surgery of the Spine Residency Program";09;;;GLOBAL;cip
GL-51.0923;"Orthopedic Technology/Technician";"Orthopedic Technology/Technician";09;;;GLOBAL;cip
GL-51.1804;Orthoptics/Orthoptist;Orthoptics/Orthoptist;09;;;GLOBAL;cip
GL-51.2307;Orthotist/Prosthetist;Orthotist/Prosthetist;09;;;GLOBAL;cip
GL-61.1699;"Osteopathic Medicine Residency/Fellowship Programs, Other";"Osteopathic Medicine Residency/Fellowship Programs, Other";09;;;GLOBAL;cip
GL-51.1202;"Osteopathic Medicine/Osteopathy";"Osteopathic Medicine/Osteopathy";09;;;GLOBAL;cip
GL-51.1901;"Osteopathic Medicine/Osteopathy";"Osteopathic Medicine/Osteopathy";09;;;GLOBAL;cip
GL-61.1601;"Osteopathic Neuromusculoskeletal Medicine Residency Program";"Osteopathic Neuromusculoskeletal Medicine Residency Program";09;;;GLOBAL;cip
GL-60.0423;"Otolaryngology Residency Program";"Otolaryngology Residency Program";09;;;GLOBAL;cip
GL-61.1701;"Otolaryngology Residency Program";"Otolaryngology Residency Program";09;;;GLOBAL;cip
GL-61.1799;"Otolaryngology Residency/Fellowship Programs, Other";"Otolaryngology Residency/Fellowship Programs, Other";09;;;GLOBAL;cip
GL-51.1403;"Pain Management";"Pain Management";09;;;GLOBAL;cip
GL-60.0733;"Pain Management Nurse Practitioner Residency/Fellowship Program";"Pain Management Nurse Practitioner Residency/Fellowship Program";09;;;GLOBAL;cip
GL-61.0210;"Pain Medicine Fellowship Program";"Pain Medicine Fellowship Program";09;;;GLOBAL;cip
GL-60.0548;"Pain Medicine Residency Program";"Pain Medicine Residency Program";09;;;GLOBAL;cip
GL-60.0734;"Palliative Care Nurse Practitioner Residency/Fellowship Program";"Palliative Care Nurse Practitioner Residency/Fellowship Program";09;;;GLOBAL;cip
GL-51.3819;"Palliative Care Nursing";"Palliative Care Nursing";09;;;GLOBAL;cip
GL-60.0827;"Palliative Care/Pain Management Pharmacy Residency/Fellowship Program";"Palliative Care/Pain Management Pharmacy Residency/Fellowship Program";09;;;GLOBAL;cip
GL-60.0424;"Pathology Residency Program";"Pathology Residency Program";09;;;GLOBAL;cip
GL-61.1899;"Pathology Residency/Fellowship Programs, Other";"Pathology Residency/Fellowship Programs, Other";09;;;GLOBAL;cip
GL-51.0811;"Pathology/Pathologist Assistant";"Pathology/Pathologist Assistant";09;;;GLOBAL;cip
GL-51.2213;"Patient Safety and Healthcare Quality";"Patient Safety and Healthcare Quality";09;;;GLOBAL;cip
GL-61.1906;"Pediatric Cardiology Fellowship Program";"Pediatric Cardiology Fellowship Program";09;;;GLOBAL;cip
GL-60.0549;"Pediatric Cardiology Residency Program";"Pediatric Cardiology Residency Program";09;;;GLOBAL;cip
GL-61.1907;"Pediatric Critical Care Medicine Fellowship Program";"Pediatric Critical Care Medicine Fellowship Program";09;;;GLOBAL;cip
GL-60.0550;"Pediatric Critical Care Medicine Residency Program";"Pediatric Critical Care Medicine Residency Program";09;;;GLOBAL;cip
GL-60.0106;"Pediatric Dentistry Residency Program";"Pediatric Dentistry Residency Program";09;;;GLOBAL;cip
GL-51.0509;"Pediatric Dentistry/Pedodontics";"Pediatric Dentistry/Pedodontics";09;;;GLOBAL;cip
GL-61.0503;"Pediatric Dermatology Fellowship Program";"Pediatric Dermatology Fellowship Program";09;;;GLOBAL;cip
GL-60.0551;"Pediatric Dermatology Residency Program";"Pediatric Dermatology Residency Program";09;;;GLOBAL;cip
GL-61.1908;"Pediatric Emergency Medicine Fellowship Program";"Pediatric Emergency Medicine Fellowship Program";09;;;GLOBAL;cip
GL-60.0552;"Pediatric Emergency Medicine Residency Program";"Pediatric Emergency Medicine Residency Program";09;;;GLOBAL;cip
GL-61.1909;"Pediatric Endocrinology Fellowship Program";"Pediatric Endocrinology Fellowship Program";09;;;GLOBAL;cip
GL-60.0553;"Pediatric Endocrinology Residency Program";"Pediatric Endocrinology Residency Program";09;;;GLOBAL;cip
GL-61.1910;"Pediatric Gastroenterology Fellowship Program";"Pediatric Gastroenterology Fellowship Program";09;;;GLOBAL;cip
GL-60.0554;"Pediatric Gastroenterology Residency Program";"Pediatric Gastroenterology Residency Program";09;;;GLOBAL;cip
GL-61.1911;"Pediatric Hematology-Oncology Fellowship Program";"Pediatric Hematology-Oncology Fellowship Program";09;;;GLOBAL;cip
GL-60.0735;"Pediatric Hematology-Oncology Nurse Practitioner Residency/Fellowship Program";"Pediatric Hematology-Oncology Nurse Practitioner Residency/Fellowship Program";09;;;GLOBAL;cip
GL-60.0555;"Pediatric Hematology-Oncology Residency Program";"Pediatric Hematology-Oncology Residency Program";09;;;GLOBAL;cip
GL-61.1912;"Pediatric Infectious Diseases Fellowship Program";"Pediatric Infectious Diseases Fellowship Program";09;;;GLOBAL;cip
GL-60.0556;"Pediatric Infectious Diseases Residency Program";"Pediatric Infectious Diseases Residency Program";09;;;GLOBAL;cip
GL-61.1913;"Pediatric Nephrology Fellowship Program";"Pediatric Nephrology Fellowship Program";09;;;GLOBAL;cip
GL-60.0557;"Pediatric Nephrology Residency Program";"Pediatric Nephrology Residency Program";09;;;GLOBAL;cip
GL-60.0736;"Pediatric Nurse Practitioner Residency/Fellowship Program";"Pediatric Nurse Practitioner Residency/Fellowship Program";09;;;GLOBAL;cip
GL-51.3809;"Pediatric Nurse/Nursing";"Pediatric Nurse/Nursing";09;;;GLOBAL;cip
GL-61.1505;"Pediatric Orthopedics Fellowship Program";"Pediatric Orthopedics Fellowship Program";09;;;GLOBAL;cip
GL-60.0558;"Pediatric Orthopedics Residency Program";"Pediatric Orthopedics Residency Program";09;;;GLOBAL;cip
GL-61.1703;"Pediatric Otolaryngology Fellowship Program";"Pediatric Otolaryngology Fellowship Program";09;;;GLOBAL;cip
GL-60.0559;"Pediatric Otolaryngology Residency Program";"Pediatric Otolaryngology Residency Program";09;;;GLOBAL;cip
GL-61.1814;"Pediatric Pathology Fellowship Program";"Pediatric Pathology Fellowship Program";09;;;GLOBAL;cip
GL-60.0560;"Pediatric Pathology Residency Program";"Pediatric Pathology Residency Program";09;;;GLOBAL;cip
GL-60.0828;"Pediatric Pharmacy Residency/Fellowship Program";"Pediatric Pharmacy Residency/Fellowship Program";09;;;GLOBAL;cip
GL-61.1914;"Pediatric Pulmonology Fellowship Program";"Pediatric Pulmonology Fellowship Program";09;;;GLOBAL;cip
GL-60.0561;"Pediatric Pulmonology Residency Program";"Pediatric Pulmonology Residency Program";09;;;GLOBAL;cip
GL-61.2609;"Pediatric Radiology Fellowship Program";"Pediatric Radiology Fellowship Program";09;;;GLOBAL;cip
GL-60.0562;"Pediatric Radiology Residency Program";"Pediatric Radiology Residency Program";09;;;GLOBAL;cip
GL-61.2003;"Pediatric Rehabilitation Medicine Fellowship Program";"Pediatric Rehabilitation Medicine Fellowship Program";09;;;GLOBAL;cip
GL-60.0563;"Pediatric Rehabilitation Medicine Residency Program";"Pediatric Rehabilitation Medicine Residency Program";09;;;GLOBAL;cip
GL-60.0737;"Pediatric Rehabilitation Nurse Practitioner Residency/Fellowship Program";"Pediatric Rehabilitation Nurse Practitioner Residency/Fellowship Program";09;;;GLOBAL;cip
GL-61.1915;"Pediatric Rheumatology Fellowship Program";"Pediatric Rheumatology Fellowship Program";09;;;GLOBAL;cip
GL-60.0564;"Pediatric Rheumatology Residency Program";"Pediatric Rheumatology Residency Program";09;;;GLOBAL;cip
GL-61.2705;"Pediatric Surgery Fellowship Program";"Pediatric Surgery Fellowship Program";09;;;GLOBAL;cip
GL-60.0918;"Pediatric Surgery Physician Assistant Residency/Fellowship Program";"Pediatric Surgery Physician Assistant Residency/Fellowship Program";09;;;GLOBAL;cip
GL-60.0565;"Pediatric Surgery Residency Program";"Pediatric Surgery Residency Program";09;;;GLOBAL;cip
GL-61.1917;"Pediatric Transplant Hepatology Fellowship Program";"Pediatric Transplant Hepatology Fellowship Program";09;;;GLOBAL;cip
GL-60.0566;"Pediatric Transplant Hepatology Residency Program";"Pediatric Transplant Hepatology Residency Program";09;;;GLOBAL;cip
GL-61.2802;"Pediatric Urology Fellowship Program";"Pediatric Urology Fellowship Program";09;;;GLOBAL;cip
GL-60.0567;"Pediatric Urology Residency Program";"Pediatric Urology Residency Program";09;;;GLOBAL;cip
GL-60.0425;"Pediatrics Residency Program";"Pediatrics Residency Program";09;;;GLOBAL;cip
GL-61.1901;"Pediatrics Residency Program";"Pediatrics Residency Program";09;;;GLOBAL;cip
GL-61.1999;"Pediatrics Residency/Fellowship Programs, Other";"Pediatrics Residency/Fellowship Programs, Other";09;;;GLOBAL;cip
GL-61.0119;"Pediatrics/Anesthesiology Combined Specialty Program";"Pediatrics/Anesthesiology Combined Specialty Program";09;;;GLOBAL;cip
GL-61.0120;"Pediatrics/Emergency Medicine Combined Specialty Program";"Pediatrics/Emergency Medicine Combined Specialty Program";09;;;GLOBAL;cip
GL-61.0121;"Pediatrics/Medical Genetics and Genomics Combined Specialty Program";"Pediatrics/Medical Genetics and Genomics Combined Specialty Program";09;;;GLOBAL;cip
GL-61.0122;"Pediatrics/Physical Medicine & Rehabilitation Combined Specialty Program";"Pediatrics/Physical Medicine & Rehabilitation Combined Specialty Program";09;;;GLOBAL;cip
GL-61.0123;"Pediatrics/Psychology/Child-Adolescent Psychology Combined Specialty Program";"Pediatrics/Psychology/Child-Adolescent Psychology Combined Specialty Program";09;;;GLOBAL;cip
GL-51.0906;"Perfusion Technology/Perfusionist";"Perfusion Technology/Perfusionist";09;;;GLOBAL;cip
GL-51.0510;Periodontics/Periodontology;Periodontics/Periodontology;09;;;GLOBAL;cip
GL-60.0107;"Periodontology Residency Program";"Periodontology Residency Program";09;;;GLOBAL;cip
GL-51.3812;"Perioperative/Operating Room and Surgical Nurse/Nursing";"Perioperative/Operating Room and Surgical Nurse/Nursing";09;;;GLOBAL;cip
GL-34.0103;"Personal Health Improvement and Maintenance";"Personal Health Improvement and Maintenance";09;;;GLOBAL;cip
GL-51.2011;"Pharmaceutical Marketing and Management";"Pharmaceutical Marketing and Management";09;;;GLOBAL;cip
GL-51.2010;"Pharmaceutical Sciences";"Pharmaceutical Sciences";09;;;GLOBAL;cip
GL-51.2003;"Pharmaceutics and Drug Design";"Pharmaceutics and Drug Design";09;;;GLOBAL;cip
GL-51.2007;"Pharmacoeconomics/Pharmaceutical Economics";"Pharmacoeconomics/Pharmaceutical Economics";09;;;GLOBAL;cip
GL-60.0829;"Pharmacotherapy Pharmacy Residency/Fellowship Program";"Pharmacotherapy Pharmacy Residency/Fellowship Program";09;;;GLOBAL;cip
GL-51.2001;Pharmacy;Pharmacy;09;;;GLOBAL;cip
GL-51.2002;"Pharmacy Administration and Pharmacy Policy and Regulatory Affairs";"Pharmacy Administration and Pharmacy Policy and Regulatory Affairs";09;;;GLOBAL;cip
GL-60.0830;"Pharmacy Informatics Pharmacy Residency/Fellowship Program";"Pharmacy Informatics Pharmacy Residency/Fellowship Program";09;;;GLOBAL;cip
GL-60.0899;"Pharmacy Residency Programs, Other";"Pharmacy Residency Programs, Other";09;;;GLOBAL;cip
GL-60.0801;"Pharmacy Residency/Fellowship Program, General";"Pharmacy Residency/Fellowship Program, General";09;;;GLOBAL;cip
GL-51.0805;"Pharmacy Technician/Assistant";"Pharmacy Technician/Assistant";09;;;GLOBAL;cip
GL-51.2099;"Pharmacy, Pharmaceutical Sciences, and Administration, Other";"Pharmacy, Pharmaceutical Sciences, and Administration, Other";09;;;GLOBAL;cip
GL-51.1009;"Phlebotomy Technician/Phlebotomist";"Phlebotomy Technician/Phlebotomist";09;;;GLOBAL;cip
GL-60.0426;"Physical Medicine and Rehabilitation Residency Program";"Physical Medicine and Rehabilitation Residency Program";09;;;GLOBAL;cip
GL-61.2001;"Physical Medicine and Rehabilitation Residency Program";"Physical Medicine and Rehabilitation Residency Program";09;;;GLOBAL;cip
GL-61.2099;"Physical Medicine and Rehabilitation Residency/Fellowship Programs, Other";"Physical Medicine and Rehabilitation Residency/Fellowship Programs, Other";09;;;GLOBAL;cip
GL-60.0568;"Physical Medicine and Rehabilitation/Psychiatry Residency Program";"Physical Medicine and Rehabilitation/Psychiatry Residency Program";09;;;GLOBAL;cip
GL-51.0806;"Physical Therapy Assistant";"Physical Therapy Assistant";09;;;GLOBAL;cip
GL-51.2605;"Physical Therapy Technician/Aide";"Physical Therapy Technician/Aide";09;;;GLOBAL;cip
GL-51.2308;"Physical Therapy/Therapist";"Physical Therapy/Therapist";09;;;GLOBAL;cip
GL-60.0901;"Physician Assistant Residency/Fellowship Program, General";"Physician Assistant Residency/Fellowship Program, General";09;;;GLOBAL;cip
GL-60.0999;"Physician Assistant Residency/Fellowship Program, Other";"Physician Assistant Residency/Fellowship Program, Other";09;;;GLOBAL;cip
GL-51.0912;"Physician Associate/Assistant";"Physician Associate/Assistant";09;;;GLOBAL;cip
GL-60.0427;"Plastic Surgery Residency Program";"Plastic Surgery Residency Program";09;;;GLOBAL;cip
GL-61.2101;"Plastic Surgery Residency Program";"Plastic Surgery Residency Program";09;;;GLOBAL;cip
GL-61.2199;"Plastic Surgery Residency/Fellowship Programs, Other";"Plastic Surgery Residency/Fellowship Programs, Other";09;;;GLOBAL;cip
GL-61.2103;"Plastic Surgery Within the Head and Neck Fellowship Program";"Plastic Surgery Within the Head and Neck Fellowship Program";09;;;GLOBAL;cip
GL-60.0569;"Plastic Surgery Within the Head and Neck Residency Program";"Plastic Surgery Within the Head and Neck Residency Program";09;;;GLOBAL;cip
GL-51.2317;"Play Therapy/Therapist";"Play Therapy/Therapist";09;;;GLOBAL;cip
GL-61.2299;"Podiatric Medicine Residency/Fellowship Programs, Other";"Podiatric Medicine Residency/Fellowship Programs, Other";09;;;GLOBAL;cip
GL-60.0601;"Podiatric Medicine and Surgery - 24 Residency Program";"Podiatric Medicine and Surgery - 24 Residency Program";09;;;GLOBAL;cip
GL-60.0602;"Podiatric Medicine and Surgery - 36 Residency Program";"Podiatric Medicine and Surgery - 36 Residency Program";09;;;GLOBAL;cip
GL-61.2201;"Podiatric Medicine and Surgery Residency Program";"Podiatric Medicine and Surgery Residency Program";09;;;GLOBAL;cip
GL-51.1203;"Podiatric Medicine/Podiatry";"Podiatric Medicine/Podiatry";09;;;GLOBAL;cip
GL-51.2101;"Podiatric Medicine/Podiatry";"Podiatric Medicine/Podiatry";09;;;GLOBAL;cip
GL-51.3703;"Polarity Therapy";"Polarity Therapy";09;;;GLOBAL;cip
GL-51.0917;Polysomnography;Polysomnography;09;;;GLOBAL;cip
GL-60.0318;"Poultry Veterinarian Residency Program";"Poultry Veterinarian Residency Program";09;;;GLOBAL;cip
GL-51.3999;"Practical Nursing, Vocational Nursing and Nursing Assistants, Other";"Practical Nursing, Vocational Nursing and Nursing Assistants, Other";09;;;GLOBAL;cip
GL-51.1110;"Pre-Art Therapy";"Pre-Art Therapy";09;;;GLOBAL;cip
GL-51.1106;"Pre-Chiropractic Studies";"Pre-Chiropractic Studies";09;;;GLOBAL;cip
GL-51.1101;"Pre-Dentistry Studies";"Pre-Dentistry Studies";09;;;GLOBAL;cip
GL-51.1102;"Pre-Medicine/Pre-Medical Studies";"Pre-Medicine/Pre-Medical Studies";09;;;GLOBAL;cip
GL-51.1105;"Pre-Nursing Studies";"Pre-Nursing Studies";09;;;GLOBAL;cip
GL-51.1107;"Pre-Occupational Therapy Studies";"Pre-Occupational Therapy Studies";09;;;GLOBAL;cip
GL-51.1108;"Pre-Optometry Studies";"Pre-Optometry Studies";09;;;GLOBAL;cip
GL-51.1103;"Pre-Pharmacy Studies";"Pre-Pharmacy Studies";09;;;GLOBAL;cip
GL-51.1109;"Pre-Physical Therapy Studies";"Pre-Physical Therapy Studies";09;;;GLOBAL;cip
GL-51.1111;"Pre-Physician Assistant";"Pre-Physician Assistant";09;;;GLOBAL;cip
GL-51.1104;"Pre-Veterinary Studies";"Pre-Veterinary Studies";09;;;GLOBAL;cip
GL-61.2399;"Preventive Medicine Residency/Fellowship Programs, Other";"Preventive Medicine Residency/Fellowship Programs, Other";09;;;GLOBAL;cip
GL-60.0108;"Prosthodontics Residency Program";"Prosthodontics Residency Program";09;;;GLOBAL;cip
GL-51.0511;Prosthodontics/Prosthodontology;Prosthodontics/Prosthodontology;09;;;GLOBAL;cip
GL-60.0831;"Psychiatric Pharmacy Residency/Fellowship Program";"Psychiatric Pharmacy Residency/Fellowship Program";09;;;GLOBAL;cip
GL-60.0738;"Psychiatric/Mental Health Nurse Practitioner Residency/Fellowship Program";"Psychiatric/Mental Health Nurse Practitioner Residency/Fellowship Program";09;;;GLOBAL;cip
GL-51.3810;"Psychiatric/Mental Health Nurse/Nursing";"Psychiatric/Mental Health Nurse/Nursing";09;;;GLOBAL;cip
GL-51.1502;"Psychiatric/Mental Health Services Technician";"Psychiatric/Mental Health Services Technician";09;;;GLOBAL;cip
GL-60.0428;"Psychiatry Residency Program";"Psychiatry Residency Program";09;;;GLOBAL;cip
GL-61.2401;"Psychiatry Residency Program";"Psychiatry Residency Program";09;;;GLOBAL;cip
GL-61.2499;"Psychiatry Residency/Fellowship Programs, Other";"Psychiatry Residency/Fellowship Programs, Other";09;;;GLOBAL;cip
GL-61.0124;"Psychiatry/Neurology Combined Specialty Program";"Psychiatry/Neurology Combined Specialty Program";09;;;GLOBAL;cip
GL-51.1507;"Psychoanalysis and Psychotherapy";"Psychoanalysis and Psychotherapy";09;;;GLOBAL;cip
GL-60.0570;"Psychosomatic Medicine Residency Program";"Psychosomatic Medicine Residency Program";09;;;GLOBAL;cip
GL-51.2207;"Public Health Education and Promotion";"Public Health Education and Promotion";09;;;GLOBAL;cip
GL-51.2214;"Public Health Genetics";"Public Health Genetics";09;;;GLOBAL;cip
GL-60.0429;"Public Health and General Preventive Medicine Residency Program";"Public Health and General Preventive Medicine Residency Program";09;;;GLOBAL;cip
GL-61.2301;"Public Health and General Preventive Medicine Residency Program";"Public Health and General Preventive Medicine Residency Program";09;;;GLOBAL;cip
GL-51.2201;"Public Health, General";"Public Health, General";09;;;GLOBAL;cip
GL-51.2299;"Public Health, Other";"Public Health, Other";09;;;GLOBAL;cip
GL-51.3811;"Public Health/Community Nurse/Nursing";"Public Health/Community Nurse/Nursing";09;;;GLOBAL;cip
GL-60.0739;"Public/Community Health Nurse Practitioner Residency/Fellowship Program";"Public/Community Health Nurse Practitioner Residency/Fellowship Program";09;;;GLOBAL;cip
GL-61.0814;"Pulmonary Disease Fellowship Program";"Pulmonary Disease Fellowship Program";09;;;GLOBAL;cip
GL-60.0571;"Pulmonary Disease Residency Program";"Pulmonary Disease Residency Program";09;;;GLOBAL;cip
GL-60.0740;"Pulmonary Nurse Practitioner Residency/Fellowship Program";"Pulmonary Nurse Practitioner Residency/Fellowship Program";09;;;GLOBAL;cip
GL-60.0430;"Radiation Oncology Residency Program";"Radiation Oncology Residency Program";09;;;GLOBAL;cip
GL-61.2501;"Radiation Oncology Residency Program";"Radiation Oncology Residency Program";09;;;GLOBAL;cip
GL-61.2599;"Radiation Oncology Residency/Fellowship Programs, Other";"Radiation Oncology Residency/Fellowship Programs, Other";09;;;GLOBAL;cip
GL-51.0916;"Radiation Protection/Health Physics Technician";"Radiation Protection/Health Physics Technician";09;;;GLOBAL;cip
GL-61.1815;"Radioisotopic Pathology Fellowship Program";"Radioisotopic Pathology Fellowship Program";09;;;GLOBAL;cip
GL-60.0572;"Radioisotopic Pathology Residency Program";"Radioisotopic Pathology Residency Program";09;;;GLOBAL;cip
GL-60.0431;"Radiologic Physics Residency Program";"Radiologic Physics Residency Program";09;;;GLOBAL;cip
GL-61.2610;"Radiologic Physics Residency Program";"Radiologic Physics Residency Program";09;;;GLOBAL;cip
GL-51.0911;"Radiologic Technology/Science - Radiographer";"Radiologic Technology/Science - Radiographer";09;;;GLOBAL;cip
GL-51.0814;"Radiologist Assistant";"Radiologist Assistant";09;;;GLOBAL;cip
GL-61.2699;"Radiology Residency/Fellowship Programs, Other";"Radiology Residency/Fellowship Programs, Other";09;;;GLOBAL;cip
GL-51.3899;"Registered Nursing, Nursing Administration, Nursing Research and Clinical Nursing, Other";"Registered Nursing, Nursing Administration, Nursing Research and Clinical Nursing, Other";09;;;GLOBAL;cip
GL-51.3801;"Registered Nursing/Registered Nurse";"Registered Nursing/Registered Nurse";09;;;GLOBAL;cip
GL-51.0720;"Regulatory Science/Affairs";"Regulatory Science/Affairs";09;;;GLOBAL;cip
GL-51.2604;"Rehabilitation Aide";"Rehabilitation Aide";09;;;GLOBAL;cip
GL-51.2314;"Rehabilitation Science";"Rehabilitation Science";09;;;GLOBAL;cip
GL-51.2300;"Rehabilitation and Therapeutic Professions, General";"Rehabilitation and Therapeutic Professions, General";09;;;GLOBAL;cip
GL-51.2399;"Rehabilitation and Therapeutic Professions, Other";"Rehabilitation and Therapeutic Professions, Other";09;;;GLOBAL;cip
GL-51.3704;Reiki;Reiki;09;;;GLOBAL;cip
GL-51.1011;"Renal/Dialysis Technologist/Technician";"Renal/Dialysis Technologist/Technician";09;;;GLOBAL;cip
GL-61.0125;"Reproductive Endocrinology and Infertility/Medical Genetics and Genomics Combined Specialty Program";"Reproductive Endocrinology and Infertility/Medical Genetics and Genomics Combined Specialty Program";09;;;GLOBAL;cip
GL-61.1304;"Reproductive Endocrinology/Infertility Fellowship Program";"Reproductive Endocrinology/Infertility Fellowship Program";09;;;GLOBAL;cip
GL-60.0573;"Reproductive Endocrinology/Infertility Residency Program";"Reproductive Endocrinology/Infertility Residency Program";09;;;GLOBAL;cip
GL-51.0908;"Respiratory Care Therapy/Therapist";"Respiratory Care Therapy/Therapist";09;;;GLOBAL;cip
GL-51.0812;"Respiratory Therapy Technician/Assistant";"Respiratory Therapy Technician/Assistant";09;;;GLOBAL;cip
GL-61.0816;"Rheumatology Fellowship Program";"Rheumatology Fellowship Program";09;;;GLOBAL;cip
GL-60.0741;"Rheumatology Nurse Practitioner Residency/Fellowship Program";"Rheumatology Nurse Practitioner Residency/Fellowship Program";09;;;GLOBAL;cip
GL-60.0574;"Rheumatology Residency Program";"Rheumatology Residency Program";09;;;GLOBAL;cip
GL-60.0742;"Rural Health Nurse Practitioner Residency/Fellowship Program";"Rural Health Nurse Practitioner Residency/Fellowship Program";09;;;GLOBAL;cip
GL-61.0211;"Simulation Fellowship Program";"Simulation Fellowship Program";09;;;GLOBAL;cip
GL-61.0212;"Sleep Medicine Fellowship Program";"Sleep Medicine Fellowship Program";09;;;GLOBAL;cip
GL-60.0743;"Sleep Medicine Nurse Practitioner Residency/Fellowship Program";"Sleep Medicine Nurse Practitioner Residency/Fellowship Program";09;;;GLOBAL;cip
GL-60.0575;"Sleep Medicine Residency Program";"Sleep Medicine Residency Program";09;;;GLOBAL;cip
GL-51.2508;"Small/Companion Animal Surgery and Medicine";"Small/Companion Animal Surgery and Medicine";09;;;GLOBAL;cip
GL-44.0701;"Social Work";"Social Work";09;;;GLOBAL;cip
GL-44.0799;"Social Work, Other";"Social Work, Other";09;;;GLOBAL;cip
GL-51.3503;"Somatic Bodywork";"Somatic Bodywork";09;;;GLOBAL;cip
GL-51.3599;"Somatic Bodywork and Related Therapeutic Services, Other";"Somatic Bodywork and Related Therapeutic Services, Other";09;;;GLOBAL;cip
GL-51.0816;"Speech-Language Pathology Assistant";"Speech-Language Pathology Assistant";09;;;GLOBAL;cip
GL-51.0203;"Speech-Language Pathology/Pathologist";"Speech-Language Pathology/Pathologist";09;;;GLOBAL;cip
GL-61.2002;"Spinal Cord Injury Medicine Fellowship Program";"Spinal Cord Injury Medicine Fellowship Program";09;;;GLOBAL;cip
GL-60.0576;"Spinal Cord Injury Medicine Residency Program";"Spinal Cord Injury Medicine Residency Program";09;;;GLOBAL;cip
GL-61.0213;"Sports Medicine Fellowship Program";"Sports Medicine Fellowship Program";09;;;GLOBAL;cip
GL-60.0577;"Sports Medicine Residency Program";"Sports Medicine Residency Program";09;;;GLOBAL;cip
GL-51.1012;"Sterile Processing Technology/Technician";"Sterile Processing Technology/Technician";09;;;GLOBAL;cip
GL-51.1501;"Substance Abuse/Addiction Counseling";"Substance Abuse/Addiction Counseling";09;;;GLOBAL;cip
GL-61.2799;"Surgery Residency/Fellowship Programs, Other";"Surgery Residency/Fellowship Programs, Other";09;;;GLOBAL;cip
GL-61.0214;"Surgery of the Hand Fellowship Program";"Surgery of the Hand Fellowship Program";09;;;GLOBAL;cip
GL-60.0578;"Surgery of the Hand Residency Program";"Surgery of the Hand Residency Program";09;;;GLOBAL;cip
GL-61.2706;"Surgical Critical Care Fellowship Program";"Surgical Critical Care Fellowship Program";09;;;GLOBAL;cip
GL-60.0579;"Surgical Critical Care Residency Program";"Surgical Critical Care Residency Program";09;;;GLOBAL;cip
GL-51.0909;"Surgical Technology/Technologist";"Surgical Technology/Technologist";09;;;GLOBAL;cip
GL-60.0745;"Surgical Wound and Reconstruction Nurse Practitioner Residency/Fellowship Program";"Surgical Wound and Reconstruction Nurse Practitioner Residency/Fellowship Program";09;;;GLOBAL;cip
GL-60.0744;"Surgical and Critical Care Nurse Practitioner Residency/Fellowship Program";"Surgical and Critical Care Nurse Practitioner Residency/Fellowship Program";09;;;GLOBAL;cip
GL-61.0215;"Telemedicine Fellowship Program";"Telemedicine Fellowship Program";09;;;GLOBAL;cip
GL-51.1404;"Temporomandibular Disorders and Orofacial Pain";"Temporomandibular Disorders and Orofacial Pain";09;;;GLOBAL;cip
GL-60.0580;"Therapeutic Radiologic Physics Residency Program";"Therapeutic Radiologic Physics Residency Program";09;;;GLOBAL;cip
GL-61.2611;"Therapeutic Radiologic Physics Residency Program";"Therapeutic Radiologic Physics Residency Program";09;;;GLOBAL;cip
GL-51.2309;"Therapeutic Recreation/Recreational Therapy";"Therapeutic Recreation/Recreational Therapy";09;;;GLOBAL;cip
GL-60.0315;"Theriogenology Residency Program";"Theriogenology Residency Program";09;;;GLOBAL;cip
GL-61.2707;"Thoracic Surgery Fellowship Program";"Thoracic Surgery Fellowship Program";09;;;GLOBAL;cip
GL-60.0432;"Thoracic Surgery Residency Program";"Thoracic Surgery Residency Program";09;;;GLOBAL;cip
GL-51.3302;"Traditional Chinese Medicine and Chinese Herbology";"Traditional Chinese Medicine and Chinese Herbology";09;;;GLOBAL;cip
GL-61.0818;"Transplant Hepatology Fellowship Program";"Transplant Hepatology Fellowship Program";09;;;GLOBAL;cip
GL-60.0581;"Transplant Hepatology Residency Program";"Transplant Hepatology Residency Program";09;;;GLOBAL;cip
GL-60.0919;"Transplant Surgery Physician Assistant Residency/Fellowship Program";"Transplant Surgery Physician Assistant Residency/Fellowship Program";09;;;GLOBAL;cip
GL-60.0746;"Transplantation Nurse Practitioner Residency/Fellowship Program";"Transplantation Nurse Practitioner Residency/Fellowship Program";09;;;GLOBAL;cip
GL-60.0832;"Transplantation Pharmacy Residency/Fellowship Program";"Transplantation Pharmacy Residency/Fellowship Program";09;;;GLOBAL;cip
GL-51.1513;"Trauma Counseling";"Trauma Counseling";09;;;GLOBAL;cip
GL-60.0747;"Trauma and Critical Care Nurse Practitioner Residency/Fellowship Program";"Trauma and Critical Care Nurse Practitioner Residency/Fellowship Program";09;;;GLOBAL;cip
GL-51.1405;"Tropical Medicine";"Tropical Medicine";09;;;GLOBAL;cip
GL-61.0216;"Undersea and Hyperbaric Medicine Fellowship Program";"Undersea and Hyperbaric Medicine Fellowship Program";09;;;GLOBAL;cip
GL-60.0582;"Undersea and Hyperbaric Medicine Residency Program";"Undersea and Hyperbaric Medicine Residency Program";09;;;GLOBAL;cip
GL-60.0748;"Urgent Care Nurse Practitioner Residency/Fellowship Program";"Urgent Care Nurse Practitioner Residency/Fellowship Program";09;;;GLOBAL;cip
GL-60.0749;"Urology Nurse Practitioner Residency/Fellowship Program";"Urology Nurse Practitioner Residency/Fellowship Program";09;;;GLOBAL;cip
GL-60.0920;"Urology Physician Assistant Residency/Fellowship Program";"Urology Physician Assistant Residency/Fellowship Program";09;;;GLOBAL;cip
GL-60.0433;"Urology Residency Program";"Urology Residency Program";09;;;GLOBAL;cip
GL-61.2801;"Urology Residency Program";"Urology Residency Program";09;;;GLOBAL;cip
GL-61.2899;"Urology Residency/Fellowship Programs, Other";"Urology Residency/Fellowship Programs, Other";09;;;GLOBAL;cip
GL-61.1107;"Vascular Neurology Fellowship Program";"Vascular Neurology Fellowship Program";09;;;GLOBAL;cip
GL-60.0584;"Vascular Neurology Residency Program";"Vascular Neurology Residency Program";09;;;GLOBAL;cip
GL-61.2708;"Vascular Surgery Fellowship Program";"Vascular Surgery Fellowship Program";09;;;GLOBAL;cip
GL-60.0434;"Vascular Surgery Residency Program";"Vascular Surgery Residency Program";09;;;GLOBAL;cip
GL-61.2612;"Vascular and Interventional Radiology Fellowship Program";"Vascular and Interventional Radiology Fellowship Program";09;;;GLOBAL;cip
GL-60.0583;"Vascular and Interventional Radiology Residency Program";"Vascular and Interventional Radiology Residency Program";09;;;GLOBAL;cip
GL-51.2502;"Veterinary Anatomy";"Veterinary Anatomy";09;;;GLOBAL;cip
GL-60.0301;"Veterinary Anesthesiology Residency Program";"Veterinary Anesthesiology Residency Program";09;;;GLOBAL;cip
GL-60.0319;"Veterinary Behaviorist Residency Program";"Veterinary Behaviorist Residency Program";09;;;GLOBAL;cip
GL-51.2599;"Veterinary Biomedical and Clinical Sciences, Other";"Veterinary Biomedical and Clinical Sciences, Other";09;;;GLOBAL;cip
GL-60.0320;"Veterinary Clinical Pharmacology Residency Program";"Veterinary Clinical Pharmacology Residency Program";09;;;GLOBAL;cip
GL-60.0302;"Veterinary Dentistry Residency Program";"Veterinary Dentistry Residency Program";09;;;GLOBAL;cip
GL-60.0303;"Veterinary Dermatology Residency Program";"Veterinary Dermatology Residency Program";09;;;GLOBAL;cip
GL-60.0304;"Veterinary Emergency and Critical Care Medicine Residency Program";"Veterinary Emergency and Critical Care Medicine Residency Program";09;;;GLOBAL;cip
GL-51.2511;"Veterinary Infectious Diseases";"Veterinary Infectious Diseases";09;;;GLOBAL;cip
GL-60.0305;"Veterinary Internal Medicine Residency Program";"Veterinary Internal Medicine Residency Program";09;;;GLOBAL;cip
GL-51.2401;"Veterinary Medicine";"Veterinary Medicine";09;;;GLOBAL;cip
GL-60.0307;"Veterinary Microbiology Residency Program";"Veterinary Microbiology Residency Program";09;;;GLOBAL;cip
GL-51.2504;"Veterinary Microbiology and Immunobiology";"Veterinary Microbiology and Immunobiology";09;;;GLOBAL;cip
GL-60.0308;"Veterinary Nutrition Residency Program";"Veterinary Nutrition Residency Program";09;;;GLOBAL;cip
GL-60.0309;"Veterinary Ophthalmology Residency Program";"Veterinary Ophthalmology Residency Program";09;;;GLOBAL;cip
GL-60.0310;"Veterinary Pathology Residency Program";"Veterinary Pathology Residency Program";09;;;GLOBAL;cip
GL-51.2505;"Veterinary Pathology and Pathobiology";"Veterinary Pathology and Pathobiology";09;;;GLOBAL;cip
GL-51.2503;"Veterinary Physiology";"Veterinary Physiology";09;;;GLOBAL;cip
GL-60.0311;"Veterinary Practice Residency Program";"Veterinary Practice Residency Program";09;;;GLOBAL;cip
GL-60.0312;"Veterinary Preventive Medicine Residency Program";"Veterinary Preventive Medicine Residency Program";09;;;GLOBAL;cip
GL-51.2510;"Veterinary Preventive Medicine, Epidemiology, and Public Health";"Veterinary Preventive Medicine, Epidemiology, and Public Health";09;;;GLOBAL;cip
GL-60.0313;"Veterinary Radiology Residency Program";"Veterinary Radiology Residency Program";09;;;GLOBAL;cip
GL-60.0399;"Veterinary Residency/Fellowship Program, Other";"Veterinary Residency/Fellowship Program, Other";09;;;GLOBAL;cip
GL-51.2501;"Veterinary Sciences/Veterinary Clinical Sciences, General";"Veterinary Sciences/Veterinary Clinical Sciences, General";09;;;GLOBAL;cip
GL-60.0314;"Veterinary Surgery Residency Program";"Veterinary Surgery Residency Program";09;;;GLOBAL;cip
GL-60.0316;"Veterinary Toxicology Residency Program";"Veterinary Toxicology Residency Program";09;;;GLOBAL;cip
GL-51.2506;"Veterinary Toxicology and Pharmacology";"Veterinary Toxicology and Pharmacology";09;;;GLOBAL;cip
GL-51.0808;"Veterinary/Animal Health Technology/Technician and Veterinary Assistant";"Veterinary/Animal Health Technology/Technician and Veterinary Assistant";09;;;GLOBAL;cip
GL-51.2310;"Vocational Rehabilitation Counseling/Counselor";"Vocational Rehabilitation Counseling/Counselor";09;;;GLOBAL;cip
GL-61.0217;"Wilderness Medicine Fellowship Program";"Wilderness Medicine Fellowship Program";09;;;GLOBAL;cip
GL-61.0218;"Women's Health Fellowship Program";"Women's Health Fellowship Program";09;;;GLOBAL;cip
GL-60.0750;"Women's Health Nurse Practitioner Residency/Fellowship Program";"Women's Health Nurse Practitioner Residency/Fellowship Program";09;;;GLOBAL;cip
GL-51.3822;"Women's Health Nurse/Nursing";"Women's Health Nurse/Nursing";09;;;GLOBAL;cip
GL-60.0751;"Wound Care Nurse Practitioner Residency/Fellowship Program";"Wound Care Nurse Practitioner Residency/Fellowship Program";09;;;GLOBAL;cip
GL-51.3602;"Yoga Teacher Training/Yoga Therapy";"Yoga Teacher Training/Yoga Therapy";09;;;GLOBAL;cip
GL-44.0702;"Youth Services/Administration";"Youth Services/Administration";09;;;GLOBAL;cip
GL-60.0317;"Zoological Medicine Residency Program";"Zoological Medicine Residency Program";09;;;GLOBAL;cip
GL-19.0702;"Adult Development and Aging";"Adult Development and Aging";10;;;GLOBAL;cip
GL-28.0504;"Advanced Military and Operational Studies";"Advanced Military and Operational Studies";10;;;GLOBAL;cip
GL-49.0101;"Aeronautics/Aviation/Aerospace Science and Technology, General";"Aeronautics/Aviation/Aerospace Science and Technology, General";10;;;GLOBAL;cip
GL-29.0401;"Aerospace Ground Equipment Technology";"Aerospace Ground Equipment Technology";10;;;GLOBAL;cip
GL-12.0409;"Aesthetician/Esthetician and Skin Care Specialist";"Aesthetician/Esthetician and Skin Care Specialist";10;;;GLOBAL;cip
GL-28.0101;"Air Force JROTC/ROTC";"Air Force JROTC/ROTC";10;;;GLOBAL;cip
GL-28.0199;"Air Force ROTC, Air Science and Operations, Other";"Air Force ROTC, Air Science and Operations, Other";10;;;GLOBAL;cip
GL-28.0501;"Air Science/Airpower Studies";"Air Science/Airpower Studies";10;;;GLOBAL;cip
GL-49.0105;"Air Traffic Controller";"Air Traffic Controller";10;;;GLOBAL;cip
GL-49.0199;"Air Transportation, Other";"Air Transportation, Other";10;;;GLOBAL;cip
GL-28.0502;"Air and Space Operational Art and Science";"Air and Space Operational Art and Science";10;;;GLOBAL;cip
GL-29.0402;"Air and Space Operations Technology";"Air and Space Operations Technology";10;;;GLOBAL;cip
GL-29.0403;"Aircraft Armament Systems Technology";"Aircraft Armament Systems Technology";10;;;GLOBAL;cip
GL-36.0119;"Aircraft Pilot (Private)";"Aircraft Pilot (Private)";10;;;GLOBAL;cip
GL-36.0202;"Aircraft Pilot (Private)";"Aircraft Pilot (Private)";10;;;GLOBAL;cip
GL-49.0106;"Airline Flight Attendant";"Airline Flight Attendant";10;;;GLOBAL;cip
GL-49.0102;"Airline/Commercial/Professional Pilot and Flight Crew";"Airline/Commercial/Professional Pilot and Flight Crew";10;;;GLOBAL;cip
GL-19.0902;"Apparel and Textile Manufacture";"Apparel and Textile Manufacture";10;;;GLOBAL;cip
GL-19.0905;"Apparel and Textile Marketing Management";"Apparel and Textile Marketing Management";10;;;GLOBAL;cip
GL-19.0901;"Apparel and Textiles, General";"Apparel and Textiles, General";10;;;GLOBAL;cip
GL-19.0999;"Apparel and Textiles, Other";"Apparel and Textiles, Other";10;;;GLOBAL;cip
GL-28.0301;"Army JROTC/ROTC";"Army JROTC/ROTC";10;;;GLOBAL;cip
GL-28.0399;"Army ROTC, Military Science and Operations, Other";"Army ROTC, Military Science and Operations, Other";10;;;GLOBAL;cip
GL-36.0110;Art;Art;10;;;GLOBAL;cip
GL-36.0203;"Automobile Driver Education";"Automobile Driver Education";10;;;GLOBAL;cip
GL-49.0104;"Aviation/Airway Management and Operations";"Aviation/Airway Management and Operations";10;;;GLOBAL;cip
GL-12.0501;"Baking and Pastry Arts/Baker/Pastry Chef";"Baking and Pastry Arts/Baker/Pastry Chef";10;;;GLOBAL;cip
GL-12.0402;Barbering/Barber;Barbering/Barber;10;;;GLOBAL;cip
GL-12.0502;Bartending/Bartender;Bartending/Bartender;10;;;GLOBAL;cip
GL-36.0120;Beekeeping;Beekeeping;10;;;GLOBAL;cip
GL-36.0103;"Board, Card and Role-Playing Games";"Board, Card and Role-Playing Games";10;;;GLOBAL;cip
GL-19.0201;"Business Family and Consumer Sciences/Human Sciences";"Business Family and Consumer Sciences/Human Sciences";10;;;GLOBAL;cip
GL-12.0602;"Casino Dealing";"Casino Dealing";10;;;GLOBAL;cip
GL-12.0601;"Casino Operations and Services, General";"Casino Operations and Services, General";10;;;GLOBAL;cip
GL-12.0699;"Casino Operations and Services, Other";"Casino Operations and Services, Other";10;;;GLOBAL;cip
GL-19.0709;"Child Care Provider/Assistant";"Child Care Provider/Assistant";10;;;GLOBAL;cip
GL-19.0708;"Child Care and Support Services Management";"Child Care and Support Services Management";10;;;GLOBAL;cip
GL-19.0706;"Child Development";"Child Development";10;;;GLOBAL;cip
GL-36.0111;Collecting;Collecting;10;;;GLOBAL;cip
GL-29.0301;"Combat Systems Engineering";"Combat Systems Engineering";10;;;GLOBAL;cip
GL-29.0204;"Command & Control (C3, C4I) Systems and Operations";"Command & Control (C3, C4I) Systems and Operations";10;;;GLOBAL;cip
GL-49.0303;"Commercial Fishing";"Commercial Fishing";10;;;GLOBAL;cip
GL-36.0113;"Computer Games and Programming Skills";"Computer Games and Programming Skills";10;;;GLOBAL;cip
GL-49.0202;"Construction/Heavy Equipment/Earthmoving Equipment Operation";"Construction/Heavy Equipment/Earthmoving Equipment Operation";10;;;GLOBAL;cip
GL-19.0402;"Consumer Economics";"Consumer Economics";10;;;GLOBAL;cip
GL-19.0203;"Consumer Merchandising/Retailing Management";"Consumer Merchandising/Retailing Management";10;;;GLOBAL;cip
GL-19.0403;"Consumer Services and Advocacy";"Consumer Services and Advocacy";10;;;GLOBAL;cip
GL-36.0112;"Cooking and Other Domestic Skills";"Cooking and Other Domestic Skills";10;;;GLOBAL;cip
GL-12.0500;"Cooking and Related Culinary Arts, General";"Cooking and Related Culinary Arts, General";10;;;GLOBAL;cip
GL-43.0102;Corrections;Corrections;10;;;GLOBAL;cip
GL-43.0113;"Corrections Administration";"Corrections Administration";10;;;GLOBAL;cip
GL-43.0199;"Corrections and Criminal Justice, Other";"Corrections and Criminal Justice, Other";10;;;GLOBAL;cip
GL-12.0499;"Cosmetology and Related Personal Grooming Arts, Other";"Cosmetology and Related Personal Grooming Arts, Other";10;;;GLOBAL;cip
GL-12.0413;"Cosmetology, Barber/Styling, and Nail Instructor";"Cosmetology, Barber/Styling, and Nail Instructor";10;;;GLOBAL;cip
GL-12.0401;"Cosmetology/Cosmetologist, General";"Cosmetology/Cosmetologist, General";10;;;GLOBAL;cip
GL-43.0100;"Criminal Justice and Corrections, General";"Criminal Justice and Corrections, General";10;;;GLOBAL;cip
GL-43.0103;"Criminal Justice/Law Enforcement Administration";"Criminal Justice/Law Enforcement Administration";10;;;GLOBAL;cip
GL-43.0107;"Criminal Justice/Police Science";"Criminal Justice/Police Science";10;;;GLOBAL;cip
GL-43.0104;"Criminal Justice/Safety Studies";"Criminal Justice/Safety Studies";10;;;GLOBAL;cip
GL-43.0111;"Criminalistics and Criminal Science";"Criminalistics and Criminal Science";10;;;GLOBAL;cip
GL-43.0402;"Criminalistics and Criminal Science";"Criminalistics and Criminal Science";10;;;GLOBAL;cip
GL-43.0302;"Crisis/Emergency/Disaster Management";"Crisis/Emergency/Disaster Management";10;;;GLOBAL;cip
GL-43.0119;"Critical Incident Response/Special Police Operations";"Critical Incident Response/Special Police Operations";10;;;GLOBAL;cip
GL-43.0303;"Critical Infrastructure Protection";"Critical Infrastructure Protection";10;;;GLOBAL;cip
GL-12.0599;"Culinary Arts and Related Services, Other";"Culinary Arts and Related Services, Other";10;;;GLOBAL;cip
GL-12.0503;"Culinary Arts/Chef Training";"Culinary Arts/Chef Training";10;;;GLOBAL;cip
GL-12.0509;"Culinary Science/Culinology";"Culinary Science/Culinology";10;;;GLOBAL;cip
GL-12.9999;"Culinary, Entertainment, and Personal Services, Other";"Culinary, Entertainment, and Personal Services, Other";10;;;GLOBAL;cip
GL-43.0123;"Cultural/Archaelogical Resources Protection";"Cultural/Archaelogical Resources Protection";10;;;GLOBAL;cip
GL-43.0116;"Cyber/Computer Forensics and Counterterrorism";"Cyber/Computer Forensics and Counterterrorism";10;;;GLOBAL;cip
GL-43.0403;"Cyber/Computer Forensics and Counterterrorism";"Cyber/Computer Forensics and Counterterrorism";10;;;GLOBAL;cip
GL-29.0207;"Cyber/Electronic Operations and Warfare";"Cyber/Electronic Operations and Warfare";10;;;GLOBAL;cip
GL-43.0404;"Cybersecurity Defense Strategy/Policy";"Cybersecurity Defense Strategy/Policy";10;;;GLOBAL;cip
GL-36.0114;Dancing;Dancing;10;;;GLOBAL;cip
GL-19.0710;"Developmental Services Worker";"Developmental Services Worker";10;;;GLOBAL;cip
GL-29.0302;"Directed Energy Systems";"Directed Energy Systems";10;;;GLOBAL;cip
GL-49.0304;"Diver, Professional and Instructor";"Diver, Professional and Instructor";10;;;GLOBAL;cip
GL-19.0711;"Early Childhood and Family Studies";"Early Childhood and Family Studies";10;;;GLOBAL;cip
GL-12.0404;"Electrolysis/Electrology and Electrolysis Technician";"Electrolysis/Electrology and Electrolysis Technician";10;;;GLOBAL;cip
GL-29.0303;"Engineering Acoustics";"Engineering Acoustics";10;;;GLOBAL;cip
GL-31.0505;"Exercise Science and Kinesiology";"Exercise Science and Kinesiology";10;;;GLOBAL;cip
GL-29.0404;"Explosive Ordinance/Bomb Disposal";"Explosive Ordinance/Bomb Disposal";10;;;GLOBAL;cip
GL-12.0408;"Facial Treatment Specialist/Facialist";"Facial Treatment Specialist/Facialist";10;;;GLOBAL;cip
GL-19.0604;"Facilities Planning and Management";"Facilities Planning and Management";10;;;GLOBAL;cip
GL-19.0401;"Family Resource Management Studies, General";"Family Resource Management Studies, General";10;;;GLOBAL;cip
GL-19.0704;"Family Systems";"Family Systems";10;;;GLOBAL;cip
GL-19.0707;"Family and Community Services";"Family and Community Services";10;;;GLOBAL;cip
GL-19.0499;"Family and Consumer Economics and Related Services, Other";"Family and Consumer Economics and Related Services, Other";10;;;GLOBAL;cip
GL-19.0299;"Family and Consumer Sciences/Human Sciences Business Services, Other";"Family and Consumer Sciences/Human Sciences Business Services, Other";10;;;GLOBAL;cip
GL-19.0202;"Family and Consumer Sciences/Human Sciences Communication";"Family and Consumer Sciences/Human Sciences Communication";10;;;GLOBAL;cip
GL-19.0101;"Family and Consumer Sciences/Human Sciences, General";"Family and Consumer Sciences/Human Sciences, General";10;;;GLOBAL;cip
GL-19.9999;"Family and Consumer Sciences/Human Sciences, Other";"Family and Consumer Sciences/Human Sciences, Other";10;;;GLOBAL;cip
GL-19.0906;"Fashion and Fabric Consultant";"Fashion and Fabric Consultant";10;;;GLOBAL;cip
GL-43.0117;"Financial Forensics and Fraud Investigation";"Financial Forensics and Fraud Investigation";10;;;GLOBAL;cip
GL-43.0405;"Financial Forensics and Fraud Investigation";"Financial Forensics and Fraud Investigation";10;;;GLOBAL;cip
GL-43.0201;"Fire Prevention and Safety Technology/Technician";"Fire Prevention and Safety Technology/Technician";10;;;GLOBAL;cip
GL-43.0299;"Fire Protection, Other";"Fire Protection, Other";10;;;GLOBAL;cip
GL-43.0203;"Fire Science/Fire-fighting";"Fire Science/Fire-fighting";10;;;GLOBAL;cip
GL-43.0202;"Fire Services Administration";"Fire Services Administration";10;;;GLOBAL;cip
GL-43.0204;"Fire Systems Technology";"Fire Systems Technology";10;;;GLOBAL;cip
GL-43.0205;"Fire/Arson Investigation and Prevention";"Fire/Arson Investigation and Prevention";10;;;GLOBAL;cip
GL-36.0121;"Firearms Training/Safety";"Firearms Training/Safety";10;;;GLOBAL;cip
GL-49.0207;"Flagging and Traffic Control";"Flagging and Traffic Control";10;;;GLOBAL;cip
GL-49.0108;"Flight Instructor";"Flight Instructor";10;;;GLOBAL;cip
GL-36.0122;"Floral Design/Arrangement";"Floral Design/Arrangement";10;;;GLOBAL;cip
GL-12.0505;"Food Preparation/Professional Cooking/Kitchen Assistant";"Food Preparation/Professional Cooking/Kitchen Assistant";10;;;GLOBAL;cip
GL-12.0507;"Food Service, Waiter/Waitress, and Dining Room Management/Manager";"Food Service, Waiter/Waitress, and Dining Room Management/Manager";10;;;GLOBAL;cip
GL-19.0599;"Foods, Nutrition, and Related Services, Other";"Foods, Nutrition, and Related Services, Other";10;;;GLOBAL;cip
GL-19.0501;"Foods, Nutrition, and Wellness Studies, General";"Foods, Nutrition, and Wellness Studies, General";10;;;GLOBAL;cip
GL-19.0505;"Foodservice Systems Administration/Management";"Foodservice Systems Administration/Management";10;;;GLOBAL;cip
GL-43.0106;"Forensic Science and Technology";"Forensic Science and Technology";10;;;GLOBAL;cip
GL-43.0406;"Forensic Science and Technology";"Forensic Science and Technology";10;;;GLOBAL;cip
GL-49.0209;"Forklift Operation/Operator";"Forklift Operation/Operator";10;;;GLOBAL;cip
GL-12.0302;"Funeral Direction/Service";"Funeral Direction/Service";10;;;GLOBAL;cip
GL-12.0301;"Funeral Service and Mortuary Science, General";"Funeral Service and Mortuary Science, General";10;;;GLOBAL;cip
GL-12.0399;"Funeral Service and Mortuary Science, Other";"Funeral Service and Mortuary Science, Other";10;;;GLOBAL;cip
GL-43.0407;"Geospatial Intelligence";"Geospatial Intelligence";10;;;GLOBAL;cip
GL-31.0302;"Golf Course Operation and Grounds Management";"Golf Course Operation and Grounds Management";10;;;GLOBAL;cip
GL-49.0299;"Ground Transportation, Other";"Ground Transportation, Other";10;;;GLOBAL;cip
GL-12.0407;"Hair Styling/Stylist and Hair Design";"Hair Styling/Stylist and Hair Design";10;;;GLOBAL;cip
GL-36.0102;"Handicrafts and Model-Making";"Handicrafts and Model-Making";10;;;GLOBAL;cip
GL-36.0204;"Helicopter Pilot (Private)";"Helicopter Pilot (Private)";10;;;GLOBAL;cip
GL-19.0605;"Home Furnishings and Equipment Installers";"Home Furnishings and Equipment Installers";10;;;GLOBAL;cip
GL-36.0105;"Home Maintenance and Improvement";"Home Maintenance and Improvement";10;;;GLOBAL;cip
GL-43.0301;"Homeland Security";"Homeland Security";10;;;GLOBAL;cip
GL-43.9999;"Homeland Security, Law Enforcement, Firefighting and Related Protective Services, Other";"Homeland Security, Law Enforcement, Firefighting and Related Protective Services, Other";10;;;GLOBAL;cip
GL-43.0399;"Homeland Security, Other";"Homeland Security, Other";10;;;GLOBAL;cip
GL-19.0601;"Housing and Human Environments, General";"Housing and Human Environments, General";10;;;GLOBAL;cip
GL-19.0699;"Housing and Human Environments, Other";"Housing and Human Environments, Other";10;;;GLOBAL;cip
GL-19.0701;"Human Development and Family Studies, General";"Human Development and Family Studies, General";10;;;GLOBAL;cip
GL-19.0799;"Human Development, Family Studies, and Related Services, Other";"Human Development, Family Studies, and Related Services, Other";10;;;GLOBAL;cip
GL-19.0504;"Human Nutrition";"Human Nutrition";10;;;GLOBAL;cip
GL-28.0702;"Industry Studies";"Industry Studies";10;;;GLOBAL;cip
GL-29.0205;"Information Operations/Joint Information Operations";"Information Operations/Joint Information Operations";10;;;GLOBAL;cip
GL-29.0206;"Information/Psychological Warfare and Military Media Relations";"Information/Psychological Warfare and Military Media Relations";10;;;GLOBAL;cip
GL-12.0508;"Institutional Food Workers";"Institutional Food Workers";10;;;GLOBAL;cip
GL-29.0299;"Intelligence, Command Control and Information Operations, Other";"Intelligence, Command Control and Information Operations, Other";10;;;GLOBAL;cip
GL-29.0201;"Intelligence, General";"Intelligence, General";10;;;GLOBAL;cip
GL-29.0405;"Joint Command/Task Force (C3, C4I) Systems";"Joint Command/Task Force (C3, C4I) Systems";10;;;GLOBAL;cip
GL-28.0604;"Joint Operations Planning and Strategy";"Joint Operations Planning and Strategy";10;;;GLOBAL;cip
GL-43.0110;"Juvenile Corrections";"Juvenile Corrections";10;;;GLOBAL;cip
GL-43.0118;"Law Enforcement Intelligence Analysis";"Law Enforcement Intelligence Analysis";10;;;GLOBAL;cip
GL-43.0408;"Law Enforcement Intelligence Analysis";"Law Enforcement Intelligence Analysis";10;;;GLOBAL;cip
GL-43.0114;"Law Enforcement Investigation and Interviewing";"Law Enforcement Investigation and Interviewing";10;;;GLOBAL;cip
GL-43.0115;"Law Enforcement Record-Keeping and Evidence Management";"Law Enforcement Record-Keeping and Evidence Management";10;;;GLOBAL;cip
GL-36.0101;"Leisure and Recreational Activities, General";"Leisure and Recreational Activities, General";10;;;GLOBAL;cip
GL-36.0199;"Leisure and Recreational Activities, Other";"Leisure and Recreational Activities, Other";10;;;GLOBAL;cip
GL-29.0304;"Low-Observables and Stealth Technology";"Low-Observables and Stealth Technology";10;;;GLOBAL;cip
GL-12.0406;"Make-Up Artist/Specialist";"Make-Up Artist/Specialist";10;;;GLOBAL;cip
GL-49.0309;"Marine Science/Merchant Marine Officer";"Marine Science/Merchant Marine Officer";10;;;GLOBAL;cip
GL-49.0399;"Marine Transportation, Other";"Marine Transportation, Other";10;;;GLOBAL;cip
GL-43.0122;"Maritime Law Enforcement";"Maritime Law Enforcement";10;;;GLOBAL;cip
GL-12.0414;"Master Aesthetician/Esthetician";"Master Aesthetician/Esthetician";10;;;GLOBAL;cip
GL-36.0123;"Master Gardener/Gardening";"Master Gardener/Gardening";10;;;GLOBAL;cip
GL-12.0506;"Meat Cutting/Meat Cutter";"Meat Cutting/Meat Cutter";10;;;GLOBAL;cip
GL-29.0399;"Military Applied Sciences, Other";"Military Applied Sciences, Other";10;;;GLOBAL;cip
GL-28.0799;"Military Economics and Management, Other";"Military Economics and Management, Other";10;;;GLOBAL;cip
GL-29.0406;"Military Information Systems Technology";"Military Information Systems Technology";10;;;GLOBAL;cip
GL-28.0703;"Military Installation Management";"Military Installation Management";10;;;GLOBAL;cip
GL-28.0503;"Military Operational Art and Science/Studies";"Military Operational Art and Science/Studies";10;;;GLOBAL;cip
GL-28.0599;"Military Science and Operational Studies, Other";"Military Science and Operational Studies, Other";10;;;GLOBAL;cip
GL-28.9999;"Military Science, Leadership and Operational Art, Other";"Military Science, Leadership and Operational Art, Other";10;;;GLOBAL;cip
GL-29.0499;"Military Systems and Maintenance Technology, Other";"Military Systems and Maintenance Technology, Other";10;;;GLOBAL;cip
GL-29.9999;"Military Technologies and Applied Sciences, Other";"Military Technologies and Applied Sciences, Other";10;;;GLOBAL;cip
GL-29.0601;"Military Technology and Applied Sciences Management";"Military Technology and Applied Sciences Management";10;;;GLOBAL;cip
GL-28.0603;"Military and International Operational Law";"Military and International Operational Law";10;;;GLOBAL;cip
GL-28.0602;"Military and Strategic Leadership";"Military and Strategic Leadership";10;;;GLOBAL;cip
GL-29.0407;"Missile and Space Systems Technology";"Missile and Space Systems Technology";10;;;GLOBAL;cip
GL-49.0206;"Mobil Crane Operator/Operation";"Mobil Crane Operator/Operation";10;;;GLOBAL;cip
GL-12.0303;"Mortuary Science and Embalming/Embalmer";"Mortuary Science and Embalming/Embalmer";10;;;GLOBAL;cip
GL-36.0205;"Motorcycle Rider Education";"Motorcycle Rider Education";10;;;GLOBAL;cip
GL-29.0408;"Munitions Systems/Ordinance Technology";"Munitions Systems/Ordinance Technology";10;;;GLOBAL;cip
GL-36.0115;Music;Music;10;;;GLOBAL;cip
GL-12.0410;"Nail Technician/Specialist and Manicurist";"Nail Technician/Specialist and Manicurist";10;;;GLOBAL;cip
GL-28.0701;"National Resource Strategy and Policy";"National Resource Strategy and Policy";10;;;GLOBAL;cip
GL-28.0699;"National Security Policy and Strategy, Other";"National Security Policy and Strategy, Other";10;;;GLOBAL;cip
GL-36.0106;"Nature Appreciation";"Nature Appreciation";10;;;GLOBAL;cip
GL-28.0505;"Naval Science and Operational Studies";"Naval Science and Operational Studies";10;;;GLOBAL;cip
GL-28.0401;"Navy/Marine Corps JROTC/ROTC";"Navy/Marine Corps JROTC/ROTC";10;;;GLOBAL;cip
GL-28.0499;"Navy/Marine Corps ROTC, Naval Science and Operations, Other";"Navy/Marine Corps ROTC, Naval Science and Operations, Other";10;;;GLOBAL;cip
GL-36.0299;"Noncommercial Vehicle Operation, Other";"Noncommercial Vehicle Operation, Other";10;;;GLOBAL;cip
GL-29.0306;"Operational Oceanography";"Operational Oceanography";10;;;GLOBAL;cip
GL-31.0601;"Outdoor Education";"Outdoor Education";10;;;GLOBAL;cip
GL-19.0712;"Parent Education Services";"Parent Education Services";10;;;GLOBAL;cip
GL-31.9999;"Parks, Recreation, Leisure, Fitness, and Kinesiology, Other";"Parks, Recreation, Leisure, Fitness, and Kinesiology, Other";10;;;GLOBAL;cip
GL-31.0301;"Parks, Recreation, and Leisure Facilities Management, General";"Parks, Recreation, and Leisure Facilities Management, General";10;;;GLOBAL;cip
GL-31.0399;"Parks, Recreation, and Leisure Facilities Management, Other";"Parks, Recreation, and Leisure Facilities Management, Other";10;;;GLOBAL;cip
GL-31.0101;"Parks, Recreation, and Leisure Studies";"Parks, Recreation, and Leisure Studies";10;;;GLOBAL;cip
GL-12.0411;"Permanent Cosmetics/Makeup and Tattooing";"Permanent Cosmetics/Makeup and Tattooing";10;;;GLOBAL;cip
GL-36.0206;"Personal Watercraft/Boating Education";"Personal Watercraft/Boating Education";10;;;GLOBAL;cip
GL-36.0107;"Pet Ownership and Care";"Pet Ownership and Care";10;;;GLOBAL;cip
GL-31.0507;"Physical Fitness Technician";"Physical Fitness Technician";10;;;GLOBAL;cip
GL-43.0120;"Protective Services Operations";"Protective Services Operations";10;;;GLOBAL;cip
GL-29.0409;"Radar Communications and Systems Technology";"Radar Communications and Systems Technology";10;;;GLOBAL;cip
GL-49.0208;"Railroad and Railway Transportation";"Railroad and Railway Transportation";10;;;GLOBAL;cip
GL-36.0116;Reading;Reading;10;;;GLOBAL;cip
GL-49.0109;"Remote Aircraft Pilot";"Remote Aircraft Pilot";10;;;GLOBAL;cip
GL-36.0207;"Remote Aircraft Pilot (Personal)";"Remote Aircraft Pilot (Personal)";10;;;GLOBAL;cip
GL-12.0504;"Restaurant, Culinary, and Catering Management/Manager";"Restaurant, Culinary, and Catering Management/Manager";10;;;GLOBAL;cip
GL-12.0412;"Salon/Beauty Salon Management/Manager";"Salon/Beauty Salon Management/Manager";10;;;GLOBAL;cip
GL-43.0112;"Securities Services Administration/Management";"Securities Services Administration/Management";10;;;GLOBAL;cip
GL-43.0401;"Security Science and Technology, General";"Security Science and Technology, General";10;;;GLOBAL;cip
GL-43.0499;"Security Science and Technology, Other";"Security Science and Technology, Other";10;;;GLOBAL;cip
GL-43.0109;"Security and Loss Prevention Services";"Security and Loss Prevention Services";10;;;GLOBAL;cip
GL-29.0203;"Signal/Geospatial Intelligence";"Signal/Geospatial Intelligence";10;;;GLOBAL;cip
GL-29.0305;"Space Systems Operations";"Space Systems Operations";10;;;GLOBAL;cip
GL-28.0506;"Special, Irregular and Counterterrorist Operations";"Special, Irregular and Counterterrorist Operations";10;;;GLOBAL;cip
GL-31.0504;"Sport and Fitness Administration/Management";"Sport and Fitness Administration/Management";10;;;GLOBAL;cip
GL-31.0508;"Sports Studies";"Sports Studies";10;;;GLOBAL;cip
GL-36.0108;"Sports and Exercise";"Sports and Exercise";10;;;GLOBAL;cip
GL-31.0501;"Sports, Kinesiology, and Physical Education/Fitness, General";"Sports, Kinesiology, and Physical Education/Fitness, General";10;;;GLOBAL;cip
GL-31.0599;"Sports, Kinesiology, and Physical Education/Fitness, Other";"Sports, Kinesiology, and Physical Education/Fitness, Other";10;;;GLOBAL;cip
GL-29.0202;"Strategic Intelligence";"Strategic Intelligence";10;;;GLOBAL;cip
GL-28.0601;"Strategic Studies, General";"Strategic Studies, General";10;;;GLOBAL;cip
GL-43.0121;"Suspension and Debarment Investigation";"Suspension and Debarment Investigation";10;;;GLOBAL;cip
GL-43.0304;"Terrorism and Counterterrorism Operations";"Terrorism and Counterterrorism Operations";10;;;GLOBAL;cip
GL-19.0904;"Textile Science";"Textile Science";10;;;GLOBAL;cip
GL-36.0117;Theatre/Theater;Theatre/Theater;10;;;GLOBAL;cip
GL-49.9999;"Transportation and Materials Moving, Other";"Transportation and Materials Moving, Other";10;;;GLOBAL;cip
GL-36.0109;"Travel and Exploration";"Travel and Exploration";10;;;GLOBAL;cip
GL-49.0205;"Truck and Bus Driver/Commercial Vehicle Operator and Instructor";"Truck and Bus Driver/Commercial Vehicle Operator and Instructor";10;;;GLOBAL;cip
GL-29.0307;"Undersea Warfare";"Undersea Warfare";10;;;GLOBAL;cip
GL-28.0605;"Weapons of Mass Destruction";"Weapons of Mass Destruction";10;;;GLOBAL;cip
GL-43.0206;"Wildland/Forest Firefighting and Investigation";"Wildland/Forest Firefighting and Investigation";10;;;GLOBAL;cip
GL-12.0510;"Wine Steward/Sommelier";"Wine Steward/Sommelier";10;;;GLOBAL;cip
GL-19.0000;"Work and Family Studies";"Work and Family Studies";10;;;GLOBAL;cip
GL-19.1001;"Work and Family Studies";"Work and Family Studies";10;;;GLOBAL;cip
GL-36.0118;Writing;Writing;10;;;GLOBAL;cip
SEK-BAHASA-DAN-BUDAYA;"Bahasa dan Budaya";;02;;"Jurusan Sekolah";ID;kurasi
SEK-IPS-ILMU-PENGETAHUAN-SOSIAL;"IPS (Ilmu Pengetahuan Sosial)";;03;;"Jurusan Sekolah";ID;kurasi
SEK-IPA-ILMU-PENGETAHUAN-ALAM;"IPA (Ilmu Pengetahuan Alam)";;05;;"Jurusan Sekolah";ID;kurasi
SEK-TANPA-PENJURUSAN-KURIKULUM-MERDEKA;"Tanpa Penjurusan (Kurikulum Merdeka)";;0011;;"Jurusan Sekolah";ID;kurasi
SEK-UMUM-TANPA-PENJURUSAN;"Umum (tanpa penjurusan)";;0011;;"Jurusan Sekolah";ID;kurasi
SMK-ANIMASI;Animasi;;021;;"Seni dan Ekonomi Kreatif";ID;kurasi
SMK-BROADCASTING-DAN-PERFILMAN;"Broadcasting dan Perfilman";;021;;"Seni dan Ekonomi Kreatif";ID;kurasi
SMK-BUSANA;Busana;;021;;"Seni dan Ekonomi Kreatif";ID;kurasi
SMK-DESAIN-KOMUNIKASI-VISUAL;"Desain Komunikasi Visual";;021;;"Seni dan Ekonomi Kreatif";ID;kurasi
SMK-DESAIN-DAN-PRODUKSI-KRIYA;"Desain dan Produksi Kriya";;021;;"Seni dan Ekonomi Kreatif";ID;kurasi
SMK-SENI-PERTUNJUKAN;"Seni Pertunjukan";;021;;"Seni dan Ekonomi Kreatif";ID;kurasi
SMK-SENI-RUPA;"Seni Rupa";;021;;"Seni dan Ekonomi Kreatif";ID;kurasi
SMK-TEKNIK-GRAFIKA;"Teknik Grafika";;021;;"Seni dan Ekonomi Kreatif";ID;kurasi
ID-ADMINISTRASI-RUMAH-SAKIT;"Administrasi Rumah Sakit";;091;S.Tr.;;ID;kurasi
ID-DIETISIEN;Dietisien;;091;RD;;ID;kurasi
SMK-FARMASI;Farmasi;;091;;"Kesehatan dan Pekerjaan Sosial";ID;kurasi
ID-GIZI;Gizi;;091;S.Gz.;;ID;kurasi
ID-KESEHATAN-MASYARAKAT;"Kesehatan Masyarakat";;091;S.K.M.;;ID;kurasi
SMK-LAYANAN-KESEHATAN;"Layanan Kesehatan";;091;;"Kesehatan dan Pekerjaan Sosial";ID;kurasi
ID-MANAJEMEN-INFORMASI-KESEHATAN;"Manajemen Informasi Kesehatan";;091;S.Tr.;;ID;kurasi
SMK-PEKERJAAN-SOSIAL;"Pekerjaan Sosial";;091;;"Kesehatan dan Pekerjaan Sosial";ID;kurasi
SMK-TEKNOLOGI-LABORATORIUM-MEDIK;"Teknologi Laboratorium Medik";;091;;"Kesehatan dan Pekerjaan Sosial";ID;kurasi
ID-ADMINISTRASI-PENDIDIKAN;"Administrasi Pendidikan";;0111;S.Pd.;;ID;kurasi
ID-BIMBINGAN-DAN-KONSELING;"Bimbingan dan Konseling";;0111;S.Pd.;;ID;kurasi
ID-ILMU-PENDIDIKAN;"Ilmu Pendidikan";;0111;S.Pd.;;ID;kurasi
ID-MANAJEMEN-PENDIDIKAN;"Manajemen Pendidikan";;0111;S.Pd.;;ID;kurasi
ID-PENDIDIKAN-LUAR-BIASA;"Pendidikan Luar Biasa";;0111;S.Pd.;;ID;kurasi
ID-PENDIDIKAN-MASYARAKAT;"Pendidikan Masyarakat";;0111;S.Pd.;;ID;kurasi
ID-TEKNOLOGI-PENDIDIKAN;"Teknologi Pendidikan";;0111;S.Pd.;;ID;kurasi
ID-PENDIDIKAN-GURU-PENDIDIKAN-ANAK-USIA-DINI-PG-PAUD;"Pendidikan Guru Pendidikan Anak Usia Dini (PG-PAUD)";;0112;S.Pd.;;ID;kurasi
ID-PENDIDIKAN-GURU-SEKOLAH-DASAR-PGSD;"Pendidikan Guru Sekolah Dasar (PGSD)";;0113;S.Pd.;;ID;kurasi
ID-PENDIDIKAN-ADMINISTRASI-PERKANTORAN;"Pendidikan Administrasi Perkantoran";;0114;S.Pd.;;ID;kurasi
ID-PENDIDIKAN-AGAMA-BUDDHA;"Pendidikan Agama Buddha";;0114;S.Pd.;;ID;kurasi
ID-PENDIDIKAN-AGAMA-HINDU;"Pendidikan Agama Hindu";;0114;S.Pd.;;ID;kurasi
ID-PENDIDIKAN-AGAMA-ISLAM;"Pendidikan Agama Islam";;0114;S.Pd.;;ID;kurasi
ID-PENDIDIKAN-AGAMA-KATOLIK;"Pendidikan Agama Katolik";;0114;S.Pd.;;ID;kurasi
ID-PENDIDIKAN-AGAMA-KRISTEN;"Pendidikan Agama Kristen";;0114;S.Pd.;;ID;kurasi
ID-PENDIDIKAN-AKUNTANSI;"Pendidikan Akuntansi";;0114;S.Pd.;;ID;kurasi
ID-PENDIDIKAN-BAHASA-ARAB;"Pendidikan Bahasa Arab";;0114;S.Pd.;;ID;kurasi
ID-PENDIDIKAN-BAHASA-INGGRIS;"Pendidikan Bahasa Inggris";;0114;S.Pd.;;ID;kurasi
ID-PENDIDIKAN-BAHASA-JEPANG;"Pendidikan Bahasa Jepang";;0114;S.Pd.;;ID;kurasi
ID-PENDIDIKAN-BAHASA-JERMAN;"Pendidikan Bahasa Jerman";;0114;S.Pd.;;ID;kurasi
ID-PENDIDIKAN-BAHASA-MANDARIN;"Pendidikan Bahasa Mandarin";;0114;S.Pd.;;ID;kurasi
ID-PENDIDIKAN-BAHASA-PRANCIS;"Pendidikan Bahasa Prancis";;0114;S.Pd.;;ID;kurasi
ID-PENDIDIKAN-BAHASA-DAN-SASTRA-INDONESIA;"Pendidikan Bahasa dan Sastra Indonesia";;0114;S.Pd.;;ID;kurasi
ID-PENDIDIKAN-BIOLOGI;"Pendidikan Biologi";;0114;S.Pd.;;ID;kurasi
ID-PENDIDIKAN-EKONOMI;"Pendidikan Ekonomi";;0114;S.Pd.;;ID;kurasi
ID-PENDIDIKAN-FISIKA;"Pendidikan Fisika";;0114;S.Pd.;;ID;kurasi
ID-PENDIDIKAN-GEOGRAFI;"Pendidikan Geografi";;0114;S.Pd.;;ID;kurasi
ID-PENDIDIKAN-GURU-MADRASAH-IBTIDAIYAH-PGMI;"Pendidikan Guru Madrasah Ibtidaiyah (PGMI)";;0114;S.Pd.;;ID;kurasi
ID-PENDIDIKAN-ILMU-PENGETAHUAN-ALAM-IPA;"Pendidikan Ilmu Pengetahuan Alam (IPA)";;0114;S.Pd.;;ID;kurasi
ID-PENDIDIKAN-ILMU-PENGETAHUAN-SOSIAL-IPS;"Pendidikan Ilmu Pengetahuan Sosial (IPS)";;0114;S.Pd.;;ID;kurasi
ID-PENDIDIKAN-JASMANI-KESEHATAN-DAN-REKREASI-PJKR;"Pendidikan Jasmani, Kesehatan, dan Rekreasi (PJKR)";;0114;S.Pd.;;ID;kurasi
ID-PENDIDIKAN-KIMIA;"Pendidikan Kimia";;0114;S.Pd.;;ID;kurasi
ID-PENDIDIKAN-MATEMATIKA;"Pendidikan Matematika";;0114;S.Pd.;;ID;kurasi
ID-PENDIDIKAN-PANCASILA-DAN-KEWARGANEGARAAN-PPKN;"Pendidikan Pancasila dan Kewarganegaraan (PPKn)";;0114;S.Pd.;;ID;kurasi
ID-PENDIDIKAN-SEJARAH;"Pendidikan Sejarah";;0114;S.Pd.;;ID;kurasi
ID-PENDIDIKAN-SENI-MUSIK;"Pendidikan Seni Musik";;0114;S.Pd.;;ID;kurasi
ID-PENDIDIKAN-SENI-RUPA;"Pendidikan Seni Rupa";;0114;S.Pd.;;ID;kurasi
ID-PENDIDIKAN-SENI-TARI;"Pendidikan Seni Tari";;0114;S.Pd.;;ID;kurasi
ID-PENDIDIKAN-SOSIOLOGI;"Pendidikan Sosiologi";;0114;S.Pd.;;ID;kurasi
ID-PENDIDIKAN-TATA-BOGA;"Pendidikan Tata Boga";;0114;S.Pd.;;ID;kurasi
ID-PENDIDIKAN-TATA-BUSANA;"Pendidikan Tata Busana";;0114;S.Pd.;;ID;kurasi
ID-PENDIDIKAN-TEKNIK-BANGUNAN;"Pendidikan Teknik Bangunan";;0114;S.Pd.;;ID;kurasi
ID-PENDIDIKAN-TEKNIK-ELEKTRO;"Pendidikan Teknik Elektro";;0114;S.Pd.;;ID;kurasi
ID-PENDIDIKAN-TEKNIK-INFORMATIKA;"Pendidikan Teknik Informatika";;0114;S.Pd.;;ID;kurasi
ID-PENDIDIKAN-TEKNIK-MESIN;"Pendidikan Teknik Mesin";;0114;S.Pd.;;ID;kurasi
ID-ANIMASI;Animasi;;0211;S.Sn.;;ID;kurasi
ID-FOTOGRAFI;Fotografi;;0211;S.Sn.;;ID;kurasi
ID-MULTIMEDIA;Multimedia;;0211;A.Md.;;ID;kurasi
ID-PRODUKSI-FILM-DAN-TELEVISI;"Produksi Film dan Televisi";;0211;A.Md.;;ID;kurasi
ID-TELEVISI-DAN-FILM;"Televisi dan Film";;0211;S.Sn.;;ID;kurasi
ID-DESAIN-INTERIOR;"Desain Interior";;0212;S.Ds.;;ID;kurasi
ID-DESAIN-KOMUNIKASI-VISUAL-DKV;"Desain Komunikasi Visual (DKV)";;0212;S.Ds.;;ID;kurasi
ID-DESAIN-MODE;"Desain Mode";;0212;S.Ds.;;ID;kurasi
ID-DESAIN-PRODUK;"Desain Produk";;0212;S.Ds.;;ID;kurasi
ID-SENI-LUKIS;"Seni Lukis";;0213;S.Sn.;;ID;kurasi
ID-SENI-PATUNG;"Seni Patung";;0213;S.Sn.;;ID;kurasi
ID-SENI-RUPA-MURNI;"Seni Rupa Murni";;0213;S.Sn.;;ID;kurasi
ID-KRIYA-KAYU;"Kriya Kayu";;0214;S.Sn.;;ID;kurasi
ID-KRIYA-KERAMIK;"Kriya Keramik";;0214;S.Sn.;;ID;kurasi
ID-KRIYA-SENI;"Kriya Seni";;0214;S.Sn.;;ID;kurasi
ID-KRIYA-TEKSTIL;"Kriya Tekstil";;0214;S.Sn.;;ID;kurasi
ID-ETNOMUSIKOLOGI;Etnomusikologi;;0215;S.Sn.;;ID;kurasi
ID-KARAWITAN;Karawitan;;0215;S.Sn.;;ID;kurasi
ID-PEDALANGAN;Pedalangan;;0215;S.Sn.;;ID;kurasi
ID-SENI-MUSIK;"Seni Musik";;0215;S.Sn.;;ID;kurasi
ID-SENI-TARI;"Seni Tari";;0215;S.Sn.;;ID;kurasi
ID-SENI-TEATER;"Seni Teater";;0215;S.Sn.;;ID;kurasi
ID-AQIDAH-DAN-FILSAFAT-ISLAM;"Aqidah dan Filsafat Islam";;0221;S.Ag.;;ID;kurasi
ID-ILMU-AL-QURAN-DAN-TAFSIR;"Ilmu Al-Qur'an dan Tafsir";;0221;S.Ag.;;ID;kurasi
ID-ILMU-FALAK;"Ilmu Falak";;0221;S.H.;;ID;kurasi
ID-ILMU-HADIS;"Ilmu Hadis";;0221;S.Ag.;;ID;kurasi
SEK-KEAGAMAAN;Keagamaan;;0221;;"Jurusan Sekolah";ID;kurasi
ID-STUDI-AGAMA-AGAMA;"Studi Agama-Agama";;0221;S.Ag.;;ID;kurasi
ID-TEOLOGI-KATOLIK;"Teologi Katolik";;0221;S.Fil.;;ID;kurasi
ID-TEOLOGI-KRISTEN;"Teologi Kristen";;0221;S.Th.;;ID;kurasi
ID-ARKEOLOGI;Arkeologi;;0222;S.Hum.;;ID;kurasi
ID-ILMU-SEJARAH;"Ilmu Sejarah";;0222;S.Hum.;;ID;kurasi
ID-FILSAFAT;Filsafat;;0223;S.Fil.;;ID;kurasi
ID-BAHASA-KOREA;"Bahasa Korea";;0231;S.Hum.;;ID;kurasi
ID-BAHASA-MANDARIN;"Bahasa Mandarin";;0231;S.Hum.;;ID;kurasi
ID-BAHASA-DAN-KEBUDAYAAN-JEPANG;"Bahasa dan Kebudayaan Jepang";;0231;S.Hum.;;ID;kurasi
ID-BAHASA-DAN-SASTRA-DAERAH;"Bahasa dan Sastra Daerah";;0231;S.Hum.;;ID;kurasi
ID-LINGUISTIK;Linguistik;;0232;S.Hum.;;ID;kurasi
ID-SASTRA-ARAB;"Sastra Arab";;0232;S.Hum.;;ID;kurasi
ID-SASTRA-CINA;"Sastra Cina";;0232;S.Hum.;;ID;kurasi
ID-SASTRA-INDONESIA;"Sastra Indonesia";;0232;S.Hum.;;ID;kurasi
ID-SASTRA-INGGRIS;"Sastra Inggris";;0232;S.Hum.;;ID;kurasi
ID-SASTRA-JAWA;"Sastra Jawa";;0232;S.Hum.;;ID;kurasi
ID-SASTRA-JEPANG;"Sastra Jepang";;0232;S.Hum.;;ID;kurasi
ID-EKONOMI-ISLAM;"Ekonomi Islam";;0311;S.E.;;ID;kurasi
ID-EKONOMI-PEMBANGUNAN;"Ekonomi Pembangunan";;0311;S.E.;;ID;kurasi
ID-EKONOMI-SYARIAH;"Ekonomi Syariah";;0311;S.E.;;ID;kurasi
ID-ILMU-EKONOMI;"Ilmu Ekonomi";;0311;S.E.;;ID;kurasi
ID-HUBUNGAN-INTERNASIONAL;"Hubungan Internasional";;0312;S.Sos.;;ID;kurasi
ID-ILMU-PEMERINTAHAN;"Ilmu Pemerintahan";;0312;S.I.P.;;ID;kurasi
ID-ILMU-POLITIK;"Ilmu Politik";;0312;S.I.P.;;ID;kurasi
ID-PSIKOLOGI;Psikologi;;0313;S.Psi.;;ID;kurasi
ID-PSIKOLOGI-PROFESI;"Psikologi Profesi";;0313;M.Psi.;;ID;kurasi
ID-ANTROPOLOGI-SOSIAL;"Antropologi Sosial";;0314;S.Sos.;;ID;kurasi
ID-KAJIAN-BUDAYA;"Kajian Budaya";;0314;S.Hum.;;ID;kurasi
ID-SOSIOLOGI;Sosiologi;;0314;S.Sos.;;ID;kurasi
ID-HUBUNGAN-MASYARAKAT-PUBLIC-RELATIONS;"Hubungan Masyarakat (Public Relations)";;0321;S.I.Kom.;;ID;kurasi
ID-ILMU-KOMUNIKASI;"Ilmu Komunikasi";;0321;S.I.Kom.;;ID;kurasi
ID-JURNALISTIK;Jurnalistik;;0321;S.I.Kom.;;ID;kurasi
ID-KOMUNIKASI-DAN-PENYIARAN-ISLAM;"Komunikasi dan Penyiaran Islam";;0321;S.Sos.;;ID;kurasi
ID-PENYIARAN-BROADCASTING;"Penyiaran (Broadcasting)";;0321;A.Md.;;ID;kurasi
ID-ILMU-PERPUSTAKAAN;"Ilmu Perpustakaan";;0322;S.I.P.;;ID;kurasi
ID-KEARSIPAN;Kearsipan;;0322;A.Md.;;ID;kurasi
ID-MANAJEMEN-INFORMASI;"Manajemen Informasi";;0322;A.Md.;;ID;kurasi
ID-AKUNTANSI;Akuntansi;;0411;S.E.;;ID;kurasi
ID-AKUNTANSI-PERPAJAKAN;"Akuntansi Perpajakan";;0411;A.Md.Ak.;;ID;kurasi
ID-AKUNTANSI-SEKTOR-PUBLIK;"Akuntansi Sektor Publik";;0411;S.Tr.Ak.;;ID;kurasi
ID-AKUNTANSI-SYARIAH;"Akuntansi Syariah";;0411;S.Akun.;;ID;kurasi
ID-KOMPUTERISASI-AKUNTANSI;"Komputerisasi Akuntansi";;0411;A.Md.;;ID;kurasi
ID-PERPAJAKAN;Perpajakan;;0411;A.Md.;;ID;kurasi
ID-ASURANSI-DAN-AKTUARIA;"Asuransi dan Aktuaria";;0412;S.Tr.;;ID;kurasi
ID-KEUANGAN-DAN-PERBANKAN;"Keuangan dan Perbankan";;0412;A.Md.;;ID;kurasi
ID-MANAJEMEN-KEUANGAN;"Manajemen Keuangan";;0412;S.E.;;ID;kurasi
ID-PERBANKAN;Perbankan;;0412;A.Md.;;ID;kurasi
ID-PERBANKAN-SYARIAH;"Perbankan Syariah";;0412;S.E.;;ID;kurasi
ID-ADMINISTRASI-BISNIS;"Administrasi Bisnis";;0413;S.A.B.;;ID;kurasi
ID-ADMINISTRASI-PUBLIK;"Administrasi Publik";;0413;S.A.P.;;ID;kurasi
SMK-AKUNTANSI-DAN-KEUANGAN-LEMBAGA;"Akuntansi dan Keuangan Lembaga";;0413;;"Bisnis dan Manajemen";ID;kurasi
SMK-BISNIS-DARING-DAN-PEMASARAN;"Bisnis Daring dan Pemasaran";;0413;;"Bisnis dan Manajemen";ID;kurasi
ID-BISNIS-DIGITAL;"Bisnis Digital";;0413;S.M.;;ID;kurasi
ID-KEWIRAUSAHAAN;Kewirausahaan;;0413;S.M.;;ID;kurasi
SMK-LOGISTIK;Logistik;;0413;;"Bisnis dan Manajemen";ID;kurasi
ID-MAGISTER-MANAJEMEN;"Magister Manajemen";;0413;M.M.;;ID;kurasi
ID-MANAJEMEN;Manajemen;;0413;S.M.;;ID;kurasi
ID-MANAJEMEN-BISNIS;"Manajemen Bisnis";;0413;S.M.;;ID;kurasi
ID-MANAJEMEN-BISNIS-SYARIAH;"Manajemen Bisnis Syariah";;0413;S.M.;;ID;kurasi
ID-MANAJEMEN-INDUSTRI;"Manajemen Industri";;0413;S.Tr.;;ID;kurasi
ID-MANAJEMEN-LOGISTIK;"Manajemen Logistik";;0413;S.Tr.Log.;;ID;kurasi
SMK-MANAJEMEN-PERKANTORAN-DAN-LAYANAN-BISNIS;"Manajemen Perkantoran dan Layanan Bisnis";;0413;;"Bisnis dan Manajemen";ID;kurasi
ID-MANAJEMEN-RANTAI-PASOK;"Manajemen Rantai Pasok";;0413;S.Tr.;;ID;kurasi
ID-MANAJEMEN-SUMBER-DAYA-MANUSIA;"Manajemen Sumber Daya Manusia";;0413;S.M.;;ID;kurasi
ID-MANAJEMEN-PEMASARAN;"Manajemen Pemasaran";;0414;S.M.;;ID;kurasi
ID-PERIKLANAN;Periklanan;;0414;A.Md.;;ID;kurasi
ID-ADMINISTRASI-PERKANTORAN;"Administrasi Perkantoran";;0415;A.Md.;;ID;kurasi
ID-MANAJEMEN-PERKANTORAN;"Manajemen Perkantoran";;0415;S.Tr.;;ID;kurasi
ID-SEKRETARI;Sekretari;;0415;A.Md.Sek.;;ID;kurasi
ID-MANAJEMEN-RITEL;"Manajemen Ritel";;0416;S.Tr.;;ID;kurasi
ID-TATA-NIAGA;"Tata Niaga";;0416;A.Md.;;ID;kurasi
ID-ADVOKAT;Advokat;;0421;;;ID;kurasi
ID-HUKUM-BISNIS;"Hukum Bisnis";;0421;S.H.;;ID;kurasi
ID-HUKUM-EKONOMI-SYARIAH;"Hukum Ekonomi Syariah";;0421;S.H.;;ID;kurasi
ID-HUKUM-INTERNASIONAL;"Hukum Internasional";;0421;S.H.;;ID;kurasi
ID-HUKUM-KELUARGA-ISLAM;"Hukum Keluarga Islam";;0421;S.H.;;ID;kurasi
ID-HUKUM-TATA-NEGARA;"Hukum Tata Negara";;0421;S.H.;;ID;kurasi
ID-ILMU-HUKUM;"Ilmu Hukum";;0421;S.H.;;ID;kurasi
ID-KENOTARIATAN;Kenotariatan;;0421;M.Kn.;;ID;kurasi
ID-BIOLOGI;Biologi;;0511;S.Si.;;ID;kurasi
ID-BIOLOGI-MOLEKULER;"Biologi Molekuler";;0511;S.Si.;;ID;kurasi
ID-BIOTEKNOLOGI;Bioteknologi;;0511;S.Si.;;ID;kurasi
ID-MIKROBIOLOGI;Mikrobiologi;;0511;S.Si.;;ID;kurasi
ID-BIOKIMIA;Biokimia;;0512;S.Si.;;ID;kurasi
ID-ILMU-LINGKUNGAN;"Ilmu Lingkungan";;0521;S.Si.;;ID;kurasi
ID-BIOLOGI-KONSERVASI;"Biologi Konservasi";;0522;S.Si.;;ID;kurasi
ID-ANALIS-KIMIA;"Analis Kimia";;0531;A.Md.;;ID;kurasi
ID-KIMIA;Kimia;;0531;S.Si.;;ID;kurasi
ID-GEOFISIKA;Geofisika;;0532;S.Si.;;ID;kurasi
ID-GEOGRAFI;Geografi;;0532;S.Si.;;ID;kurasi
ID-GEOLOGI;Geologi;;0532;S.T.;;ID;kurasi
ID-METEOROLOGI;Meteorologi;;0532;S.Si.;;ID;kurasi
ID-OSEANOGRAFI;Oseanografi;;0532;S.Si.;;ID;kurasi
ID-ASTRONOMI;Astronomi;;0533;S.Si.;;ID;kurasi
ID-FISIKA;Fisika;;0533;S.Si.;;ID;kurasi
ID-FISIKA-MEDIS;"Fisika Medis";;0533;S.Si.;;ID;kurasi
ID-MATEMATIKA;Matematika;;0541;S.Si.;;ID;kurasi
ID-MATEMATIKA-TERAPAN;"Matematika Terapan";;0541;S.Si.;;ID;kurasi
ID-AKTUARIA;Aktuaria;;0542;S.Aktr.;;ID;kurasi
ID-SAINS-DATA;"Sains Data";;0542;S.Si.;;ID;kurasi
ID-STATISTIKA;Statistika;;0542;S.Stat.;;ID;kurasi
ID-MANAJEMEN-INFORMATIKA;"Manajemen Informatika";;0611;A.Md.Kom.;;ID;kurasi
ID-KEAMANAN-SIBER;"Keamanan Siber";;0612;S.Kom.;;ID;kurasi
ID-TEKNIK-KOMPUTER;"Teknik Komputer";;0612;S.Kom.;;ID;kurasi
ID-TEKNOLOGI-INFORMASI;"Teknologi Informasi";;0612;S.Kom.;;ID;kurasi
ID-TEKNOLOGI-REKAYASA-KOMPUTER-JARINGAN;"Teknologi Rekayasa Komputer Jaringan";;0612;S.Tr.Kom.;;ID;kurasi
ID-ILMU-KOMPUTER;"Ilmu Komputer";;0613;S.Kom.;;ID;kurasi
ID-INFORMATIKA;Informatika;;0613;S.Kom.;;ID;kurasi
ID-KECERDASAN-ARTIFISIAL;"Kecerdasan Artifisial";;0613;S.Kom.;;ID;kurasi
SMK-PENGEMBANGAN-PERANGKAT-LUNAK-DAN-GIM;"Pengembangan Perangkat Lunak dan Gim";;0613;;"Teknologi Informasi";ID;kurasi
ID-REKAYASA-PERANGKAT-LUNAK;"Rekayasa Perangkat Lunak";;0613;S.Kom.;;ID;kurasi
SMK-REKAYASA-PERANGKAT-LUNAK;"Rekayasa Perangkat Lunak";;0613;;"Teknologi Informasi";ID;kurasi
ID-SISTEM-INFORMASI;"Sistem Informasi";;0613;S.Kom.;;ID;kurasi
SMK-SISTEM-INFORMATIKA-JARINGAN-DAN-APLIKASI;"Sistem Informatika, Jaringan dan Aplikasi";;0613;;"Teknologi Informasi";ID;kurasi
ID-TEKNIK-INFORMATIKA;"Teknik Informatika";;0613;S.Kom.;;ID;kurasi
SMK-TEKNIK-JARINGAN-KOMPUTER-DAN-TELEKOMUNIKASI;"Teknik Jaringan Komputer dan Telekomunikasi";;0613;;"Teknologi Informasi";ID;kurasi
SMK-TEKNIK-KOMPUTER-DAN-JARINGAN;"Teknik Komputer dan Jaringan";;0613;;"Teknologi Informasi";ID;kurasi
ID-TEKNOLOGI-PERMAINAN-GAME;"Teknologi Permainan (Game)";;0613;S.Kom.;;ID;kurasi
ID-TEKNOLOGI-REKAYASA-PERANGKAT-LUNAK;"Teknologi Rekayasa Perangkat Lunak";;0613;S.Tr.Kom.;;ID;kurasi
ID-TEKNIK-BIOPROSES;"Teknik Bioproses";;0711;S.T.;;ID;kurasi
ID-TEKNIK-KIMIA;"Teknik Kimia";;0711;S.T.;;ID;kurasi
ID-TEKNIK-LINGKUNGAN;"Teknik Lingkungan";;0712;S.T.;;ID;kurasi
ID-TEKNIK-ELEKTRO;"Teknik Elektro";;0713;S.T.;;ID;kurasi
ID-TEKNIK-ENERGI-TERBARUKAN;"Teknik Energi Terbarukan";;0713;S.Tr.T.;;ID;kurasi
SMK-TEKNIK-ENERGI-TERBARUKAN;"Teknik Energi Terbarukan";;0713;;"Energi dan Pertambangan";ID;kurasi
SMK-TEKNIK-GEOLOGI-PERTAMBANGAN;"Teknik Geologi Pertambangan";;0713;;"Energi dan Pertambangan";ID;kurasi
SMK-TEKNIK-KETENAGALISTRIKAN;"Teknik Ketenagalistrikan";;0713;;"Energi dan Pertambangan";ID;kurasi
SMK-TEKNIK-PERMINYAKAN;"Teknik Perminyakan";;0713;;"Energi dan Pertambangan";ID;kurasi
ID-TEKNIK-TENAGA-LISTRIK;"Teknik Tenaga Listrik";;0713;S.T.;;ID;kurasi
ID-TEKNOLOGI-LISTRIK;"Teknologi Listrik";;0713;A.Md.T.;;ID;kurasi
ID-MEKATRONIKA;Mekatronika;;0714;S.Tr.T.;;ID;kurasi
ID-TEKNIK-ELEKTRONIKA;"Teknik Elektronika";;0714;S.T.;;ID;kurasi
ID-TEKNIK-INSTRUMENTASI;"Teknik Instrumentasi";;0714;S.Tr.T.;;ID;kurasi
ID-TEKNIK-KENDALI;"Teknik Kendali";;0714;S.T.;;ID;kurasi
ID-TEKNIK-OTOMASI-INDUSTRI;"Teknik Otomasi Industri";;0714;S.Tr.T.;;ID;kurasi
ID-TEKNIK-TELEKOMUNIKASI;"Teknik Telekomunikasi";;0714;S.T.;;ID;kurasi
SMK-TEKNIK-ELEKTRONIKA;"Teknik Elektronika";;0715;;"Teknologi Manufaktur dan Rekayasa";ID;kurasi
ID-TEKNIK-INDUSTRI;"Teknik Industri";;0715;S.T.;;ID;kurasi
SMK-TEKNIK-LOGISTIK;"Teknik Logistik";;0715;;"Teknologi Manufaktur dan Rekayasa";ID;kurasi
ID-TEKNIK-MANUFAKTUR;"Teknik Manufaktur";;0715;S.Tr.T.;;ID;kurasi
ID-TEKNIK-MESIN;"Teknik Mesin";;0715;S.T.;;ID;kurasi
SMK-TEKNIK-MESIN;"Teknik Mesin";;0715;;"Teknologi Manufaktur dan Rekayasa";ID;kurasi
ID-TEKNIK-METALURGI-DAN-MATERIAL;"Teknik Metalurgi dan Material";;0715;S.T.;;ID;kurasi
SMK-TEKNIK-OTOMOTIF;"Teknik Otomotif";;0715;;"Teknologi Manufaktur dan Rekayasa";ID;kurasi
ID-TEKNIK-PENGELASAN;"Teknik Pengelasan";;0715;A.Md.T.;;ID;kurasi
SMK-TEKNIK-PENGELASAN-DAN-FABRIKASI-LOGAM;"Teknik Pengelasan dan Fabrikasi Logam";;0715;;"Teknologi Manufaktur dan Rekayasa";ID;kurasi
SMK-TEKNIK-PENGENDALIAN-PRODUKSI;"Teknik Pengendalian Produksi";;0715;;"Teknologi Manufaktur dan Rekayasa";ID;kurasi
ID-TEKNIK-PERANCANGAN-DAN-KONSTRUKSI-MESIN;"Teknik Perancangan dan Konstruksi Mesin";;0715;S.Tr.T.;;ID;kurasi
ID-TEKNIK-ALAT-BERAT;"Teknik Alat Berat";;0716;A.Md.T.;;ID;kurasi
ID-TEKNIK-DIRGANTARA;"Teknik Dirgantara";;0716;S.T.;;ID;kurasi
ID-TEKNIK-OTOMOTIF;"Teknik Otomotif";;0716;S.Tr.T.;;ID;kurasi
ID-TEKNIK-PENERBANGAN;"Teknik Penerbangan";;0716;S.T.;;ID;kurasi
ID-TEKNIK-PERKAPALAN;"Teknik Perkapalan";;0716;S.T.;;ID;kurasi
ID-TEKNIK-SISTEM-PERKAPALAN;"Teknik Sistem Perkapalan";;0716;S.T.;;ID;kurasi
ID-ILMU-DAN-TEKNOLOGI-PANGAN;"Ilmu dan Teknologi Pangan";;0721;S.T.P.;;ID;kurasi
ID-TEKNOLOGI-HASIL-PERTANIAN;"Teknologi Hasil Pertanian";;0721;S.T.P.;;ID;kurasi
ID-TEKNOLOGI-PANGAN;"Teknologi Pangan";;0721;S.T.P.;;ID;kurasi
ID-TEKNIK-MATERIAL;"Teknik Material";;0722;S.T.;;ID;kurasi
ID-TEKNIK-TEKSTIL;"Teknik Tekstil";;0723;S.T.;;ID;kurasi
ID-TEKNIK-GEOFISIKA;"Teknik Geofisika";;0724;S.T.;;ID;kurasi
ID-TEKNIK-PERMINYAKAN;"Teknik Perminyakan";;0724;S.T.;;ID;kurasi
ID-TEKNIK-PERTAMBANGAN;"Teknik Pertambangan";;0724;S.T.;;ID;kurasi
ID-ARSITEK;Arsitek;;0731;Ar.;;ID;kurasi
ID-ARSITEKTUR;Arsitektur;;0731;S.Ars.;;ID;kurasi
ID-ARSITEKTUR-LANSKAP;"Arsitektur Lanskap";;0731;S.Ars.;;ID;kurasi
ID-PERENCANAAN-WILAYAH-DAN-KOTA;"Perencanaan Wilayah dan Kota";;0731;S.T.;;ID;kurasi
SMK-DESAIN-PEMODELAN-DAN-INFORMASI-BANGUNAN;"Desain Pemodelan dan Informasi Bangunan";;0732;;"Teknologi Konstruksi dan Properti";ID;kurasi
SMK-INFORMASI-GEOSPASIAL;"Informasi Geospasial";;0732;;"Teknik Geomatika dan Geospasial";ID;kurasi
ID-INSINYUR;Insinyur;;0732;Ir.;;ID;kurasi
SMK-KONSTRUKSI-DAN-PERAWATAN-BANGUNAN-SIPIL;"Konstruksi dan Perawatan Bangunan Sipil";;0732;;"Teknologi Konstruksi dan Properti";ID;kurasi
ID-MANAJEMEN-REKAYASA-KONSTRUKSI;"Manajemen Rekayasa Konstruksi";;0732;S.Tr.T.;;ID;kurasi
SMK-TEKNIK-FURNITUR;"Teknik Furnitur";;0732;;"Teknologi Konstruksi dan Properti";ID;kurasi
ID-TEKNIK-GEODESI;"Teknik Geodesi";;0732;S.T.;;ID;kurasi
ID-TEKNIK-GEOMATIKA;"Teknik Geomatika";;0732;S.T.;;ID;kurasi
SMK-TEKNIK-GEOMATIKA;"Teknik Geomatika";;0732;;"Teknik Geomatika dan Geospasial";ID;kurasi
ID-TEKNIK-JALAN-DAN-JEMBATAN;"Teknik Jalan dan Jembatan";;0732;S.Tr.T.;;ID;kurasi
ID-TEKNIK-KONSTRUKSI-GEDUNG;"Teknik Konstruksi Gedung";;0732;S.Tr.T.;;ID;kurasi
SMK-TEKNIK-KONSTRUKSI-DAN-PERUMAHAN;"Teknik Konstruksi dan Perumahan";;0732;;"Teknologi Konstruksi dan Properti";ID;kurasi
SMK-TEKNIK-PERAWATAN-GEDUNG;"Teknik Perawatan Gedung";;0732;;"Teknologi Konstruksi dan Properti";ID;kurasi
ID-TEKNIK-SIPIL;"Teknik Sipil";;0732;S.T.;;ID;kurasi
ID-TEKNIK-SUMBER-DAYA-AIR;"Teknik Sumber Daya Air";;0732;S.T.;;ID;kurasi
ID-AGRIBISNIS;Agribisnis;;0811;S.P.;;ID;kurasi
SMK-AGRIBISNIS-TANAMAN;"Agribisnis Tanaman";;0811;;"Agribisnis dan Agriteknologi";ID;kurasi
SMK-AGRIBISNIS-TERNAK;"Agribisnis Ternak";;0811;;"Agribisnis dan Agriteknologi";ID;kurasi
SMK-AGRITEKNOLOGI-PENGOLAHAN-HASIL-PERTANIAN;"Agriteknologi Pengolahan Hasil Pertanian";;0811;;"Agribisnis dan Agriteknologi";ID;kurasi
ID-AGRONOMI;Agronomi;;0811;S.P.;;ID;kurasi
ID-AGROTEKNOLOGI;Agroteknologi;;0811;S.P.;;ID;kurasi
ID-ILMU-TANAH;"Ilmu Tanah";;0811;S.P.;;ID;kurasi
SMK-KEHUTANAN;Kehutanan;;0811;;"Agribisnis dan Agriteknologi";ID;kurasi
ID-NUTRISI-DAN-TEKNOLOGI-PAKAN;"Nutrisi dan Teknologi Pakan";;0811;S.Pt.;;ID;kurasi
ID-PEMULIAAN-TANAMAN;"Pemuliaan Tanaman";;0811;S.P.;;ID;kurasi
ID-PETERNAKAN;Peternakan;;0811;S.Pt.;;ID;kurasi
ID-PROTEKSI-TANAMAN;"Proteksi Tanaman";;0811;S.P.;;ID;kurasi
ID-HORTIKULTURA;Hortikultura;;0812;S.P.;;ID;kurasi
ID-KEHUTANAN;Kehutanan;;0821;S.Hut.;;ID;kurasi
ID-KONSERVASI-SUMBER-DAYA-HUTAN;"Konservasi Sumber Daya Hutan";;0821;S.Hut.;;ID;kurasi
ID-SILVIKULTUR;Silvikultur;;0821;S.Hut.;;ID;kurasi
ID-TEKNOLOGI-HASIL-HUTAN;"Teknologi Hasil Hutan";;0821;S.Hut.;;ID;kurasi
ID-BUDIDAYA-PERAIRAN-AKUAKULTUR;"Budidaya Perairan (Akuakultur)";;0831;S.Pi.;;ID;kurasi
ID-ILMU-KELAUTAN;"Ilmu Kelautan";;0831;S.Kel.;;ID;kurasi
ID-MANAJEMEN-SUMBERDAYA-PERAIRAN;"Manajemen Sumberdaya Perairan";;0831;S.Pi.;;ID;kurasi
ID-PEMANFAATAN-SUMBERDAYA-PERIKANAN;"Pemanfaatan Sumberdaya Perikanan";;0831;S.Pi.;;ID;kurasi
ID-PERIKANAN;Perikanan;;0831;S.Pi.;;ID;kurasi
ID-TEKNOLOGI-HASIL-PERIKANAN;"Teknologi Hasil Perikanan";;0831;S.Pi.;;ID;kurasi
ID-DOKTER-HEWAN;"Dokter Hewan";;0841;drh.;;ID;kurasi
ID-KEDOKTERAN-HEWAN;"Kedokteran Hewan";;0841;S.K.H.;;ID;kurasi
ID-KESEHATAN-HEWAN;"Kesehatan Hewan";;0841;S.Tr.;;ID;kurasi
ID-PARAMEDIK-VETERINER;"Paramedik Veteriner";;0841;A.Md.;;ID;kurasi
ID-DOKTER-GIGI;"Dokter Gigi";;0911;drg.;;ID;kurasi
ID-KEDOKTERAN-GIGI;"Kedokteran Gigi";;0911;S.K.G.;;ID;kurasi
ID-KESEHATAN-GIGI;"Kesehatan Gigi";;0911;A.Md.K.G.;;ID;kurasi
ID-TEKNIK-GIGI;"Teknik Gigi";;0911;A.Md.;;ID;kurasi
ID-DOKTER;Dokter;;0912;dr.;;ID;kurasi
ID-ILMU-BIOMEDIK;"Ilmu Biomedik";;0912;S.Si.;;ID;kurasi
ID-KEDOKTERAN;Kedokteran;;0912;S.Ked.;;ID;kurasi
ID-BIDAN;Bidan;;0913;Bd.;;ID;kurasi
ID-KEBIDANAN;Kebidanan;;0913;S.Keb.;;ID;kurasi
ID-KEPERAWATAN;Keperawatan;;0913;S.Kep.;;ID;kurasi
ID-KEPERAWATAN-ANESTESIOLOGI;"Keperawatan Anestesiologi";;0913;S.Tr.Kep.;;ID;kurasi
ID-NERS;Ners;;0913;Ns.;;ID;kurasi
ID-RADIOLOGI-RADIODIAGNOSTIK-DAN-RADIOTERAPI;"Radiologi (Radiodiagnostik dan Radioterapi)";;0914;S.Tr.Kes.;;ID;kurasi
ID-TEKNIK-ELEKTROMEDIK;"Teknik Elektromedik";;0914;S.Tr.Kes.;;ID;kurasi
ID-TEKNOLOGI-BANK-DARAH;"Teknologi Bank Darah";;0914;A.Md.;;ID;kurasi
ID-TEKNOLOGI-LABORATORIUM-MEDIS;"Teknologi Laboratorium Medis";;0914;S.Tr.Kes.;;ID;kurasi
ID-AKUPUNKTUR;Akupunktur;;0915;S.Tr.Kes.;;ID;kurasi
ID-FISIOTERAPI;Fisioterapi;;0915;S.Ft.;;ID;kurasi
ID-OKUPASI-TERAPI;"Okupasi Terapi";;0915;S.Tr.Kes.;;ID;kurasi
ID-ORTOTIK-PROSTETIK;"Ortotik Prostetik";;0915;S.Tr.Kes.;;ID;kurasi
ID-TERAPI-WICARA;"Terapi Wicara";;0915;S.Tr.Kes.;;ID;kurasi
ID-ANALIS-FARMASI-DAN-MAKANAN;"Analis Farmasi dan Makanan";;0916;A.Md.Farm.;;ID;kurasi
ID-APOTEKER;Apoteker;;0916;Apt.;;ID;kurasi
ID-FARMASI;Farmasi;;0916;S.Farm.;;ID;kurasi
ID-FARMASI-KLINIS;"Farmasi Klinis";;0916;S.Farm.;;ID;kurasi
ID-PENGOBATAN-TRADISIONAL-BATTRA;"Pengobatan Tradisional (Battra)";;0917;S.Tr.Kes.;;ID;kurasi
ID-PERAWATAN-LANSIA;"Perawatan Lansia";;0921;A.Md.;;ID;kurasi
ID-KESEJAHTERAAN-SOSIAL;"Kesejahteraan Sosial";;0923;S.Sos.;;ID;kurasi
ID-PEKERJAAN-SOSIAL;"Pekerjaan Sosial";;0923;S.Tr.Sos.;;ID;kurasi
ID-TATA-GRAHA-HOUSEKEEPING;"Tata Graha (Housekeeping)";;1011;A.Md.;;ID;kurasi
ID-TATA-KECANTIKAN;"Tata Kecantikan";;1012;A.Md.;;ID;kurasi
ID-TATA-RIAS;"Tata Rias";;1012;S.Tr.;;ID;kurasi
ID-MANAJEMEN-PERHOTELAN;"Manajemen Perhotelan";;1013;S.Tr.Par.;;ID;kurasi
ID-MANAJEMEN-TATA-HIDANG;"Manajemen Tata Hidang";;1013;A.Md.;;ID;kurasi
ID-PERHOTELAN;Perhotelan;;1013;S.Tr.Par.;;ID;kurasi
ID-SENI-KULINER;"Seni Kuliner";;1013;S.Tr.Par.;;ID;kurasi
ID-TATA-BOGA;"Tata Boga";;1013;A.Md.;;ID;kurasi
ID-ILMU-KEOLAHRAGAAN;"Ilmu Keolahragaan";;1014;S.Or.;;ID;kurasi
ID-MANAJEMEN-OLAHRAGA;"Manajemen Olahraga";;1014;S.Or.;;ID;kurasi
ID-PENDIDIKAN-KEPELATIHAN-OLAHRAGA;"Pendidikan Kepelatihan Olahraga";;1014;S.Pd.;;ID;kurasi
ID-DESTINASI-PARIWISATA;"Destinasi Pariwisata";;1015;S.Tr.Par.;;ID;kurasi
SMK-KECANTIKAN-DAN-SPA;"Kecantikan dan Spa";;1015;;Pariwisata;ID;kurasi
SMK-KULINER;Kuliner;;1015;;Pariwisata;ID;kurasi
ID-MANAJEMEN-PERJALANAN-WISATA;"Manajemen Perjalanan Wisata";;1015;S.Tr.Par.;;ID;kurasi
ID-PARIWISATA;Pariwisata;;1015;S.Tr.Par.;;ID;kurasi
SMK-PERHOTELAN;Perhotelan;;1015;;Pariwisata;ID;kurasi
SMK-USAHA-LAYANAN-PARIWISATA;"Usaha Layanan Pariwisata";;1015;;Pariwisata;ID;kurasi
ID-USAHA-PERJALANAN-WISATA;"Usaha Perjalanan Wisata";;1015;A.Md.Par.;;ID;kurasi
ID-KESEHATAN-LINGKUNGAN;"Kesehatan Lingkungan";;1021;S.Tr.Kes.;;ID;kurasi
ID-SANITASI;Sanitasi;;1021;A.Md.;;ID;kurasi
ID-HIGIENE-INDUSTRI;"Higiene Industri";;1022;S.Tr.;;ID;kurasi
ID-KESELAMATAN-DAN-KESEHATAN-KERJA-K3;"Keselamatan dan Kesehatan Kerja (K3)";;1022;S.Tr.;;ID;kurasi
ID-ILMU-KEPOLISIAN;"Ilmu Kepolisian";;1031;S.I.K.;;ID;kurasi
ID-ILMU-MILITER;"Ilmu Militer";;1031;S.Han.;;ID;kurasi
ID-ILMU-PERTAHANAN;"Ilmu Pertahanan";;1031;S.Han.;;ID;kurasi
ID-KRIMINOLOGI;Kriminologi;;1032;S.Sos.;;ID;kurasi
ID-MANAJEMEN-KEAMANAN;"Manajemen Keamanan";;1032;S.Tr.;;ID;kurasi
SMK-AGRIBISNIS-PERIKANAN;"Agribisnis Perikanan";;1041;;Kemaritiman;ID;kurasi
ID-MANAJEMEN-TRANSPORTASI;"Manajemen Transportasi";;1041;S.Tr.;;ID;kurasi
ID-MANAJEMEN-TRANSPORTASI-UDARA;"Manajemen Transportasi Udara";;1041;S.Tr.;;ID;kurasi
ID-NAUTIKA;Nautika;;1041;A.Md.;;ID;kurasi
SMK-NAUTIKA-KAPAL-NIAGA;"Nautika Kapal Niaga";;1041;;Kemaritiman;ID;kurasi
SMK-NAUTIKA-KAPAL-PENANGKAP-IKAN;"Nautika Kapal Penangkap Ikan";;1041;;Kemaritiman;ID;kurasi
ID-PEMANDUAN-LALU-LINTAS-UDARA;"Pemanduan Lalu Lintas Udara";;1041;A.Md.;;ID;kurasi
ID-TEKNIK-TRANSPORTASI-LAUT;"Teknik Transportasi Laut";;1041;S.T.;;ID;kurasi
ID-TEKNIKA-PERMESINAN-KAPAL;"Teknika (Permesinan Kapal)";;1041;A.Md.;;ID;kurasi
SMK-TEKNIKA-KAPAL-NIAGA;"Teknika Kapal Niaga";;1041;;Kemaritiman;ID;kurasi
SMK-TEKNIKA-KAPAL-PENANGKAP-IKAN;"Teknika Kapal Penangkap Ikan";;1041;;Kemaritiman;ID;kurasi
ID-TRANSPORTASI;Transportasi;;1041;S.Tr.;;ID;kurasi
