kode_prodi;kode_jenjang
ID-ILMU-PENDIDIKAN;S1
ID-ILMU-PENDIDIKAN;S2
ID-ILMU-PENDIDIKAN;S3
ID-TEKNOLOGI-PENDIDIKAN;S1
ID-TEKNOLOGI-PENDIDIKAN;S2
ID-TEKNOLOGI-PENDIDIKAN;S3
ID-MANAJEMEN-PENDIDIKAN;S1
ID-MANAJEMEN-PENDIDIKAN;S2
ID-MANAJEMEN-PENDIDIKAN;S3
ID-ADMINISTRASI-PENDIDIKAN;S1
ID-ADMINISTRASI-PENDIDIKAN;S2
ID-ADMINISTRASI-PENDIDIKAN;S3
ID-BIMBINGAN-DAN-KONSELING;S1
ID-BIMBINGAN-DAN-KONSELING;S2
ID-BIMBINGAN-DAN-KONSELING;S3
ID-PENDIDIKAN-LUAR-BIASA;S1
ID-PENDIDIKAN-LUAR-BIASA;S2
ID-PENDIDIKAN-MASYARAKAT;S1
ID-PENDIDIKAN-MASYARAKAT;S2
ID-PENDIDIKAN-GURU-PENDIDIKAN-ANAK-USIA-DINI-PG-PAUD;S1
ID-PENDIDIKAN-GURU-PENDIDIKAN-ANAK-USIA-DINI-PG-PAUD;S2
ID-PENDIDIKAN-GURU-SEKOLAH-DASAR-PGSD;S1
ID-PENDIDIKAN-GURU-SEKOLAH-DASAR-PGSD;S2
ID-PENDIDIKAN-MATEMATIKA;S1
ID-PENDIDIKAN-MATEMATIKA;S2
ID-PENDIDIKAN-MATEMATIKA;S3
ID-PENDIDIKAN-FISIKA;S1
ID-PENDIDIKAN-FISIKA;S2
ID-PENDIDIKAN-KIMIA;S1
ID-PENDIDIKAN-KIMIA;S2
ID-PENDIDIKAN-BIOLOGI;S1
ID-PENDIDIKAN-BIOLOGI;S2
ID-PENDIDIKAN-ILMU-PENGETAHUAN-ALAM-IPA;S1
ID-PENDIDIKAN-ILMU-PENGETAHUAN-ALAM-IPA;S2
ID-PENDIDIKAN-ILMU-PENGETAHUAN-SOSIAL-IPS;S1
ID-PENDIDIKAN-ILMU-PENGETAHUAN-SOSIAL-IPS;S2
ID-PENDIDIKAN-BAHASA-DAN-SASTRA-INDONESIA;S1
ID-PENDIDIKAN-BAHASA-DAN-SASTRA-INDONESIA;S2
ID-PENDIDIKAN-BAHASA-DAN-SASTRA-INDONESIA;S3
ID-PENDIDIKAN-BAHASA-INGGRIS;S1
ID-PENDIDIKAN-BAHASA-INGGRIS;S2
ID-PENDIDIKAN-BAHASA-INGGRIS;S3
ID-PENDIDIKAN-BAHASA-ARAB;S1
ID-PENDIDIKAN-BAHASA-ARAB;S2
ID-PENDIDIKAN-BAHASA-JEPANG;S1
ID-PENDIDIKAN-BAHASA-JERMAN;S1
ID-PENDIDIKAN-BAHASA-PRANCIS;S1
ID-PENDIDIKAN-BAHASA-MANDARIN;S1
ID-PENDIDIKAN-SEJARAH;S1
ID-PENDIDIKAN-SEJARAH;S2
ID-PENDIDIKAN-GEOGRAFI;S1
ID-PENDIDIKAN-GEOGRAFI;S2
ID-PENDIDIKAN-EKONOMI;S1
ID-PENDIDIKAN-EKONOMI;S2
ID-PENDIDIKAN-AKUNTANSI;S1
ID-PENDIDIKAN-ADMINISTRASI-PERKANTORAN;S1
ID-PENDIDIKAN-SOSIOLOGI;S1
ID-PENDIDIKAN-PANCASILA-DAN-KEWARGANEGARAAN-PPKN;S1
ID-PENDIDIKAN-PANCASILA-DAN-KEWARGANEGARAAN-PPKN;S2
ID-PENDIDIKAN-JASMANI-KESEHATAN-DAN-REKREASI-PJKR;S1
ID-PENDIDIKAN-JASMANI-KESEHATAN-DAN-REKREASI-PJKR;S2
ID-PENDIDIKAN-SENI-RUPA;S1
ID-PENDIDIKAN-SENI-MUSIK;S1
ID-PENDIDIKAN-SENI-TARI;S1
ID-PENDIDIKAN-TEKNIK-MESIN;S1
ID-PENDIDIKAN-TEKNIK-ELEKTRO;S1
ID-PENDIDIKAN-TEKNIK-BANGUNAN;S1
ID-PENDIDIKAN-TEKNIK-INFORMATIKA;S1
ID-PENDIDIKAN-TATA-BOGA;S1
ID-PENDIDIKAN-TATA-BUSANA;S1
ID-PENDIDIKAN-AGAMA-ISLAM;S1
ID-PENDIDIKAN-AGAMA-ISLAM;S2
ID-PENDIDIKAN-AGAMA-ISLAM;S3
ID-PENDIDIKAN-AGAMA-KRISTEN;S1
ID-PENDIDIKAN-AGAMA-KRISTEN;S2
ID-PENDIDIKAN-AGAMA-KATOLIK;S1
ID-PENDIDIKAN-AGAMA-KATOLIK;S2
ID-PENDIDIKAN-AGAMA-HINDU;S1
ID-PENDIDIKAN-AGAMA-HINDU;S2
ID-PENDIDIKAN-AGAMA-BUDDHA;S1
ID-PENDIDIKAN-AGAMA-BUDDHA;S2
ID-PENDIDIKAN-GURU-MADRASAH-IBTIDAIYAH-PGMI;S1
ID-TELEVISI-DAN-FILM;D3
ID-TELEVISI-DAN-FILM;D4
ID-TELEVISI-DAN-FILM;S1
ID-PRODUKSI-FILM-DAN-TELEVISI;D3
ID-PRODUKSI-FILM-DAN-TELEVISI;D4
ID-FOTOGRAFI;D3
ID-FOTOGRAFI;D4
ID-FOTOGRAFI;S1
ID-ANIMASI;D3
ID-ANIMASI;D4
ID-ANIMASI;S1
ID-MULTIMEDIA;D3
ID-MULTIMEDIA;D4
ID-DESAIN-KOMUNIKASI-VISUAL-DKV;D3
ID-DESAIN-KOMUNIKASI-VISUAL-DKV;D4
ID-DESAIN-KOMUNIKASI-VISUAL-DKV;S1
ID-DESAIN-KOMUNIKASI-VISUAL-DKV;S2
ID-DESAIN-INTERIOR;D3
ID-DESAIN-INTERIOR;D4
ID-DESAIN-INTERIOR;S1
ID-DESAIN-INTERIOR;S2
ID-DESAIN-PRODUK;D3
ID-DESAIN-PRODUK;D4
ID-DESAIN-PRODUK;S1
ID-DESAIN-PRODUK;S2
ID-DESAIN-MODE;D3
ID-DESAIN-MODE;D4
ID-DESAIN-MODE;S1
ID-SENI-RUPA-MURNI;S1
ID-SENI-RUPA-MURNI;S2
ID-SENI-LUKIS;S1
ID-SENI-PATUNG;S1
ID-KRIYA-SENI;D3
ID-KRIYA-SENI;D4
ID-KRIYA-SENI;S1
ID-KRIYA-TEKSTIL;D3
ID-KRIYA-TEKSTIL;S1
ID-KRIYA-KAYU;D3
ID-KRIYA-KAYU;S1
ID-KRIYA-KERAMIK;D3
ID-KRIYA-KERAMIK;S1
ID-SENI-MUSIK;D4
ID-SENI-MUSIK;S1
ID-SENI-MUSIK;S2
ID-SENI-TARI;D4
ID-SENI-TARI;S1
ID-SENI-TARI;S2
ID-SENI-TEATER;S1
ID-KARAWITAN;S1
ID-ETNOMUSIKOLOGI;S1
ID-ETNOMUSIKOLOGI;S2
ID-PEDALANGAN;S1
ID-ILMU-AL-QURAN-DAN-TAFSIR;S1
ID-ILMU-AL-QURAN-DAN-TAFSIR;S2
ID-ILMU-AL-QURAN-DAN-TAFSIR;S3
ID-ILMU-HADIS;S1
ID-ILMU-HADIS;S2
ID-AQIDAH-DAN-FILSAFAT-ISLAM;S1
ID-AQIDAH-DAN-FILSAFAT-ISLAM;S2
ID-STUDI-AGAMA-AGAMA;S1
ID-STUDI-AGAMA-AGAMA;S2
ID-TEOLOGI-KRISTEN;S1
ID-TEOLOGI-KRISTEN;S2
ID-TEOLOGI-KRISTEN;S3
ID-TEOLOGI-KATOLIK;S1
ID-TEOLOGI-KATOLIK;S2
ID-ILMU-FALAK;S1
ID-ILMU-FALAK;S2
ID-ILMU-SEJARAH;S1
ID-ILMU-SEJARAH;S2
ID-ILMU-SEJARAH;S3
ID-ARKEOLOGI;S1
ID-ARKEOLOGI;S2
ID-ARKEOLOGI;S3
ID-FILSAFAT;S1
ID-FILSAFAT;S2
ID-FILSAFAT;S3
ID-BAHASA-DAN-KEBUDAYAAN-JEPANG;D3
ID-BAHASA-DAN-KEBUDAYAAN-JEPANG;S1
ID-BAHASA-MANDARIN;D3
ID-BAHASA-MANDARIN;S1
ID-BAHASA-KOREA;D3
ID-BAHASA-KOREA;S1
ID-BAHASA-DAN-SASTRA-DAERAH;S1
ID-SASTRA-INDONESIA;S1
ID-SASTRA-INDONESIA;S2
ID-SASTRA-INDONESIA;S3
ID-SASTRA-INGGRIS;S1
ID-SASTRA-INGGRIS;S2
ID-SASTRA-INGGRIS;S3
ID-SASTRA-JEPANG;S1
ID-SASTRA-ARAB;S1
ID-SASTRA-JAWA;S1
ID-SASTRA-CINA;S1
ID-LINGUISTIK;S1
ID-LINGUISTIK;S2
ID-LINGUISTIK;S3
ID-EKONOMI-PEMBANGUNAN;S1
ID-EKONOMI-PEMBANGUNAN;S2
ID-EKONOMI-PEMBANGUNAN;S3
ID-ILMU-EKONOMI;S1
ID-ILMU-EKONOMI;S2
ID-ILMU-EKONOMI;S3
ID-EKONOMI-SYARIAH;S1
ID-EKONOMI-SYARIAH;S2
ID-EKONOMI-ISLAM;S1
ID-EKONOMI-ISLAM;S2
ID-ILMU-POLITIK;S1
ID-ILMU-POLITIK;S2
ID-ILMU-POLITIK;S3
ID-ILMU-PEMERINTAHAN;S1
ID-ILMU-PEMERINTAHAN;S2
ID-HUBUNGAN-INTERNASIONAL;S1
ID-HUBUNGAN-INTERNASIONAL;S2
ID-HUBUNGAN-INTERNASIONAL;S3
ID-PSIKOLOGI;S1
ID-PSIKOLOGI;S2
ID-PSIKOLOGI;S3
ID-PSIKOLOGI-PROFESI;Profesi
ID-SOSIOLOGI;S1
ID-SOSIOLOGI;S2
ID-SOSIOLOGI;S3
ID-ANTROPOLOGI-SOSIAL;S1
ID-ANTROPOLOGI-SOSIAL;S2
ID-ANTROPOLOGI-SOSIAL;S3
ID-KAJIAN-BUDAYA;S2
ID-KAJIAN-BUDAYA;S3
ID-ILMU-KOMUNIKASI;D3
ID-ILMU-KOMUNIKASI;D4
ID-ILMU-KOMUNIKASI;S1
ID-ILMU-KOMUNIKASI;S2
ID-ILMU-KOMUNIKASI;S3
ID-JURNALISTIK;D3
ID-JURNALISTIK;D4
ID-JURNALISTIK;S1
ID-HUBUNGAN-MASYARAKAT-PUBLIC-RELATIONS;D3
ID-HUBUNGAN-MASYARAKAT-PUBLIC-RELATIONS;D4
ID-HUBUNGAN-MASYARAKAT-PUBLIC-RELATIONS;S1
ID-PENYIARAN-BROADCASTING;D3
ID-PENYIARAN-BROADCASTING;D4
ID-KOMUNIKASI-DAN-PENYIARAN-ISLAM;S1
ID-KOMUNIKASI-DAN-PENYIARAN-ISLAM;S2
ID-ILMU-PERPUSTAKAAN;D3
ID-ILMU-PERPUSTAKAAN;S1
ID-ILMU-PERPUSTAKAAN;S2
ID-KEARSIPAN;D3
ID-MANAJEMEN-INFORMASI;D3
ID-MANAJEMEN-INFORMASI;D4
ID-AKUNTANSI;D3
ID-AKUNTANSI;D4
ID-AKUNTANSI;S1
ID-AKUNTANSI;S2
ID-AKUNTANSI;S3
ID-AKUNTANSI-PERPAJAKAN;D3
ID-AKUNTANSI-PERPAJAKAN;D4
ID-PERPAJAKAN;D3
ID-PERPAJAKAN;D4
ID-PERPAJAKAN;S1
ID-AKUNTANSI-SYARIAH;S1
ID-KOMPUTERISASI-AKUNTANSI;D3
ID-AKUNTANSI-SEKTOR-PUBLIK;D4
ID-MANAJEMEN-KEUANGAN;D3
ID-MANAJEMEN-KEUANGAN;D4
ID-MANAJEMEN-KEUANGAN;S1
ID-PERBANKAN;D3
ID-PERBANKAN;D4
ID-PERBANKAN-SYARIAH;D3
ID-PERBANKAN-SYARIAH;S1
ID-PERBANKAN-SYARIAH;S2
ID-KEUANGAN-DAN-PERBANKAN;D3
ID-KEUANGAN-DAN-PERBANKAN;D4
ID-ASURANSI-DAN-AKTUARIA;D4
ID-ASURANSI-DAN-AKTUARIA;S1
ID-MANAJEMEN;D3
ID-MANAJEMEN;D4
ID-MANAJEMEN;S1
ID-MANAJEMEN;S2
ID-MANAJEMEN;S3
ID-ADMINISTRASI-BISNIS;D3
ID-ADMINISTRASI-BISNIS;D4
ID-ADMINISTRASI-BISNIS;S1
ID-ADMINISTRASI-BISNIS;S2
ID-ADMINISTRASI-PUBLIK;D3
ID-ADMINISTRASI-PUBLIK;D4
ID-ADMINISTRASI-PUBLIK;S1
ID-ADMINISTRASI-PUBLIK;S2
ID-ADMINISTRASI-PUBLIK;S3
ID-MANAJEMEN-BISNIS;D4
ID-MANAJEMEN-BISNIS;S1
ID-MANAJEMEN-SUMBER-DAYA-MANUSIA;D4
ID-MANAJEMEN-SUMBER-DAYA-MANUSIA;S1
ID-MANAJEMEN-SUMBER-DAYA-MANUSIA;S2
ID-KEWIRAUSAHAAN;D4
ID-KEWIRAUSAHAAN;S1
ID-MANAJEMEN-LOGISTIK;D3
ID-MANAJEMEN-LOGISTIK;D4
ID-MANAJEMEN-LOGISTIK;S1
ID-MANAJEMEN-RANTAI-PASOK;D4
ID-MANAJEMEN-RANTAI-PASOK;S1
ID-BISNIS-DIGITAL;D4
ID-BISNIS-DIGITAL;S1
ID-MANAJEMEN-BISNIS-SYARIAH;S1
ID-MANAJEMEN-INDUSTRI;D4
ID-MANAJEMEN-INDUSTRI;S1
ID-MAGISTER-MANAJEMEN;S2
ID-MANAJEMEN-PEMASARAN;D3
ID-MANAJEMEN-PEMASARAN;D4
ID-MANAJEMEN-PEMASARAN;S1
ID-PERIKLANAN;D3
ID-PERIKLANAN;D4
ID-ADMINISTRASI-PERKANTORAN;D3
ID-ADMINISTRASI-PERKANTORAN;D4
ID-SEKRETARI;D3
ID-MANAJEMEN-PERKANTORAN;D4
ID-MANAJEMEN-RITEL;D3
ID-MANAJEMEN-RITEL;D4
ID-TATA-NIAGA;D3
ID-ILMU-HUKUM;S1
ID-ILMU-HUKUM;S2
ID-ILMU-HUKUM;S3
ID-HUKUM-BISNIS;S1
ID-HUKUM-BISNIS;S2
ID-HUKUM-KELUARGA-ISLAM;S1
ID-HUKUM-KELUARGA-ISLAM;S2
ID-HUKUM-EKONOMI-SYARIAH;S1
ID-HUKUM-EKONOMI-SYARIAH;S2
ID-HUKUM-TATA-NEGARA;S1
ID-HUKUM-TATA-NEGARA;S2
ID-KENOTARIATAN;S2
ID-HUKUM-INTERNASIONAL;S1
ID-HUKUM-INTERNASIONAL;S2
ID-ADVOKAT;Profesi
ID-BIOLOGI;S1
ID-BIOLOGI;S2
ID-BIOLOGI;S3
ID-BIOTEKNOLOGI;S1
ID-BIOTEKNOLOGI;S2
ID-BIOTEKNOLOGI;S3
ID-MIKROBIOLOGI;S1
ID-MIKROBIOLOGI;S2
ID-BIOLOGI-MOLEKULER;S2
ID-BIOLOGI-MOLEKULER;S3
ID-BIOKIMIA;S1
ID-BIOKIMIA;S2
ID-ILMU-LINGKUNGAN;S1
ID-ILMU-LINGKUNGAN;S2
ID-ILMU-LINGKUNGAN;S3
ID-BIOLOGI-KONSERVASI;S1
ID-BIOLOGI-KONSERVASI;S2
ID-KIMIA;S1
ID-KIMIA;S2
ID-KIMIA;S3
ID-ANALIS-KIMIA;D3
ID-ANALIS-KIMIA;D4
ID-GEOLOGI;S1
ID-GEOLOGI;S2
ID-GEOLOGI;S3
ID-GEOFISIKA;S1
ID-GEOFISIKA;S2
ID-METEOROLOGI;D4
ID-METEOROLOGI;S1
ID-METEOROLOGI;S2
ID-OSEANOGRAFI;S1
ID-OSEANOGRAFI;S2
ID-GEOGRAFI;S1
ID-GEOGRAFI;S2
ID-GEOGRAFI;S3
ID-FISIKA;S1
ID-FISIKA;S2
ID-FISIKA;S3
ID-ASTRONOMI;S1
ID-ASTRONOMI;S2
ID-ASTRONOMI;S3
ID-FISIKA-MEDIS;S1
ID-FISIKA-MEDIS;S2
ID-MATEMATIKA;S1
ID-MATEMATIKA;S2
ID-MATEMATIKA;S3
ID-MATEMATIKA-TERAPAN;S1
ID-MATEMATIKA-TERAPAN;S2
ID-STATISTIKA;D3
ID-STATISTIKA;D4
ID-STATISTIKA;S1
ID-STATISTIKA;S2
ID-STATISTIKA;S3
ID-SAINS-DATA;D4
ID-SAINS-DATA;S1
ID-SAINS-DATA;S2
ID-AKTUARIA;S1
ID-AKTUARIA;S2
ID-MANAJEMEN-INFORMATIKA;D3
ID-MANAJEMEN-INFORMATIKA;D4
ID-TEKNIK-KOMPUTER;D3
ID-TEKNIK-KOMPUTER;D4
ID-TEKNIK-KOMPUTER;S1
ID-TEKNOLOGI-REKAYASA-KOMPUTER-JARINGAN;D4
ID-TEKNOLOGI-INFORMASI;D3
ID-TEKNOLOGI-INFORMASI;D4
ID-TEKNOLOGI-INFORMASI;S1
ID-TEKNOLOGI-INFORMASI;S2
ID-KEAMANAN-SIBER;D4
ID-KEAMANAN-SIBER;S1
ID-KEAMANAN-SIBER;S2
ID-TEKNIK-INFORMATIKA;D3
ID-TEKNIK-INFORMATIKA;D4
ID-TEKNIK-INFORMATIKA;S1
ID-TEKNIK-INFORMATIKA;S2
ID-TEKNIK-INFORMATIKA;S3
ID-INFORMATIKA;S1
ID-INFORMATIKA;S2
ID-INFORMATIKA;S3
ID-ILMU-KOMPUTER;S1
ID-ILMU-KOMPUTER;S2
ID-ILMU-KOMPUTER;S3
ID-SISTEM-INFORMASI;D3
ID-SISTEM-INFORMASI;D4
ID-SISTEM-INFORMASI;S1
ID-SISTEM-INFORMASI;S2
ID-REKAYASA-PERANGKAT-LUNAK;D4
ID-REKAYASA-PERANGKAT-LUNAK;S1
ID-TEKNOLOGI-REKAYASA-PERANGKAT-LUNAK;D4
ID-TEKNOLOGI-PERMAINAN-GAME;D4
ID-TEKNOLOGI-PERMAINAN-GAME;S1
ID-KECERDASAN-ARTIFISIAL;S1
ID-KECERDASAN-ARTIFISIAL;S2
ID-TEKNIK-KIMIA;D3
ID-TEKNIK-KIMIA;D4
ID-TEKNIK-KIMIA;S1
ID-TEKNIK-KIMIA;S2
ID-TEKNIK-KIMIA;S3
ID-TEKNIK-BIOPROSES;S1
ID-TEKNIK-BIOPROSES;S2
ID-TEKNIK-LINGKUNGAN;D3
ID-TEKNIK-LINGKUNGAN;D4
ID-TEKNIK-LINGKUNGAN;S1
ID-TEKNIK-LINGKUNGAN;S2
ID-TEKNIK-LINGKUNGAN;S3
ID-TEKNIK-ELEKTRO;D3
ID-TEKNIK-ELEKTRO;D4
ID-TEKNIK-ELEKTRO;S1
ID-TEKNIK-ELEKTRO;S2
ID-TEKNIK-ELEKTRO;S3
ID-TEKNIK-TENAGA-LISTRIK;D3
ID-TEKNIK-TENAGA-LISTRIK;D4
ID-TEKNIK-TENAGA-LISTRIK;S1
ID-TEKNIK-ENERGI-TERBARUKAN;D4
ID-TEKNIK-ENERGI-TERBARUKAN;S1
ID-TEKNOLOGI-LISTRIK;D3
ID-TEKNIK-ELEKTRONIKA;D3
ID-TEKNIK-ELEKTRONIKA;D4
ID-TEKNIK-ELEKTRONIKA;S1
ID-TEKNIK-TELEKOMUNIKASI;D3
ID-TEKNIK-TELEKOMUNIKASI;D4
ID-TEKNIK-TELEKOMUNIKASI;S1
ID-TEKNIK-TELEKOMUNIKASI;S2
ID-TEKNIK-OTOMASI-INDUSTRI;D3
ID-TEKNIK-OTOMASI-INDUSTRI;D4
ID-MEKATRONIKA;D3
ID-MEKATRONIKA;D4
ID-MEKATRONIKA;S1
ID-TEKNIK-INSTRUMENTASI;D3
ID-TEKNIK-INSTRUMENTASI;D4
ID-TEKNIK-INSTRUMENTASI;S1
ID-TEKNIK-KENDALI;S1
ID-TEKNIK-KENDALI;S2
ID-TEKNIK-MESIN;D3
ID-TEKNIK-MESIN;D4
ID-TEKNIK-MESIN;S1
ID-TEKNIK-MESIN;S2
ID-TEKNIK-MESIN;S3
ID-TEKNIK-INDUSTRI;D3
ID-TEKNIK-INDUSTRI;D4
ID-TEKNIK-INDUSTRI;S1
ID-TEKNIK-INDUSTRI;S2
ID-TEKNIK-INDUSTRI;S3
ID-TEKNIK-METALURGI-DAN-MATERIAL;S1
ID-TEKNIK-METALURGI-DAN-MATERIAL;S2
ID-TEKNIK-METALURGI-DAN-MATERIAL;S3
ID-TEKNIK-MANUFAKTUR;D3
ID-TEKNIK-MANUFAKTUR;D4
ID-TEKNIK-MANUFAKTUR;S1
ID-TEKNIK-PENGELASAN;D3
ID-TEKNIK-PENGELASAN;D4
ID-TEKNIK-PERANCANGAN-DAN-KONSTRUKSI-MESIN;D4
ID-TEKNIK-OTOMOTIF;D3
ID-TEKNIK-OTOMOTIF;D4
ID-TEKNIK-OTOMOTIF;S1
ID-TEKNIK-PERKAPALAN;D3
ID-TEKNIK-PERKAPALAN;D4
ID-TEKNIK-PERKAPALAN;S1
ID-TEKNIK-PERKAPALAN;S2
ID-TEKNIK-SISTEM-PERKAPALAN;S1
ID-TEKNIK-SISTEM-PERKAPALAN;S2
ID-TEKNIK-PENERBANGAN;D3
ID-TEKNIK-PENERBANGAN;D4
ID-TEKNIK-PENERBANGAN;S1
ID-TEKNIK-PENERBANGAN;S2
ID-TEKNIK-DIRGANTARA;S1
ID-TEKNIK-DIRGANTARA;S2
ID-TEKNIK-DIRGANTARA;S3
ID-TEKNIK-ALAT-BERAT;D3
ID-TEKNIK-ALAT-BERAT;D4
ID-TEKNOLOGI-PANGAN;D3
ID-TEKNOLOGI-PANGAN;D4
ID-TEKNOLOGI-PANGAN;S1
ID-TEKNOLOGI-PANGAN;S2
ID-TEKNOLOGI-PANGAN;S3
ID-ILMU-DAN-TEKNOLOGI-PANGAN;S1
ID-ILMU-DAN-TEKNOLOGI-PANGAN;S2
ID-ILMU-DAN-TEKNOLOGI-PANGAN;S3
ID-TEKNOLOGI-HASIL-PERTANIAN;D3
ID-TEKNOLOGI-HASIL-PERTANIAN;S1
ID-TEKNOLOGI-HASIL-PERTANIAN;S2
ID-TEKNIK-MATERIAL;S1
ID-TEKNIK-MATERIAL;S2
ID-TEKNIK-TEKSTIL;D3
ID-TEKNIK-TEKSTIL;D4
ID-TEKNIK-TEKSTIL;S1
ID-TEKNIK-PERTAMBANGAN;D3
ID-TEKNIK-PERTAMBANGAN;D4
ID-TEKNIK-PERTAMBANGAN;S1
ID-TEKNIK-PERTAMBANGAN;S2
ID-TEKNIK-PERTAMBANGAN;S3
ID-TEKNIK-PERMINYAKAN;D3
ID-TEKNIK-PERMINYAKAN;D4
ID-TEKNIK-PERMINYAKAN;S1
ID-TEKNIK-PERMINYAKAN;S2
ID-TEKNIK-PERMINYAKAN;S3
ID-TEKNIK-GEOFISIKA;S1
ID-TEKNIK-GEOFISIKA;S2
ID-ARSITEKTUR;D3
ID-ARSITEKTUR;D4
ID-ARSITEKTUR;S1
ID-ARSITEKTUR;S2
ID-ARSITEKTUR;S3
ID-PERENCANAAN-WILAYAH-DAN-KOTA;S1
ID-PERENCANAAN-WILAYAH-DAN-KOTA;S2
ID-PERENCANAAN-WILAYAH-DAN-KOTA;S3
ID-ARSITEKTUR-LANSKAP;S1
ID-ARSITEKTUR-LANSKAP;S2
ID-ARSITEK;Profesi
ID-TEKNIK-SIPIL;D3
ID-TEKNIK-SIPIL;D4
ID-TEKNIK-SIPIL;S1
ID-TEKNIK-SIPIL;S2
ID-TEKNIK-SIPIL;S3
ID-TEKNIK-KONSTRUKSI-GEDUNG;D3
ID-TEKNIK-KONSTRUKSI-GEDUNG;D4
ID-TEKNIK-GEODESI;D3
ID-TEKNIK-GEODESI;D4
ID-TEKNIK-GEODESI;S1
ID-TEKNIK-GEODESI;S2
ID-TEKNIK-GEOMATIKA;D3
ID-TEKNIK-GEOMATIKA;D4
ID-TEKNIK-GEOMATIKA;S1
ID-MANAJEMEN-REKAYASA-KONSTRUKSI;D4
ID-MANAJEMEN-REKAYASA-KONSTRUKSI;S2
ID-TEKNIK-JALAN-DAN-JEMBATAN;D3
ID-TEKNIK-JALAN-DAN-JEMBATAN;D4
ID-TEKNIK-SUMBER-DAYA-AIR;D4
ID-TEKNIK-SUMBER-DAYA-AIR;S1
ID-TEKNIK-SUMBER-DAYA-AIR;S2
ID-INSINYUR;Profesi
ID-AGROTEKNOLOGI;D4
ID-AGROTEKNOLOGI;S1
ID-AGROTEKNOLOGI;S2
ID-AGROTEKNOLOGI;S3
ID-AGRIBISNIS;D3
ID-AGRIBISNIS;D4
ID-AGRIBISNIS;S1
ID-AGRIBISNIS;S2
ID-AGRIBISNIS;S3
ID-AGRONOMI;S1
ID-AGRONOMI;S2
ID-AGRONOMI;S3
ID-ILMU-TANAH;S1
ID-ILMU-TANAH;S2
ID-PROTEKSI-TANAMAN;S1
ID-PROTEKSI-TANAMAN;S2
ID-PEMULIAAN-TANAMAN;S1
ID-PEMULIAAN-TANAMAN;S2
ID-PEMULIAAN-TANAMAN;S3
ID-PETERNAKAN;D3
ID-PETERNAKAN;D4
ID-PETERNAKAN;S1
ID-PETERNAKAN;S2
ID-PETERNAKAN;S3
ID-NUTRISI-DAN-TEKNOLOGI-PAKAN;S1
ID-NUTRISI-DAN-TEKNOLOGI-PAKAN;S2
ID-HORTIKULTURA;D3
ID-HORTIKULTURA;D4
ID-HORTIKULTURA;S1
ID-KEHUTANAN;D3
ID-KEHUTANAN;D4
ID-KEHUTANAN;S1
ID-KEHUTANAN;S2
ID-KEHUTANAN;S3
ID-KONSERVASI-SUMBER-DAYA-HUTAN;S1
ID-KONSERVASI-SUMBER-DAYA-HUTAN;S2
ID-SILVIKULTUR;S1
ID-SILVIKULTUR;S2
ID-TEKNOLOGI-HASIL-HUTAN;S1
ID-TEKNOLOGI-HASIL-HUTAN;S2
ID-PERIKANAN;D3
ID-PERIKANAN;D4
ID-PERIKANAN;S1
ID-PERIKANAN;S2
ID-PERIKANAN;S3
ID-BUDIDAYA-PERAIRAN-AKUAKULTUR;D3
ID-BUDIDAYA-PERAIRAN-AKUAKULTUR;D4
ID-BUDIDAYA-PERAIRAN-AKUAKULTUR;S1
ID-BUDIDAYA-PERAIRAN-AKUAKULTUR;S2
ID-MANAJEMEN-SUMBERDAYA-PERAIRAN;S1
ID-MANAJEMEN-SUMBERDAYA-PERAIRAN;S2
ID-TEKNOLOGI-HASIL-PERIKANAN;D3
ID-TEKNOLOGI-HASIL-PERIKANAN;D4
ID-TEKNOLOGI-HASIL-PERIKANAN;S1
ID-ILMU-KELAUTAN;S1
ID-ILMU-KELAUTAN;S2
ID-ILMU-KELAUTAN;S3
ID-PEMANFAATAN-SUMBERDAYA-PERIKANAN;S1
ID-PEMANFAATAN-SUMBERDAYA-PERIKANAN;S2
ID-KEDOKTERAN-HEWAN;S1
ID-KEDOKTERAN-HEWAN;S2
ID-KEDOKTERAN-HEWAN;S3
ID-DOKTER-HEWAN;Profesi
ID-PARAMEDIK-VETERINER;D3
ID-KESEHATAN-HEWAN;D4
ID-KEDOKTERAN-GIGI;S1
ID-KEDOKTERAN-GIGI;S2
ID-KEDOKTERAN-GIGI;S3
ID-DOKTER-GIGI;Profesi
ID-KESEHATAN-GIGI;D3
ID-KESEHATAN-GIGI;D4
ID-TEKNIK-GIGI;D3
ID-TEKNIK-GIGI;D4
ID-KESEHATAN-MASYARAKAT;S1
ID-KESEHATAN-MASYARAKAT;S2
ID-KESEHATAN-MASYARAKAT;S3
ID-GIZI;D3
ID-GIZI;D4
ID-GIZI;S1
ID-GIZI;S2
ID-DIETISIEN;Profesi
ID-ADMINISTRASI-RUMAH-SAKIT;D4
ID-ADMINISTRASI-RUMAH-SAKIT;S1
ID-ADMINISTRASI-RUMAH-SAKIT;S2
ID-MANAJEMEN-INFORMASI-KESEHATAN;D3
ID-MANAJEMEN-INFORMASI-KESEHATAN;D4
ID-KEDOKTERAN;S1
ID-KEDOKTERAN;S2
ID-KEDOKTERAN;S3
ID-DOKTER;Profesi
ID-ILMU-BIOMEDIK;S1
ID-ILMU-BIOMEDIK;S2
ID-ILMU-BIOMEDIK;S3
ID-KEPERAWATAN;D3
ID-KEPERAWATAN;D4
ID-KEPERAWATAN;S1
ID-KEPERAWATAN;S2
ID-KEPERAWATAN;S3
ID-NERS;Profesi
ID-KEBIDANAN;D3
ID-KEBIDANAN;D4
ID-KEBIDANAN;S1
ID-KEBIDANAN;S2
ID-BIDAN;Profesi
ID-KEPERAWATAN-ANESTESIOLOGI;D4
ID-TEKNOLOGI-LABORATORIUM-MEDIS;D3
ID-TEKNOLOGI-LABORATORIUM-MEDIS;D4
ID-TEKNOLOGI-LABORATORIUM-MEDIS;S1
ID-RADIOLOGI-RADIODIAGNOSTIK-DAN-RADIOTERAPI;D3
ID-RADIOLOGI-RADIODIAGNOSTIK-DAN-RADIOTERAPI;D4
ID-TEKNIK-ELEKTROMEDIK;D3
ID-TEKNIK-ELEKTROMEDIK;D4
ID-TEKNIK-ELEKTROMEDIK;S1
ID-TEKNOLOGI-BANK-DARAH;D3
ID-FISIOTERAPI;D3
ID-FISIOTERAPI;D4
ID-FISIOTERAPI;S1
ID-FISIOTERAPI;S2
ID-OKUPASI-TERAPI;D3
ID-OKUPASI-TERAPI;D4
ID-TERAPI-WICARA;D3
ID-TERAPI-WICARA;D4
ID-AKUPUNKTUR;D3
ID-AKUPUNKTUR;D4
ID-ORTOTIK-PROSTETIK;D3
ID-ORTOTIK-PROSTETIK;D4
ID-FARMASI;D3
ID-FARMASI;D4
ID-FARMASI;S1
ID-FARMASI;S2
ID-FARMASI;S3
ID-APOTEKER;Profesi
ID-FARMASI-KLINIS;S1
ID-FARMASI-KLINIS;S2
ID-ANALIS-FARMASI-DAN-MAKANAN;D3
ID-PENGOBATAN-TRADISIONAL-BATTRA;D3
ID-PENGOBATAN-TRADISIONAL-BATTRA;D4
ID-PERAWATAN-LANSIA;D3
ID-KESEJAHTERAAN-SOSIAL;S1
ID-KESEJAHTERAAN-SOSIAL;S2
ID-KESEJAHTERAAN-SOSIAL;S3
ID-PEKERJAAN-SOSIAL;D4
ID-PEKERJAAN-SOSIAL;S1
ID-PEKERJAAN-SOSIAL;S2
ID-TATA-GRAHA-HOUSEKEEPING;D3
ID-TATA-KECANTIKAN;D3
ID-TATA-KECANTIKAN;D4
ID-TATA-RIAS;D3
ID-TATA-RIAS;D4
ID-PERHOTELAN;D3
ID-PERHOTELAN;D4
ID-PERHOTELAN;S1
ID-MANAJEMEN-PERHOTELAN;D4
ID-MANAJEMEN-PERHOTELAN;S1
ID-MANAJEMEN-PERHOTELAN;S2
ID-TATA-BOGA;D3
ID-TATA-BOGA;D4
ID-SENI-KULINER;D3
ID-SENI-KULINER;D4
ID-MANAJEMEN-TATA-HIDANG;D3
ID-ILMU-KEOLAHRAGAAN;S1
ID-ILMU-KEOLAHRAGAAN;S2
ID-ILMU-KEOLAHRAGAAN;S3
ID-PENDIDIKAN-KEPELATIHAN-OLAHRAGA;S1
ID-PENDIDIKAN-KEPELATIHAN-OLAHRAGA;S2
ID-MANAJEMEN-OLAHRAGA;D4
ID-MANAJEMEN-OLAHRAGA;S1
ID-PARIWISATA;D3
ID-PARIWISATA;D4
ID-PARIWISATA;S1
ID-PARIWISATA;S2
ID-PARIWISATA;S3
ID-USAHA-PERJALANAN-WISATA;D3
ID-USAHA-PERJALANAN-WISATA;D4
ID-DESTINASI-PARIWISATA;D4
ID-DESTINASI-PARIWISATA;S1
ID-MANAJEMEN-PERJALANAN-WISATA;D4
ID-MANAJEMEN-PERJALANAN-WISATA;S1
ID-KESEHATAN-LINGKUNGAN;D3
ID-KESEHATAN-LINGKUNGAN;D4
ID-KESEHATAN-LINGKUNGAN;S1
ID-SANITASI;D3
ID-KESELAMATAN-DAN-KESEHATAN-KERJA-K3;D3
ID-KESELAMATAN-DAN-KESEHATAN-KERJA-K3;D4
ID-KESELAMATAN-DAN-KESEHATAN-KERJA-K3;S1
ID-KESELAMATAN-DAN-KESEHATAN-KERJA-K3;S2
ID-HIGIENE-INDUSTRI;D4
ID-HIGIENE-INDUSTRI;S1
ID-ILMU-PERTAHANAN;S1
ID-ILMU-PERTAHANAN;S2
ID-ILMU-PERTAHANAN;S3
ID-ILMU-KEPOLISIAN;S1
ID-ILMU-KEPOLISIAN;S2
ID-ILMU-KEPOLISIAN;S3
ID-ILMU-MILITER;S1
ID-ILMU-MILITER;S2
ID-KRIMINOLOGI;S1
ID-KRIMINOLOGI;S2
ID-MANAJEMEN-KEAMANAN;D4
ID-TRANSPORTASI;D3
ID-TRANSPORTASI;D4
ID-TRANSPORTASI;S1
ID-TRANSPORTASI;S2
ID-MANAJEMEN-TRANSPORTASI;D3
ID-MANAJEMEN-TRANSPORTASI;D4
ID-MANAJEMEN-TRANSPORTASI;S1
ID-NAUTIKA;D3
ID-NAUTIKA;D4
ID-TEKNIKA-PERMESINAN-KAPAL;D3
ID-TEKNIKA-PERMESINAN-KAPAL;D4
ID-TEKNIK-TRANSPORTASI-LAUT;S1
ID-TEKNIK-TRANSPORTASI-LAUT;S2
ID-MANAJEMEN-TRANSPORTASI-UDARA;D3
ID-MANAJEMEN-TRANSPORTASI-UDARA;D4
ID-PEMANDUAN-LALU-LINTAS-UDARA;D3
SEK-UMUM-TANPA-PENJURUSAN;SD
SEK-UMUM-TANPA-PENJURUSAN;SMP
SEK-TANPA-PENJURUSAN-KURIKULUM-MERDEKA;SMA
SEK-IPA-ILMU-PENGETAHUAN-ALAM;SMA
SEK-IPS-ILMU-PENGETAHUAN-SOSIAL;SMA
SEK-BAHASA-DAN-BUDAYA;SMA
SEK-KEAGAMAAN;SMA
SMK-TEKNIK-KONSTRUKSI-DAN-PERUMAHAN;SMK
SMK-KONSTRUKSI-DAN-PERAWATAN-BANGUNAN-SIPIL;SMK
SMK-DESAIN-PEMODELAN-DAN-INFORMASI-BANGUNAN;SMK
SMK-TEKNIK-FURNITUR;SMK
SMK-TEKNIK-PERAWATAN-GEDUNG;SMK
SMK-TEKNIK-GEOMATIKA;SMK
SMK-INFORMASI-GEOSPASIAL;SMK
SMK-TEKNIK-MESIN;SMK
SMK-TEKNIK-OTOMOTIF;SMK
SMK-TEKNIK-PENGELASAN-DAN-FABRIKASI-LOGAM;SMK
SMK-TEKNIK-ELEKTRONIKA;SMK
SMK-TEKNIK-LOGISTIK;SMK
SMK-TEKNIK-PENGENDALIAN-PRODUKSI;SMK
SMK-TEKNIK-KETENAGALISTRIKAN;SMK
SMK-TEKNIK-ENERGI-TERBARUKAN;SMK
SMK-TEKNIK-GEOLOGI-PERTAMBANGAN;SMK
SMK-TEKNIK-PERMINYAKAN;SMK
SMK-TEKNIK-KOMPUTER-DAN-JARINGAN;SMK
SMK-REKAYASA-PERANGKAT-LUNAK;SMK
SMK-SISTEM-INFORMATIKA-JARINGAN-DAN-APLIKASI;SMK
SMK-TEKNIK-JARINGAN-KOMPUTER-DAN-TELEKOMUNIKASI;SMK
SMK-PENGEMBANGAN-PERANGKAT-LUNAK-DAN-GIM;SMK
SMK-LAYANAN-KESEHATAN;SMK
SMK-TEKNOLOGI-LABORATORIUM-MEDIK;SMK
SMK-FARMASI;SMK
SMK-PEKERJAAN-SOSIAL;SMK
SMK-AGRIBISNIS-TANAMAN;SMK
SMK-AGRIBISNIS-TERNAK;SMK
SMK-AGRITEKNOLOGI-PENGOLAHAN-HASIL-PERTANIAN;SMK
SMK-KEHUTANAN;SMK
SMK-NAUTIKA-KAPAL-PENANGKAP-IKAN;SMK
SMK-TEKNIKA-KAPAL-PENANGKAP-IKAN;SMK
SMK-NAUTIKA-KAPAL-NIAGA;SMK
SMK-TEKNIKA-KAPAL-NIAGA;SMK
SMK-AGRIBISNIS-PERIKANAN;SMK
SMK-AKUNTANSI-DAN-KEUANGAN-LEMBAGA;SMK
SMK-MANAJEMEN-PERKANTORAN-DAN-LAYANAN-BISNIS;SMK
SMK-BISNIS-DARING-DAN-PEMASARAN;SMK
SMK-LOGISTIK;SMK
SMK-USAHA-LAYANAN-PARIWISATA;SMK
SMK-PERHOTELAN;SMK
SMK-KULINER;SMK
SMK-KECANTIKAN-DAN-SPA;SMK
SMK-SENI-RUPA;SMK
SMK-DESAIN-KOMUNIKASI-VISUAL;SMK
SMK-DESAIN-DAN-PRODUKSI-KRIYA;SMK
SMK-SENI-PERTUNJUKAN;SMK
SMK-BROADCASTING-DAN-PERFILMAN;SMK
SMK-ANIMASI;SMK
SMK-BUSANA;SMK
SMK-TEKNIK-GRAFIKA;SMK
GL-01.0000;D3
GL-01.0000;D4
GL-01.0000;S1
GL-01.0000;S2
GL-01.0000;S3
GL-01.0101;D3
GL-01.0101;D4
GL-01.0101;S1
GL-01.0101;S2
GL-01.0101;S3
GL-01.0102;D3
GL-01.0102;D4
GL-01.0102;S1
GL-01.0102;S2
GL-01.0102;S3
GL-01.0103;D3
GL-01.0103;D4
GL-01.0103;S1
GL-01.0103;S2
GL-01.0103;S3
GL-01.0104;D3
GL-01.0104;D4
GL-01.0104;S1
GL-01.0104;S2
GL-01.0104;S3
GL-01.0105;D3
GL-01.0105;D4
GL-01.0105;S1
GL-01.0105;S2
GL-01.0105;S3
GL-01.0106;D3
GL-01.0106;D4
GL-01.0106;S1
GL-01.0106;S2
GL-01.0106;S3
GL-01.0199;D3
GL-01.0199;D4
GL-01.0199;S1
GL-01.0199;S2
GL-01.0199;S3
GL-01.0201;D3
GL-01.0201;D4
GL-01.0201;S1
GL-01.0201;S2
GL-01.0201;S3
GL-01.0204;D3
GL-01.0204;D4
GL-01.0204;S1
GL-01.0204;S2
GL-01.0204;S3
GL-01.0205;D3
GL-01.0205;D4
GL-01.0205;S1
GL-01.0205;S2
GL-01.0205;S3
GL-01.0207;D3
GL-01.0207;D4
GL-01.0207;S1
GL-01.0207;S2
GL-01.0207;S3
GL-01.0299;D3
GL-01.0299;D4
GL-01.0299;S1
GL-01.0299;S2
GL-01.0299;S3
GL-01.0301;D3
GL-01.0301;D4
GL-01.0301;S1
GL-01.0301;S2
GL-01.0301;S3
GL-01.0302;D3
GL-01.0302;D4
GL-01.0302;S1
GL-01.0302;S2
GL-01.0302;S3
GL-01.0303;D3
GL-01.0303;D4
GL-01.0303;S1
GL-01.0303;S2
GL-01.0303;S3
GL-01.0304;D3
GL-01.0304;D4
GL-01.0304;S1
GL-01.0304;S2
GL-01.0304;S3
GL-01.0306;D3
GL-01.0306;D4
GL-01.0306;S1
GL-01.0306;S2
GL-01.0306;S3
GL-01.0307;D3
GL-01.0307;D4
GL-01.0307;S1
GL-01.0307;S2
GL-01.0307;S3
GL-01.0308;D3
GL-01.0308;D4
GL-01.0308;S1
GL-01.0308;S2
GL-01.0308;S3
GL-01.0309;D3
GL-01.0309;D4
GL-01.0309;S1
GL-01.0309;S2
GL-01.0309;S3
GL-01.0310;D3
GL-01.0310;D4
GL-01.0310;S1
GL-01.0310;S2
GL-01.0310;S3
GL-01.0399;D3
GL-01.0399;D4
GL-01.0399;S1
GL-01.0399;S2
GL-01.0399;S3
GL-01.0401;D3
GL-01.0401;D4
GL-01.0401;S1
GL-01.0401;S2
GL-01.0401;S3
GL-01.0504;D3
GL-01.0504;D4
GL-01.0504;S1
GL-01.0504;S2
GL-01.0504;S3
GL-01.0505;D3
GL-01.0505;D4
GL-01.0505;S1
GL-01.0505;S2
GL-01.0505;S3
GL-01.0507;D3
GL-01.0507;D4
GL-01.0507;S1
GL-01.0507;S2
GL-01.0507;S3
GL-01.0508;D3
GL-01.0508;D4
GL-01.0508;S1
GL-01.0508;S2
GL-01.0508;S3
GL-01.0509;D3
GL-01.0509;D4
GL-01.0509;S1
GL-01.0509;S2
GL-01.0509;S3
GL-01.0599;D3
GL-01.0599;D4
GL-01.0599;S1
GL-01.0599;S2
GL-01.0599;S3
GL-01.0601;D3
GL-01.0601;D4
GL-01.0601;S1
GL-01.0601;S2
GL-01.0601;S3
GL-01.0603;D3
GL-01.0603;D4
GL-01.0603;S1
GL-01.0603;S2
GL-01.0603;S3
GL-01.0604;D3
GL-01.0604;D4
GL-01.0604;S1
GL-01.0604;S2
GL-01.0604;S3
GL-01.0605;D3
GL-01.0605;D4
GL-01.0605;S1
GL-01.0605;S2
GL-01.0605;S3
GL-01.0606;D3
GL-01.0606;D4
GL-01.0606;S1
GL-01.0606;S2
GL-01.0606;S3
GL-01.0607;D3
GL-01.0607;D4
GL-01.0607;S1
GL-01.0607;S2
GL-01.0607;S3
GL-01.0608;D3
GL-01.0608;D4
GL-01.0608;S1
GL-01.0608;S2
GL-01.0608;S3
GL-01.0609;D3
GL-01.0609;D4
GL-01.0609;S1
GL-01.0609;S2
GL-01.0609;S3
GL-01.0610;D3
GL-01.0610;D4
GL-01.0610;S1
GL-01.0610;S2
GL-01.0610;S3
GL-01.0699;D3
GL-01.0699;D4
GL-01.0699;S1
GL-01.0699;S2
GL-01.0699;S3
GL-01.0701;D3
GL-01.0701;D4
GL-01.0701;S1
GL-01.0701;S2
GL-01.0701;S3
GL-01.0801;D3
GL-01.0801;D4
GL-01.0801;S1
GL-01.0801;S2
GL-01.0801;S3
GL-01.0802;D3
GL-01.0802;D4
GL-01.0802;S1
GL-01.0802;S2
GL-01.0802;S3
GL-01.0899;D3
GL-01.0899;D4
GL-01.0899;S1
GL-01.0899;S2
GL-01.0899;S3
GL-01.0901;D3
GL-01.0901;D4
GL-01.0901;S1
GL-01.0901;S2
GL-01.0901;S3
GL-01.0902;D3
GL-01.0902;D4
GL-01.0902;S1
GL-01.0902;S2
GL-01.0902;S3
GL-01.0903;D3
GL-01.0903;D4
GL-01.0903;S1
GL-01.0903;S2
GL-01.0903;S3
GL-01.0904;D3
GL-01.0904;D4
GL-01.0904;S1
GL-01.0904;S2
GL-01.0904;S3
GL-01.0905;D3
GL-01.0905;D4
GL-01.0905;S1
GL-01.0905;S2
GL-01.0905;S3
GL-01.0906;D3
GL-01.0906;D4
GL-01.0906;S1
GL-01.0906;S2
GL-01.0906;S3
GL-01.0907;D3
GL-01.0907;D4
GL-01.0907;S1
GL-01.0907;S2
GL-01.0907;S3
GL-01.0999;D3
GL-01.0999;D4
GL-01.0999;S1
GL-01.0999;S2
GL-01.0999;S3
GL-01.1001;D3
GL-01.1001;D4
GL-01.1001;S1
GL-01.1001;S2
GL-01.1001;S3
GL-01.1002;D3
GL-01.1002;D4
GL-01.1002;S1
GL-01.1002;S2
GL-01.1002;S3
GL-01.1003;D3
GL-01.1003;D4
GL-01.1003;S1
GL-01.1003;S2
GL-01.1003;S3
GL-01.1004;D3
GL-01.1004;D4
GL-01.1004;S1
GL-01.1004;S2
GL-01.1004;S3
GL-01.1005;D3
GL-01.1005;D4
GL-01.1005;S1
GL-01.1005;S2
GL-01.1005;S3
GL-01.1099;D3
GL-01.1099;D4
GL-01.1099;S1
GL-01.1099;S2
GL-01.1099;S3
GL-01.1101;D3
GL-01.1101;D4
GL-01.1101;S1
GL-01.1101;S2
GL-01.1101;S3
GL-01.1102;D3
GL-01.1102;D4
GL-01.1102;S1
GL-01.1102;S2
GL-01.1102;S3
GL-01.1103;D3
GL-01.1103;D4
GL-01.1103;S1
GL-01.1103;S2
GL-01.1103;S3
GL-01.1104;D3
GL-01.1104;D4
GL-01.1104;S1
GL-01.1104;S2
GL-01.1104;S3
GL-01.1105;D3
GL-01.1105;D4
GL-01.1105;S1
GL-01.1105;S2
GL-01.1105;S3
GL-01.1106;D3
GL-01.1106;D4
GL-01.1106;S1
GL-01.1106;S2
GL-01.1106;S3
GL-01.1199;D3
GL-01.1199;D4
GL-01.1199;S1
GL-01.1199;S2
GL-01.1199;S3
GL-01.1201;D3
GL-01.1201;D4
GL-01.1201;S1
GL-01.1201;S2
GL-01.1201;S3
GL-01.1202;D3
GL-01.1202;D4
GL-01.1202;S1
GL-01.1202;S2
GL-01.1202;S3
GL-01.1203;D3
GL-01.1203;D4
GL-01.1203;S1
GL-01.1203;S2
GL-01.1203;S3
GL-01.1299;D3
GL-01.1299;D4
GL-01.1299;S1
GL-01.1299;S2
GL-01.1299;S3
GL-01.1302;D3
GL-01.1302;D4
GL-01.1302;S1
GL-01.1302;S2
GL-01.1302;S3
GL-01.1399;D3
GL-01.1399;D4
GL-01.1399;S1
GL-01.1399;S2
GL-01.1399;S3
GL-01.8001;D3
GL-01.8001;D4
GL-01.8001;S1
GL-01.8001;S2
GL-01.8001;S3
GL-01.8101;D3
GL-01.8101;D4
GL-01.8101;S1
GL-01.8101;S2
GL-01.8101;S3
GL-01.8102;D3
GL-01.8102;D4
GL-01.8102;S1
GL-01.8102;S2
GL-01.8102;S3
GL-01.8103;D3
GL-01.8103;D4
GL-01.8103;S1
GL-01.8103;S2
GL-01.8103;S3
GL-01.8104;D3
GL-01.8104;D4
GL-01.8104;S1
GL-01.8104;S2
GL-01.8104;S3
GL-01.8105;D3
GL-01.8105;D4
GL-01.8105;S1
GL-01.8105;S2
GL-01.8105;S3
GL-01.8106;D3
GL-01.8106;D4
GL-01.8106;S1
GL-01.8106;S2
GL-01.8106;S3
GL-01.8107;D3
GL-01.8107;D4
GL-01.8107;S1
GL-01.8107;S2
GL-01.8107;S3
GL-01.8108;D3
GL-01.8108;D4
GL-01.8108;S1
GL-01.8108;S2
GL-01.8108;S3
GL-01.8109;D3
GL-01.8109;D4
GL-01.8109;S1
GL-01.8109;S2
GL-01.8109;S3
GL-01.8110;D3
GL-01.8110;D4
GL-01.8110;S1
GL-01.8110;S2
GL-01.8110;S3
GL-01.8111;D3
GL-01.8111;D4
GL-01.8111;S1
GL-01.8111;S2
GL-01.8111;S3
GL-01.8199;D3
GL-01.8199;D4
GL-01.8199;S1
GL-01.8199;S2
GL-01.8199;S3
GL-01.8201;D3
GL-01.8201;D4
GL-01.8201;S1
GL-01.8201;S2
GL-01.8201;S3
GL-01.8202;D3
GL-01.8202;D4
GL-01.8202;S1
GL-01.8202;S2
GL-01.8202;S3
GL-01.8203;D3
GL-01.8203;D4
GL-01.8203;S1
GL-01.8203;S2
GL-01.8203;S3
GL-01.8204;D3
GL-01.8204;D4
GL-01.8204;S1
GL-01.8204;S2
GL-01.8204;S3
GL-01.8299;D3
GL-01.8299;D4
GL-01.8299;S1
GL-01.8299;S2
GL-01.8299;S3
GL-01.8301;D3
GL-01.8301;D4
GL-01.8301;S1
GL-01.8301;S2
GL-01.8301;S3
GL-01.8399;D3
GL-01.8399;D4
GL-01.8399;S1
GL-01.8399;S2
GL-01.8399;S3
GL-01.9999;D3
GL-01.9999;D4
GL-01.9999;S1
GL-01.9999;S2
GL-01.9999;S3
GL-03.0101;D3
GL-03.0101;D4
GL-03.0101;S1
GL-03.0101;S2
GL-03.0101;S3
GL-03.0103;D3
GL-03.0103;D4
GL-03.0103;S1
GL-03.0103;S2
GL-03.0103;S3
GL-03.0104;D3
GL-03.0104;D4
GL-03.0104;S1
GL-03.0104;S2
GL-03.0104;S3
GL-03.0199;D3
GL-03.0199;D4
GL-03.0199;S1
GL-03.0199;S2
GL-03.0199;S3
GL-03.0201;D3
GL-03.0201;D4
GL-03.0201;S1
GL-03.0201;S2
GL-03.0201;S3
GL-03.0204;D3
GL-03.0204;D4
GL-03.0204;S1
GL-03.0204;S2
GL-03.0204;S3
GL-03.0205;D3
GL-03.0205;D4
GL-03.0205;S1
GL-03.0205;S2
GL-03.0205;S3
GL-03.0206;D3
GL-03.0206;D4
GL-03.0206;S1
GL-03.0206;S2
GL-03.0206;S3
GL-03.0207;D3
GL-03.0207;D4
GL-03.0207;S1
GL-03.0207;S2
GL-03.0207;S3
GL-03.0208;D3
GL-03.0208;D4
GL-03.0208;S1
GL-03.0208;S2
GL-03.0208;S3
GL-03.0209;D3
GL-03.0209;D4
GL-03.0209;S1
GL-03.0209;S2
GL-03.0209;S3
GL-03.0210;D3
GL-03.0210;D4
GL-03.0210;S1
GL-03.0210;S2
GL-03.0210;S3
GL-03.0299;D3
GL-03.0299;D4
GL-03.0299;S1
GL-03.0299;S2
GL-03.0299;S3
GL-03.0301;D3
GL-03.0301;D4
GL-03.0301;S1
GL-03.0301;S2
GL-03.0301;S3
GL-03.0501;D3
GL-03.0501;D4
GL-03.0501;S1
GL-03.0501;S2
GL-03.0501;S3
GL-03.0502;D3
GL-03.0502;D4
GL-03.0502;S1
GL-03.0502;S2
GL-03.0502;S3
GL-03.0506;D3
GL-03.0506;D4
GL-03.0506;S1
GL-03.0506;S2
GL-03.0506;S3
GL-03.0508;D3
GL-03.0508;D4
GL-03.0508;S1
GL-03.0508;S2
GL-03.0508;S3
GL-03.0509;D3
GL-03.0509;D4
GL-03.0509;S1
GL-03.0509;S2
GL-03.0509;S3
GL-03.0510;D3
GL-03.0510;D4
GL-03.0510;S1
GL-03.0510;S2
GL-03.0510;S3
GL-03.0511;D3
GL-03.0511;D4
GL-03.0511;S1
GL-03.0511;S2
GL-03.0511;S3
GL-03.0599;D3
GL-03.0599;D4
GL-03.0599;S1
GL-03.0599;S2
GL-03.0599;S3
GL-03.0601;D3
GL-03.0601;D4
GL-03.0601;S1
GL-03.0601;S2
GL-03.0601;S3
GL-03.9999;D3
GL-03.9999;D4
GL-03.9999;S1
GL-03.9999;S2
GL-03.9999;S3
GL-04.0200;D3
GL-04.0200;D4
GL-04.0200;S1
GL-04.0200;S2
GL-04.0200;S3
GL-04.0201;D3
GL-04.0201;D4
GL-04.0201;S1
GL-04.0201;S2
GL-04.0201;S3
GL-04.0202;D3
GL-04.0202;D4
GL-04.0202;S1
GL-04.0202;S2
GL-04.0202;S3
GL-04.0299;D3
GL-04.0299;D4
GL-04.0299;S1
GL-04.0299;S2
GL-04.0299;S3
GL-04.0301;D3
GL-04.0301;D4
GL-04.0301;S1
GL-04.0301;S2
GL-04.0301;S3
GL-04.0401;D3
GL-04.0401;D4
GL-04.0401;S1
GL-04.0401;S2
GL-04.0401;S3
GL-04.0402;D3
GL-04.0402;D4
GL-04.0402;S1
GL-04.0402;S2
GL-04.0402;S3
GL-04.0403;D3
GL-04.0403;D4
GL-04.0403;S1
GL-04.0403;S2
GL-04.0403;S3
GL-04.0499;D3
GL-04.0499;D4
GL-04.0499;S1
GL-04.0499;S2
GL-04.0499;S3
GL-04.0501;D3
GL-04.0501;D4
GL-04.0501;S1
GL-04.0501;S2
GL-04.0501;S3
GL-04.0601;D3
GL-04.0601;D4
GL-04.0601;S1
GL-04.0601;S2
GL-04.0601;S3
GL-04.0801;D3
GL-04.0801;D4
GL-04.0801;S1
GL-04.0801;S2
GL-04.0801;S3
GL-04.0802;D3
GL-04.0802;D4
GL-04.0802;S1
GL-04.0802;S2
GL-04.0802;S3
GL-04.0803;D3
GL-04.0803;D4
GL-04.0803;S1
GL-04.0803;S2
GL-04.0803;S3
GL-04.0899;D3
GL-04.0899;D4
GL-04.0899;S1
GL-04.0899;S2
GL-04.0899;S3
GL-04.0901;D3
GL-04.0901;D4
GL-04.0901;S1
GL-04.0901;S2
GL-04.0901;S3
GL-04.0902;D3
GL-04.0902;D4
GL-04.0902;S1
GL-04.0902;S2
GL-04.0902;S3
GL-04.0999;D3
GL-04.0999;D4
GL-04.0999;S1
GL-04.0999;S2
GL-04.0999;S3
GL-04.1001;D3
GL-04.1001;D4
GL-04.1001;S1
GL-04.1001;S2
GL-04.1001;S3
GL-04.9999;D3
GL-04.9999;D4
GL-04.9999;S1
GL-04.9999;S2
GL-04.9999;S3
GL-05.0101;D3
GL-05.0101;D4
GL-05.0101;S1
GL-05.0101;S2
GL-05.0101;S3
GL-05.0102;D3
GL-05.0102;D4
GL-05.0102;S1
GL-05.0102;S2
GL-05.0102;S3
GL-05.0103;D3
GL-05.0103;D4
GL-05.0103;S1
GL-05.0103;S2
GL-05.0103;S3
GL-05.0104;D3
GL-05.0104;D4
GL-05.0104;S1
GL-05.0104;S2
GL-05.0104;S3
GL-05.0105;D3
GL-05.0105;D4
GL-05.0105;S1
GL-05.0105;S2
GL-05.0105;S3
GL-05.0106;D3
GL-05.0106;D4
GL-05.0106;S1
GL-05.0106;S2
GL-05.0106;S3
GL-05.0107;D3
GL-05.0107;D4
GL-05.0107;S1
GL-05.0107;S2
GL-05.0107;S3
GL-05.0108;D3
GL-05.0108;D4
GL-05.0108;S1
GL-05.0108;S2
GL-05.0108;S3
GL-05.0109;D3
GL-05.0109;D4
GL-05.0109;S1
GL-05.0109;S2
GL-05.0109;S3
GL-05.0110;D3
GL-05.0110;D4
GL-05.0110;S1
GL-05.0110;S2
GL-05.0110;S3
GL-05.0111;D3
GL-05.0111;D4
GL-05.0111;S1
GL-05.0111;S2
GL-05.0111;S3
GL-05.0112;D3
GL-05.0112;D4
GL-05.0112;S1
GL-05.0112;S2
GL-05.0112;S3
GL-05.0113;D3
GL-05.0113;D4
GL-05.0113;S1
GL-05.0113;S2
GL-05.0113;S3
GL-05.0114;D3
GL-05.0114;D4
GL-05.0114;S1
GL-05.0114;S2
GL-05.0114;S3
GL-05.0115;D3
GL-05.0115;D4
GL-05.0115;S1
GL-05.0115;S2
GL-05.0115;S3
GL-05.0116;D3
GL-05.0116;D4
GL-05.0116;S1
GL-05.0116;S2
GL-05.0116;S3
GL-05.0117;D3
GL-05.0117;D4
GL-05.0117;S1
GL-05.0117;S2
GL-05.0117;S3
GL-05.0118;D3
GL-05.0118;D4
GL-05.0118;S1
GL-05.0118;S2
GL-05.0118;S3
GL-05.0119;D3
GL-05.0119;D4
GL-05.0119;S1
GL-05.0119;S2
GL-05.0119;S3
GL-05.0120;D3
GL-05.0120;D4
GL-05.0120;S1
GL-05.0120;S2
GL-05.0120;S3
GL-05.0121;D3
GL-05.0121;D4
GL-05.0121;S1
GL-05.0121;S2
GL-05.0121;S3
GL-05.0122;D3
GL-05.0122;D4
GL-05.0122;S1
GL-05.0122;S2
GL-05.0122;S3
GL-05.0123;D3
GL-05.0123;D4
GL-05.0123;S1
GL-05.0123;S2
GL-05.0123;S3
GL-05.0124;D3
GL-05.0124;D4
GL-05.0124;S1
GL-05.0124;S2
GL-05.0124;S3
GL-05.0125;D3
GL-05.0125;D4
GL-05.0125;S1
GL-05.0125;S2
GL-05.0125;S3
GL-05.0126;D3
GL-05.0126;D4
GL-05.0126;S1
GL-05.0126;S2
GL-05.0126;S3
GL-05.0127;D3
GL-05.0127;D4
GL-05.0127;S1
GL-05.0127;S2
GL-05.0127;S3
GL-05.0128;D3
GL-05.0128;D4
GL-05.0128;S1
GL-05.0128;S2
GL-05.0128;S3
GL-05.0129;D3
GL-05.0129;D4
GL-05.0129;S1
GL-05.0129;S2
GL-05.0129;S3
GL-05.0130;D3
GL-05.0130;D4
GL-05.0130;S1
GL-05.0130;S2
GL-05.0130;S3
GL-05.0131;D3
GL-05.0131;D4
GL-05.0131;S1
GL-05.0131;S2
GL-05.0131;S3
GL-05.0132;D3
GL-05.0132;D4
GL-05.0132;S1
GL-05.0132;S2
GL-05.0132;S3
GL-05.0133;D3
GL-05.0133;D4
GL-05.0133;S1
GL-05.0133;S2
GL-05.0133;S3
GL-05.0134;D3
GL-05.0134;D4
GL-05.0134;S1
GL-05.0134;S2
GL-05.0134;S3
GL-05.0135;D3
GL-05.0135;D4
GL-05.0135;S1
GL-05.0135;S2
GL-05.0135;S3
GL-05.0136;D3
GL-05.0136;D4
GL-05.0136;S1
GL-05.0136;S2
GL-05.0136;S3
GL-05.0199;D3
GL-05.0199;D4
GL-05.0199;S1
GL-05.0199;S2
GL-05.0199;S3
GL-05.0200;D3
GL-05.0200;D4
GL-05.0200;S1
GL-05.0200;S2
GL-05.0200;S3
GL-05.0201;D3
GL-05.0201;D4
GL-05.0201;S1
GL-05.0201;S2
GL-05.0201;S3
GL-05.0202;D3
GL-05.0202;D4
GL-05.0202;S1
GL-05.0202;S2
GL-05.0202;S3
GL-05.0203;D3
GL-05.0203;D4
GL-05.0203;S1
GL-05.0203;S2
GL-05.0203;S3
GL-05.0206;D3
GL-05.0206;D4
GL-05.0206;S1
GL-05.0206;S2
GL-05.0206;S3
GL-05.0207;D3
GL-05.0207;D4
GL-05.0207;S1
GL-05.0207;S2
GL-05.0207;S3
GL-05.0208;D3
GL-05.0208;D4
GL-05.0208;S1
GL-05.0208;S2
GL-05.0208;S3
GL-05.0209;D3
GL-05.0209;D4
GL-05.0209;S1
GL-05.0209;S2
GL-05.0209;S3
GL-05.0210;D3
GL-05.0210;D4
GL-05.0210;S1
GL-05.0210;S2
GL-05.0210;S3
GL-05.0211;D3
GL-05.0211;D4
GL-05.0211;S1
GL-05.0211;S2
GL-05.0211;S3
GL-05.0212;D3
GL-05.0212;D4
GL-05.0212;S1
GL-05.0212;S2
GL-05.0212;S3
GL-05.0299;D3
GL-05.0299;D4
GL-05.0299;S1
GL-05.0299;S2
GL-05.0299;S3
GL-05.9999;D3
GL-05.9999;D4
GL-05.9999;S1
GL-05.9999;S2
GL-05.9999;S3
GL-09.0100;D3
GL-09.0100;D4
GL-09.0100;S1
GL-09.0100;S2
GL-09.0100;S3
GL-09.0101;D3
GL-09.0101;D4
GL-09.0101;S1
GL-09.0101;S2
GL-09.0101;S3
GL-09.0102;D3
GL-09.0102;D4
GL-09.0102;S1
GL-09.0102;S2
GL-09.0102;S3
GL-09.0199;D3
GL-09.0199;D4
GL-09.0199;S1
GL-09.0199;S2
GL-09.0199;S3
GL-09.0401;D3
GL-09.0401;D4
GL-09.0401;S1
GL-09.0401;S2
GL-09.0401;S3
GL-09.0402;D3
GL-09.0402;D4
GL-09.0402;S1
GL-09.0402;S2
GL-09.0402;S3
GL-09.0404;D3
GL-09.0404;D4
GL-09.0404;S1
GL-09.0404;S2
GL-09.0404;S3
GL-09.0405;D3
GL-09.0405;D4
GL-09.0405;S1
GL-09.0405;S2
GL-09.0405;S3
GL-09.0406;D3
GL-09.0406;D4
GL-09.0406;S1
GL-09.0406;S2
GL-09.0406;S3
GL-09.0407;D3
GL-09.0407;D4
GL-09.0407;S1
GL-09.0407;S2
GL-09.0407;S3
GL-09.0499;D3
GL-09.0499;D4
GL-09.0499;S1
GL-09.0499;S2
GL-09.0499;S3
GL-09.0701;D3
GL-09.0701;D4
GL-09.0701;S1
GL-09.0701;S2
GL-09.0701;S3
GL-09.0702;D3
GL-09.0702;D4
GL-09.0702;S1
GL-09.0702;S2
GL-09.0702;S3
GL-09.0799;D3
GL-09.0799;D4
GL-09.0799;S1
GL-09.0799;S2
GL-09.0799;S3
GL-09.0900;D3
GL-09.0900;D4
GL-09.0900;S1
GL-09.0900;S2
GL-09.0900;S3
GL-09.0901;D3
GL-09.0901;D4
GL-09.0901;S1
GL-09.0901;S2
GL-09.0901;S3
GL-09.0902;D3
GL-09.0902;D4
GL-09.0902;S1
GL-09.0902;S2
GL-09.0902;S3
GL-09.0903;D3
GL-09.0903;D4
GL-09.0903;S1
GL-09.0903;S2
GL-09.0903;S3
GL-09.0904;D3
GL-09.0904;D4
GL-09.0904;S1
GL-09.0904;S2
GL-09.0904;S3
GL-09.0905;D3
GL-09.0905;D4
GL-09.0905;S1
GL-09.0905;S2
GL-09.0905;S3
GL-09.0906;D3
GL-09.0906;D4
GL-09.0906;S1
GL-09.0906;S2
GL-09.0906;S3
GL-09.0907;D3
GL-09.0907;D4
GL-09.0907;S1
GL-09.0907;S2
GL-09.0907;S3
GL-09.0908;D3
GL-09.0908;D4
GL-09.0908;S1
GL-09.0908;S2
GL-09.0908;S3
GL-09.0909;D3
GL-09.0909;D4
GL-09.0909;S1
GL-09.0909;S2
GL-09.0909;S3
GL-09.0999;D3
GL-09.0999;D4
GL-09.0999;S1
GL-09.0999;S2
GL-09.0999;S3
GL-09.1001;D3
GL-09.1001;D4
GL-09.1001;S1
GL-09.1001;S2
GL-09.1001;S3
GL-09.9999;D3
GL-09.9999;D4
GL-09.9999;S1
GL-09.9999;S2
GL-09.9999;S3
GL-10.0105;D3
GL-10.0105;D4
GL-10.0105;S1
GL-10.0105;S2
GL-10.0105;S3
GL-10.0201;D3
GL-10.0201;D4
GL-10.0201;S1
GL-10.0201;S2
GL-10.0201;S3
GL-10.0202;D3
GL-10.0202;D4
GL-10.0202;S1
GL-10.0202;S2
GL-10.0202;S3
GL-10.0203;D3
GL-10.0203;D4
GL-10.0203;S1
GL-10.0203;S2
GL-10.0203;S3
GL-10.0204;D3
GL-10.0204;D4
GL-10.0204;S1
GL-10.0204;S2
GL-10.0204;S3
GL-10.0299;D3
GL-10.0299;D4
GL-10.0299;S1
GL-10.0299;S2
GL-10.0299;S3
GL-10.0301;D3
GL-10.0301;D4
GL-10.0301;S1
GL-10.0301;S2
GL-10.0301;S3
GL-10.0302;D3
GL-10.0302;D4
GL-10.0302;S1
GL-10.0302;S2
GL-10.0302;S3
GL-10.0303;D3
GL-10.0303;D4
GL-10.0303;S1
GL-10.0303;S2
GL-10.0303;S3
GL-10.0304;D3
GL-10.0304;D4
GL-10.0304;S1
GL-10.0304;S2
GL-10.0304;S3
GL-10.0305;D3
GL-10.0305;D4
GL-10.0305;S1
GL-10.0305;S2
GL-10.0305;S3
GL-10.0306;D3
GL-10.0306;D4
GL-10.0306;S1
GL-10.0306;S2
GL-10.0306;S3
GL-10.0307;D3
GL-10.0307;D4
GL-10.0307;S1
GL-10.0307;S2
GL-10.0307;S3
GL-10.0308;D3
GL-10.0308;D4
GL-10.0308;S1
GL-10.0308;S2
GL-10.0308;S3
GL-10.0399;D3
GL-10.0399;D4
GL-10.0399;S1
GL-10.0399;S2
GL-10.0399;S3
GL-10.9999;D3
GL-10.9999;D4
GL-10.9999;S1
GL-10.9999;S2
GL-10.9999;S3
GL-11.0101;D3
GL-11.0101;D4
GL-11.0101;S1
GL-11.0101;S2
GL-11.0101;S3
GL-11.0102;D3
GL-11.0102;D4
GL-11.0102;S1
GL-11.0102;S2
GL-11.0102;S3
GL-11.0103;D3
GL-11.0103;D4
GL-11.0103;S1
GL-11.0103;S2
GL-11.0103;S3
GL-11.0104;D3
GL-11.0104;D4
GL-11.0104;S1
GL-11.0104;S2
GL-11.0104;S3
GL-11.0105;D3
GL-11.0105;D4
GL-11.0105;S1
GL-11.0105;S2
GL-11.0105;S3
GL-11.0199;D3
GL-11.0199;D4
GL-11.0199;S1
GL-11.0199;S2
GL-11.0199;S3
GL-11.0201;D3
GL-11.0201;D4
GL-11.0201;S1
GL-11.0201;S2
GL-11.0201;S3
GL-11.0202;D3
GL-11.0202;D4
GL-11.0202;S1
GL-11.0202;S2
GL-11.0202;S3
GL-11.0203;D3
GL-11.0203;D4
GL-11.0203;S1
GL-11.0203;S2
GL-11.0203;S3
GL-11.0204;D3
GL-11.0204;D4
GL-11.0204;S1
GL-11.0204;S2
GL-11.0204;S3
GL-11.0205;D3
GL-11.0205;D4
GL-11.0205;S1
GL-11.0205;S2
GL-11.0205;S3
GL-11.0299;D3
GL-11.0299;D4
GL-11.0299;S1
GL-11.0299;S2
GL-11.0299;S3
GL-11.0301;D3
GL-11.0301;D4
GL-11.0301;S1
GL-11.0301;S2
GL-11.0301;S3
GL-11.0401;D3
GL-11.0401;D4
GL-11.0401;S1
GL-11.0401;S2
GL-11.0401;S3
GL-11.0501;D3
GL-11.0501;D4
GL-11.0501;S1
GL-11.0501;S2
GL-11.0501;S3
GL-11.0601;D3
GL-11.0601;D4
GL-11.0601;S1
GL-11.0601;S2
GL-11.0601;S3
GL-11.0602;D3
GL-11.0602;D4
GL-11.0602;S1
GL-11.0602;S2
GL-11.0602;S3
GL-11.0699;D3
GL-11.0699;D4
GL-11.0699;S1
GL-11.0699;S2
GL-11.0699;S3
GL-11.0701;D3
GL-11.0701;D4
GL-11.0701;S1
GL-11.0701;S2
GL-11.0701;S3
GL-11.0801;D3
GL-11.0801;D4
GL-11.0801;S1
GL-11.0801;S2
GL-11.0801;S3
GL-11.0802;D3
GL-11.0802;D4
GL-11.0802;S1
GL-11.0802;S2
GL-11.0802;S3
GL-11.0803;D3
GL-11.0803;D4
GL-11.0803;S1
GL-11.0803;S2
GL-11.0803;S3
GL-11.0804;D3
GL-11.0804;D4
GL-11.0804;S1
GL-11.0804;S2
GL-11.0804;S3
GL-11.0899;D3
GL-11.0899;D4
GL-11.0899;S1
GL-11.0899;S2
GL-11.0899;S3
GL-11.0901;D3
GL-11.0901;D4
GL-11.0901;S1
GL-11.0901;S2
GL-11.0901;S3
GL-11.0902;D3
GL-11.0902;D4
GL-11.0902;S1
GL-11.0902;S2
GL-11.0902;S3
GL-11.0999;D3
GL-11.0999;D4
GL-11.0999;S1
GL-11.0999;S2
GL-11.0999;S3
GL-11.1001;D3
GL-11.1001;D4
GL-11.1001;S1
GL-11.1001;S2
GL-11.1001;S3
GL-11.1002;D3
GL-11.1002;D4
GL-11.1002;S1
GL-11.1002;S2
GL-11.1002;S3
GL-11.1003;D3
GL-11.1003;D4
GL-11.1003;S1
GL-11.1003;S2
GL-11.1003;S3
GL-11.1004;D3
GL-11.1004;D4
GL-11.1004;S1
GL-11.1004;S2
GL-11.1004;S3
GL-11.1005;D3
GL-11.1005;D4
GL-11.1005;S1
GL-11.1005;S2
GL-11.1005;S3
GL-11.1006;D3
GL-11.1006;D4
GL-11.1006;S1
GL-11.1006;S2
GL-11.1006;S3
GL-11.1099;D3
GL-11.1099;D4
GL-11.1099;S1
GL-11.1099;S2
GL-11.1099;S3
GL-11.9999;D3
GL-11.9999;D4
GL-11.9999;S1
GL-11.9999;S2
GL-11.9999;S3
GL-12.0301;D3
GL-12.0301;D4
GL-12.0301;S1
GL-12.0301;S2
GL-12.0301;S3
GL-12.0302;D3
GL-12.0302;D4
GL-12.0302;S1
GL-12.0302;S2
GL-12.0302;S3
GL-12.0303;D3
GL-12.0303;D4
GL-12.0303;S1
GL-12.0303;S2
GL-12.0303;S3
GL-12.0399;D3
GL-12.0399;D4
GL-12.0399;S1
GL-12.0399;S2
GL-12.0399;S3
GL-12.0401;D3
GL-12.0401;D4
GL-12.0401;S1
GL-12.0401;S2
GL-12.0401;S3
GL-12.0402;D3
GL-12.0402;D4
GL-12.0402;S1
GL-12.0402;S2
GL-12.0402;S3
GL-12.0404;D3
GL-12.0404;D4
GL-12.0404;S1
GL-12.0404;S2
GL-12.0404;S3
GL-12.0406;D3
GL-12.0406;D4
GL-12.0406;S1
GL-12.0406;S2
GL-12.0406;S3
GL-12.0407;D3
GL-12.0407;D4
GL-12.0407;S1
GL-12.0407;S2
GL-12.0407;S3
GL-12.0408;D3
GL-12.0408;D4
GL-12.0408;S1
GL-12.0408;S2
GL-12.0408;S3
GL-12.0409;D3
GL-12.0409;D4
GL-12.0409;S1
GL-12.0409;S2
GL-12.0409;S3
GL-12.0410;D3
GL-12.0410;D4
GL-12.0410;S1
GL-12.0410;S2
GL-12.0410;S3
GL-12.0411;D3
GL-12.0411;D4
GL-12.0411;S1
GL-12.0411;S2
GL-12.0411;S3
GL-12.0412;D3
GL-12.0412;D4
GL-12.0412;S1
GL-12.0412;S2
GL-12.0412;S3
GL-12.0413;D3
GL-12.0413;D4
GL-12.0413;S1
GL-12.0413;S2
GL-12.0413;S3
GL-12.0414;D3
GL-12.0414;D4
GL-12.0414;S1
GL-12.0414;S2
GL-12.0414;S3
GL-12.0499;D3
GL-12.0499;D4
GL-12.0499;S1
GL-12.0499;S2
GL-12.0499;S3
GL-12.0500;D3
GL-12.0500;D4
GL-12.0500;S1
GL-12.0500;S2
GL-12.0500;S3
GL-12.0501;D3
GL-12.0501;D4
GL-12.0501;S1
GL-12.0501;S2
GL-12.0501;S3
GL-12.0502;D3
GL-12.0502;D4
GL-12.0502;S1
GL-12.0502;S2
GL-12.0502;S3
GL-12.0503;D3
GL-12.0503;D4
GL-12.0503;S1
GL-12.0503;S2
GL-12.0503;S3
GL-12.0504;D3
GL-12.0504;D4
GL-12.0504;S1
GL-12.0504;S2
GL-12.0504;S3
GL-12.0505;D3
GL-12.0505;D4
GL-12.0505;S1
GL-12.0505;S2
GL-12.0505;S3
GL-12.0506;D3
GL-12.0506;D4
GL-12.0506;S1
GL-12.0506;S2
GL-12.0506;S3
GL-12.0507;D3
GL-12.0507;D4
GL-12.0507;S1
GL-12.0507;S2
GL-12.0507;S3
GL-12.0508;D3
GL-12.0508;D4
GL-12.0508;S1
GL-12.0508;S2
GL-12.0508;S3
GL-12.0509;D3
GL-12.0509;D4
GL-12.0509;S1
GL-12.0509;S2
GL-12.0509;S3
GL-12.0510;D3
GL-12.0510;D4
GL-12.0510;S1
GL-12.0510;S2
GL-12.0510;S3
GL-12.0599;D3
GL-12.0599;D4
GL-12.0599;S1
GL-12.0599;S2
GL-12.0599;S3
GL-12.0601;D3
GL-12.0601;D4
GL-12.0601;S1
GL-12.0601;S2
GL-12.0601;S3
GL-12.0602;D3
GL-12.0602;D4
GL-12.0602;S1
GL-12.0602;S2
GL-12.0602;S3
GL-12.0699;D3
GL-12.0699;D4
GL-12.0699;S1
GL-12.0699;S2
GL-12.0699;S3
GL-12.9999;D3
GL-12.9999;D4
GL-12.9999;S1
GL-12.9999;S2
GL-12.9999;S3
GL-13.0101;D3
GL-13.0101;D4
GL-13.0101;S1
GL-13.0101;S2
GL-13.0101;S3
GL-13.0201;D3
GL-13.0201;D4
GL-13.0201;S1
GL-13.0201;S2
GL-13.0201;S3
GL-13.0202;D3
GL-13.0202;D4
GL-13.0202;S1
GL-13.0202;S2
GL-13.0202;S3
GL-13.0203;D3
GL-13.0203;D4
GL-13.0203;S1
GL-13.0203;S2
GL-13.0203;S3
GL-13.0299;D3
GL-13.0299;D4
GL-13.0299;S1
GL-13.0299;S2
GL-13.0299;S3
GL-13.0301;D3
GL-13.0301;D4
GL-13.0301;S1
GL-13.0301;S2
GL-13.0301;S3
GL-13.0401;D3
GL-13.0401;D4
GL-13.0401;S1
GL-13.0401;S2
GL-13.0401;S3
GL-13.0402;D3
GL-13.0402;D4
GL-13.0402;S1
GL-13.0402;S2
GL-13.0402;S3
GL-13.0403;D3
GL-13.0403;D4
GL-13.0403;S1
GL-13.0403;S2
GL-13.0403;S3
GL-13.0404;D3
GL-13.0404;D4
GL-13.0404;S1
GL-13.0404;S2
GL-13.0404;S3
GL-13.0406;D3
GL-13.0406;D4
GL-13.0406;S1
GL-13.0406;S2
GL-13.0406;S3
GL-13.0407;D3
GL-13.0407;D4
GL-13.0407;S1
GL-13.0407;S2
GL-13.0407;S3
GL-13.0408;D3
GL-13.0408;D4
GL-13.0408;S1
GL-13.0408;S2
GL-13.0408;S3
GL-13.0409;D3
GL-13.0409;D4
GL-13.0409;S1
GL-13.0409;S2
GL-13.0409;S3
GL-13.0410;D3
GL-13.0410;D4
GL-13.0410;S1
GL-13.0410;S2
GL-13.0410;S3
GL-13.0411;D3
GL-13.0411;D4
GL-13.0411;S1
GL-13.0411;S2
GL-13.0411;S3
GL-13.0412;D3
GL-13.0412;D4
GL-13.0412;S1
GL-13.0412;S2
GL-13.0412;S3
GL-13.0413;D3
GL-13.0413;D4
GL-13.0413;S1
GL-13.0413;S2
GL-13.0413;S3
GL-13.0414;D3
GL-13.0414;D4
GL-13.0414;S1
GL-13.0414;S2
GL-13.0414;S3
GL-13.0499;D3
GL-13.0499;D4
GL-13.0499;S1
GL-13.0499;S2
GL-13.0499;S3
GL-13.0501;D3
GL-13.0501;D4
GL-13.0501;S1
GL-13.0501;S2
GL-13.0501;S3
GL-13.0601;D3
GL-13.0601;D4
GL-13.0601;S1
GL-13.0601;S2
GL-13.0601;S3
GL-13.0603;D3
GL-13.0603;D4
GL-13.0603;S1
GL-13.0603;S2
GL-13.0603;S3
GL-13.0604;D3
GL-13.0604;D4
GL-13.0604;S1
GL-13.0604;S2
GL-13.0604;S3
GL-13.0607;D3
GL-13.0607;D4
GL-13.0607;S1
GL-13.0607;S2
GL-13.0607;S3
GL-13.0608;D3
GL-13.0608;D4
GL-13.0608;S1
GL-13.0608;S2
GL-13.0608;S3
GL-13.0699;D3
GL-13.0699;D4
GL-13.0699;S1
GL-13.0699;S2
GL-13.0699;S3
GL-13.0701;D3
GL-13.0701;D4
GL-13.0701;S1
GL-13.0701;S2
GL-13.0701;S3
GL-13.0901;D3
GL-13.0901;D4
GL-13.0901;S1
GL-13.0901;S2
GL-13.0901;S3
GL-13.1001;D3
GL-13.1001;D4
GL-13.1001;S1
GL-13.1001;S2
GL-13.1001;S3
GL-13.1003;D3
GL-13.1003;D4
GL-13.1003;S1
GL-13.1003;S2
GL-13.1003;S3
GL-13.1004;D3
GL-13.1004;D4
GL-13.1004;S1
GL-13.1004;S2
GL-13.1004;S3
GL-13.1005;D3
GL-13.1005;D4
GL-13.1005;S1
GL-13.1005;S2
GL-13.1005;S3
GL-13.1006;D3
GL-13.1006;D4
GL-13.1006;S1
GL-13.1006;S2
GL-13.1006;S3
GL-13.1007;D3
GL-13.1007;D4
GL-13.1007;S1
GL-13.1007;S2
GL-13.1007;S3
GL-13.1008;D3
GL-13.1008;D4
GL-13.1008;S1
GL-13.1008;S2
GL-13.1008;S3
GL-13.1009;D3
GL-13.1009;D4
GL-13.1009;S1
GL-13.1009;S2
GL-13.1009;S3
GL-13.1011;D3
GL-13.1011;D4
GL-13.1011;S1
GL-13.1011;S2
GL-13.1011;S3
GL-13.1012;D3
GL-13.1012;D4
GL-13.1012;S1
GL-13.1012;S2
GL-13.1012;S3
GL-13.1013;D3
GL-13.1013;D4
GL-13.1013;S1
GL-13.1013;S2
GL-13.1013;S3
GL-13.1014;D3
GL-13.1014;D4
GL-13.1014;S1
GL-13.1014;S2
GL-13.1014;S3
GL-13.1015;D3
GL-13.1015;D4
GL-13.1015;S1
GL-13.1015;S2
GL-13.1015;S3
GL-13.1016;D3
GL-13.1016;D4
GL-13.1016;S1
GL-13.1016;S2
GL-13.1016;S3
GL-13.1017;D3
GL-13.1017;D4
GL-13.1017;S1
GL-13.1017;S2
GL-13.1017;S3
GL-13.1018;D3
GL-13.1018;D4
GL-13.1018;S1
GL-13.1018;S2
GL-13.1018;S3
GL-13.1019;D3
GL-13.1019;D4
GL-13.1019;S1
GL-13.1019;S2
GL-13.1019;S3
GL-13.1099;D3
GL-13.1099;D4
GL-13.1099;S1
GL-13.1099;S2
GL-13.1099;S3
GL-13.1101;D3
GL-13.1101;D4
GL-13.1101;S1
GL-13.1101;S2
GL-13.1101;S3
GL-13.1102;D3
GL-13.1102;D4
GL-13.1102;S1
GL-13.1102;S2
GL-13.1102;S3
GL-13.1199;D3
GL-13.1199;D4
GL-13.1199;S1
GL-13.1199;S2
GL-13.1199;S3
GL-13.1201;D3
GL-13.1201;D4
GL-13.1201;S1
GL-13.1201;S2
GL-13.1201;S3
GL-13.1202;D3
GL-13.1202;D4
GL-13.1202;S1
GL-13.1202;S2
GL-13.1202;S3
GL-13.1203;D3
GL-13.1203;D4
GL-13.1203;S1
GL-13.1203;S2
GL-13.1203;S3
GL-13.1205;D3
GL-13.1205;D4
GL-13.1205;S1
GL-13.1205;S2
GL-13.1205;S3
GL-13.1206;D3
GL-13.1206;D4
GL-13.1206;S1
GL-13.1206;S2
GL-13.1206;S3
GL-13.1207;D3
GL-13.1207;D4
GL-13.1207;S1
GL-13.1207;S2
GL-13.1207;S3
GL-13.1208;D3
GL-13.1208;D4
GL-13.1208;S1
GL-13.1208;S2
GL-13.1208;S3
GL-13.1209;D3
GL-13.1209;D4
GL-13.1209;S1
GL-13.1209;S2
GL-13.1209;S3
GL-13.1210;D3
GL-13.1210;D4
GL-13.1210;S1
GL-13.1210;S2
GL-13.1210;S3
GL-13.1211;D3
GL-13.1211;D4
GL-13.1211;S1
GL-13.1211;S2
GL-13.1211;S3
GL-13.1212;D3
GL-13.1212;D4
GL-13.1212;S1
GL-13.1212;S2
GL-13.1212;S3
GL-13.1213;D3
GL-13.1213;D4
GL-13.1213;S1
GL-13.1213;S2
GL-13.1213;S3
GL-13.1214;D3
GL-13.1214;D4
GL-13.1214;S1
GL-13.1214;S2
GL-13.1214;S3
GL-13.1299;D3
GL-13.1299;D4
GL-13.1299;S1
GL-13.1299;S2
GL-13.1299;S3
GL-13.1301;D3
GL-13.1301;D4
GL-13.1301;S1
GL-13.1301;S2
GL-13.1301;S3
GL-13.1302;D3
GL-13.1302;D4
GL-13.1302;S1
GL-13.1302;S2
GL-13.1302;S3
GL-13.1303;D3
GL-13.1303;D4
GL-13.1303;S1
GL-13.1303;S2
GL-13.1303;S3
GL-13.1304;D3
GL-13.1304;D4
GL-13.1304;S1
GL-13.1304;S2
GL-13.1304;S3
GL-13.1305;D3
GL-13.1305;D4
GL-13.1305;S1
GL-13.1305;S2
GL-13.1305;S3
GL-13.1306;D3
GL-13.1306;D4
GL-13.1306;S1
GL-13.1306;S2
GL-13.1306;S3
GL-13.1307;D3
GL-13.1307;D4
GL-13.1307;S1
GL-13.1307;S2
GL-13.1307;S3
GL-13.1308;D3
GL-13.1308;D4
GL-13.1308;S1
GL-13.1308;S2
GL-13.1308;S3
GL-13.1309;D3
GL-13.1309;D4
GL-13.1309;S1
GL-13.1309;S2
GL-13.1309;S3
GL-13.1310;D3
GL-13.1310;D4
GL-13.1310;S1
GL-13.1310;S2
GL-13.1310;S3
GL-13.1311;D3
GL-13.1311;D4
GL-13.1311;S1
GL-13.1311;S2
GL-13.1311;S3
GL-13.1312;D3
GL-13.1312;D4
GL-13.1312;S1
GL-13.1312;S2
GL-13.1312;S3
GL-13.1314;D3
GL-13.1314;D4
GL-13.1314;S1
GL-13.1314;S2
GL-13.1314;S3
GL-13.1315;D3
GL-13.1315;D4
GL-13.1315;S1
GL-13.1315;S2
GL-13.1315;S3
GL-13.1316;D3
GL-13.1316;D4
GL-13.1316;S1
GL-13.1316;S2
GL-13.1316;S3
GL-13.1317;D3
GL-13.1317;D4
GL-13.1317;S1
GL-13.1317;S2
GL-13.1317;S3
GL-13.1318;D3
GL-13.1318;D4
GL-13.1318;S1
GL-13.1318;S2
GL-13.1318;S3
GL-13.1319;D3
GL-13.1319;D4
GL-13.1319;S1
GL-13.1319;S2
GL-13.1319;S3
GL-13.1320;D3
GL-13.1320;D4
GL-13.1320;S1
GL-13.1320;S2
GL-13.1320;S3
GL-13.1321;D3
GL-13.1321;D4
GL-13.1321;S1
GL-13.1321;S2
GL-13.1321;S3
GL-13.1322;D3
GL-13.1322;D4
GL-13.1322;S1
GL-13.1322;S2
GL-13.1322;S3
GL-13.1323;D3
GL-13.1323;D4
GL-13.1323;S1
GL-13.1323;S2
GL-13.1323;S3
GL-13.1324;D3
GL-13.1324;D4
GL-13.1324;S1
GL-13.1324;S2
GL-13.1324;S3
GL-13.1325;D3
GL-13.1325;D4
GL-13.1325;S1
GL-13.1325;S2
GL-13.1325;S3
GL-13.1326;D3
GL-13.1326;D4
GL-13.1326;S1
GL-13.1326;S2
GL-13.1326;S3
GL-13.1327;D3
GL-13.1327;D4
GL-13.1327;S1
GL-13.1327;S2
GL-13.1327;S3
GL-13.1328;D3
GL-13.1328;D4
GL-13.1328;S1
GL-13.1328;S2
GL-13.1328;S3
GL-13.1329;D3
GL-13.1329;D4
GL-13.1329;S1
GL-13.1329;S2
GL-13.1329;S3
GL-13.1330;D3
GL-13.1330;D4
GL-13.1330;S1
GL-13.1330;S2
GL-13.1330;S3
GL-13.1331;D3
GL-13.1331;D4
GL-13.1331;S1
GL-13.1331;S2
GL-13.1331;S3
GL-13.1332;D3
GL-13.1332;D4
GL-13.1332;S1
GL-13.1332;S2
GL-13.1332;S3
GL-13.1333;D3
GL-13.1333;D4
GL-13.1333;S1
GL-13.1333;S2
GL-13.1333;S3
GL-13.1334;D3
GL-13.1334;D4
GL-13.1334;S1
GL-13.1334;S2
GL-13.1334;S3
GL-13.1335;D3
GL-13.1335;D4
GL-13.1335;S1
GL-13.1335;S2
GL-13.1335;S3
GL-13.1337;D3
GL-13.1337;D4
GL-13.1337;S1
GL-13.1337;S2
GL-13.1337;S3
GL-13.1338;D3
GL-13.1338;D4
GL-13.1338;S1
GL-13.1338;S2
GL-13.1338;S3
GL-13.1339;D3
GL-13.1339;D4
GL-13.1339;S1
GL-13.1339;S2
GL-13.1339;S3
GL-13.1399;D3
GL-13.1399;D4
GL-13.1399;S1
GL-13.1399;S2
GL-13.1399;S3
GL-13.1401;D3
GL-13.1401;D4
GL-13.1401;S1
GL-13.1401;S2
GL-13.1401;S3
GL-13.1402;D3
GL-13.1402;D4
GL-13.1402;S1
GL-13.1402;S2
GL-13.1402;S3
GL-13.1499;D3
GL-13.1499;D4
GL-13.1499;S1
GL-13.1499;S2
GL-13.1499;S3
GL-13.1501;D3
GL-13.1501;D4
GL-13.1501;S1
GL-13.1501;S2
GL-13.1501;S3
GL-13.1502;D3
GL-13.1502;D4
GL-13.1502;S1
GL-13.1502;S2
GL-13.1502;S3
GL-13.1599;D3
GL-13.1599;D4
GL-13.1599;S1
GL-13.1599;S2
GL-13.1599;S3
GL-13.9999;D3
GL-13.9999;D4
GL-13.9999;S1
GL-13.9999;S2
GL-13.9999;S3
GL-14.0101;D3
GL-14.0101;D4
GL-14.0101;S1
GL-14.0101;S2
GL-14.0101;S3
GL-14.0102;D3
GL-14.0102;D4
GL-14.0102;S1
GL-14.0102;S2
GL-14.0102;S3
GL-14.0103;D3
GL-14.0103;D4
GL-14.0103;S1
GL-14.0103;S2
GL-14.0103;S3
GL-14.0201;D3
GL-14.0201;D4
GL-14.0201;S1
GL-14.0201;S2
GL-14.0201;S3
GL-14.0202;D3
GL-14.0202;D4
GL-14.0202;S1
GL-14.0202;S2
GL-14.0202;S3
GL-14.0299;D3
GL-14.0299;D4
GL-14.0299;S1
GL-14.0299;S2
GL-14.0299;S3
GL-14.0301;D3
GL-14.0301;D4
GL-14.0301;S1
GL-14.0301;S2
GL-14.0301;S3
GL-14.0401;D3
GL-14.0401;D4
GL-14.0401;S1
GL-14.0401;S2
GL-14.0401;S3
GL-14.0501;D3
GL-14.0501;D4
GL-14.0501;S1
GL-14.0501;S2
GL-14.0501;S3
GL-14.0601;D3
GL-14.0601;D4
GL-14.0601;S1
GL-14.0601;S2
GL-14.0601;S3
GL-14.0701;D3
GL-14.0701;D4
GL-14.0701;S1
GL-14.0701;S2
GL-14.0701;S3
GL-14.0702;D3
GL-14.0702;D4
GL-14.0702;S1
GL-14.0702;S2
GL-14.0702;S3
GL-14.0799;D3
GL-14.0799;D4
GL-14.0799;S1
GL-14.0799;S2
GL-14.0799;S3
GL-14.0801;D3
GL-14.0801;D4
GL-14.0801;S1
GL-14.0801;S2
GL-14.0801;S3
GL-14.0802;D3
GL-14.0802;D4
GL-14.0802;S1
GL-14.0802;S2
GL-14.0802;S3
GL-14.0803;D3
GL-14.0803;D4
GL-14.0803;S1
GL-14.0803;S2
GL-14.0803;S3
GL-14.0804;D3
GL-14.0804;D4
GL-14.0804;S1
GL-14.0804;S2
GL-14.0804;S3
GL-14.0805;D3
GL-14.0805;D4
GL-14.0805;S1
GL-14.0805;S2
GL-14.0805;S3
GL-14.0899;D3
GL-14.0899;D4
GL-14.0899;S1
GL-14.0899;S2
GL-14.0899;S3
GL-14.0901;D3
GL-14.0901;D4
GL-14.0901;S1
GL-14.0901;S2
GL-14.0901;S3
GL-14.0902;D3
GL-14.0902;D4
GL-14.0902;S1
GL-14.0902;S2
GL-14.0902;S3
GL-14.0903;D3
GL-14.0903;D4
GL-14.0903;S1
GL-14.0903;S2
GL-14.0903;S3
GL-14.0999;D3
GL-14.0999;D4
GL-14.0999;S1
GL-14.0999;S2
GL-14.0999;S3
GL-14.1001;D3
GL-14.1001;D4
GL-14.1001;S1
GL-14.1001;S2
GL-14.1001;S3
GL-14.1003;D3
GL-14.1003;D4
GL-14.1003;S1
GL-14.1003;S2
GL-14.1003;S3
GL-14.1004;D3
GL-14.1004;D4
GL-14.1004;S1
GL-14.1004;S2
GL-14.1004;S3
GL-14.1099;D3
GL-14.1099;D4
GL-14.1099;S1
GL-14.1099;S2
GL-14.1099;S3
GL-14.1101;D3
GL-14.1101;D4
GL-14.1101;S1
GL-14.1101;S2
GL-14.1101;S3
GL-14.1201;D3
GL-14.1201;D4
GL-14.1201;S1
GL-14.1201;S2
GL-14.1201;S3
GL-14.1301;D3
GL-14.1301;D4
GL-14.1301;S1
GL-14.1301;S2
GL-14.1301;S3
GL-14.1401;D3
GL-14.1401;D4
GL-14.1401;S1
GL-14.1401;S2
GL-14.1401;S3
GL-14.1801;D3
GL-14.1801;D4
GL-14.1801;S1
GL-14.1801;S2
GL-14.1801;S3
GL-14.1901;D3
GL-14.1901;D4
GL-14.1901;S1
GL-14.1901;S2
GL-14.1901;S3
GL-14.2001;D3
GL-14.2001;D4
GL-14.2001;S1
GL-14.2001;S2
GL-14.2001;S3
GL-14.2101;D3
GL-14.2101;D4
GL-14.2101;S1
GL-14.2101;S2
GL-14.2101;S3
GL-14.2201;D3
GL-14.2201;D4
GL-14.2201;S1
GL-14.2201;S2
GL-14.2201;S3
GL-14.2301;D3
GL-14.2301;D4
GL-14.2301;S1
GL-14.2301;S2
GL-14.2301;S3
GL-14.2401;D3
GL-14.2401;D4
GL-14.2401;S1
GL-14.2401;S2
GL-14.2401;S3
GL-14.2501;D3
GL-14.2501;D4
GL-14.2501;S1
GL-14.2501;S2
GL-14.2501;S3
GL-14.2701;D3
GL-14.2701;D4
GL-14.2701;S1
GL-14.2701;S2
GL-14.2701;S3
GL-14.2801;D3
GL-14.2801;D4
GL-14.2801;S1
GL-14.2801;S2
GL-14.2801;S3
GL-14.3201;D3
GL-14.3201;D4
GL-14.3201;S1
GL-14.3201;S2
GL-14.3201;S3
GL-14.3301;D3
GL-14.3301;D4
GL-14.3301;S1
GL-14.3301;S2
GL-14.3301;S3
GL-14.3401;D3
GL-14.3401;D4
GL-14.3401;S1
GL-14.3401;S2
GL-14.3401;S3
GL-14.3501;D3
GL-14.3501;D4
GL-14.3501;S1
GL-14.3501;S2
GL-14.3501;S3
GL-14.3601;D3
GL-14.3601;D4
GL-14.3601;S1
GL-14.3601;S2
GL-14.3601;S3
GL-14.3701;D3
GL-14.3701;D4
GL-14.3701;S1
GL-14.3701;S2
GL-14.3701;S3
GL-14.3801;D3
GL-14.3801;D4
GL-14.3801;S1
GL-14.3801;S2
GL-14.3801;S3
GL-14.3901;D3
GL-14.3901;D4
GL-14.3901;S1
GL-14.3901;S2
GL-14.3901;S3
GL-14.4001;D3
GL-14.4001;D4
GL-14.4001;S1
GL-14.4001;S2
GL-14.4001;S3
GL-14.4101;D3
GL-14.4101;D4
GL-14.4101;S1
GL-14.4101;S2
GL-14.4101;S3
GL-14.4201;D3
GL-14.4201;D4
GL-14.4201;S1
GL-14.4201;S2
GL-14.4201;S3
GL-14.4301;D3
GL-14.4301;D4
GL-14.4301;S1
GL-14.4301;S2
GL-14.4301;S3
GL-14.4401;D3
GL-14.4401;D4
GL-14.4401;S1
GL-14.4401;S2
GL-14.4401;S3
GL-14.4501;D3
GL-14.4501;D4
GL-14.4501;S1
GL-14.4501;S2
GL-14.4501;S3
GL-14.4701;D3
GL-14.4701;D4
GL-14.4701;S1
GL-14.4701;S2
GL-14.4701;S3
GL-14.4801;D3
GL-14.4801;D4
GL-14.4801;S1
GL-14.4801;S2
GL-14.4801;S3
GL-14.4802;D3
GL-14.4802;D4
GL-14.4802;S1
GL-14.4802;S2
GL-14.4802;S3
GL-14.4899;D3
GL-14.4899;D4
GL-14.4899;S1
GL-14.4899;S2
GL-14.4899;S3
GL-14.9999;D3
GL-14.9999;D4
GL-14.9999;S1
GL-14.9999;S2
GL-14.9999;S3
GL-15.0000;D3
GL-15.0000;D4
GL-15.0000;S1
GL-15.0000;S2
GL-15.0000;S3
GL-15.0001;D3
GL-15.0001;D4
GL-15.0001;S1
GL-15.0001;S2
GL-15.0001;S3
GL-15.0101;D3
GL-15.0101;D4
GL-15.0101;S1
GL-15.0101;S2
GL-15.0101;S3
GL-15.0201;D3
GL-15.0201;D4
GL-15.0201;S1
GL-15.0201;S2
GL-15.0201;S3
GL-15.0303;D3
GL-15.0303;D4
GL-15.0303;S1
GL-15.0303;S2
GL-15.0303;S3
GL-15.0304;D3
GL-15.0304;D4
GL-15.0304;S1
GL-15.0304;S2
GL-15.0304;S3
GL-15.0305;D3
GL-15.0305;D4
GL-15.0305;S1
GL-15.0305;S2
GL-15.0305;S3
GL-15.0306;D3
GL-15.0306;D4
GL-15.0306;S1
GL-15.0306;S2
GL-15.0306;S3
GL-15.0307;D3
GL-15.0307;D4
GL-15.0307;S1
GL-15.0307;S2
GL-15.0307;S3
GL-15.0399;D3
GL-15.0399;D4
GL-15.0399;S1
GL-15.0399;S2
GL-15.0399;S3
GL-15.0401;D3
GL-15.0401;D4
GL-15.0401;S1
GL-15.0401;S2
GL-15.0401;S3
GL-15.0403;D3
GL-15.0403;D4
GL-15.0403;S1
GL-15.0403;S2
GL-15.0403;S3
GL-15.0404;D3
GL-15.0404;D4
GL-15.0404;S1
GL-15.0404;S2
GL-15.0404;S3
GL-15.0405;D3
GL-15.0405;D4
GL-15.0405;S1
GL-15.0405;S2
GL-15.0405;S3
GL-15.0406;D3
GL-15.0406;D4
GL-15.0406;S1
GL-15.0406;S2
GL-15.0406;S3
GL-15.0407;D3
GL-15.0407;D4
GL-15.0407;S1
GL-15.0407;S2
GL-15.0407;S3
GL-15.0499;D3
GL-15.0499;D4
GL-15.0499;S1
GL-15.0499;S2
GL-15.0499;S3
GL-15.0501;D3
GL-15.0501;D4
GL-15.0501;S1
GL-15.0501;S2
GL-15.0501;S3
GL-15.0503;D3
GL-15.0503;D4
GL-15.0503;S1
GL-15.0503;S2
GL-15.0503;S3
GL-15.0505;D3
GL-15.0505;D4
GL-15.0505;S1
GL-15.0505;S2
GL-15.0505;S3
GL-15.0506;D3
GL-15.0506;D4
GL-15.0506;S1
GL-15.0506;S2
GL-15.0506;S3
GL-15.0507;D3
GL-15.0507;D4
GL-15.0507;S1
GL-15.0507;S2
GL-15.0507;S3
GL-15.0508;D3
GL-15.0508;D4
GL-15.0508;S1
GL-15.0508;S2
GL-15.0508;S3
GL-15.0599;D3
GL-15.0599;D4
GL-15.0599;S1
GL-15.0599;S2
GL-15.0599;S3
GL-15.0607;D3
GL-15.0607;D4
GL-15.0607;S1
GL-15.0607;S2
GL-15.0607;S3
GL-15.0611;D3
GL-15.0611;D4
GL-15.0611;S1
GL-15.0611;S2
GL-15.0611;S3
GL-15.0612;D3
GL-15.0612;D4
GL-15.0612;S1
GL-15.0612;S2
GL-15.0612;S3
GL-15.0613;D3
GL-15.0613;D4
GL-15.0613;S1
GL-15.0613;S2
GL-15.0613;S3
GL-15.0614;D3
GL-15.0614;D4
GL-15.0614;S1
GL-15.0614;S2
GL-15.0614;S3
GL-15.0615;D3
GL-15.0615;D4
GL-15.0615;S1
GL-15.0615;S2
GL-15.0615;S3
GL-15.0616;D3
GL-15.0616;D4
GL-15.0616;S1
GL-15.0616;S2
GL-15.0616;S3
GL-15.0617;D3
GL-15.0617;D4
GL-15.0617;S1
GL-15.0617;S2
GL-15.0617;S3
GL-15.0699;D3
GL-15.0699;D4
GL-15.0699;S1
GL-15.0699;S2
GL-15.0699;S3
GL-15.0701;D3
GL-15.0701;D4
GL-15.0701;S1
GL-15.0701;S2
GL-15.0701;S3
GL-15.0702;D3
GL-15.0702;D4
GL-15.0702;S1
GL-15.0702;S2
GL-15.0702;S3
GL-15.0703;D3
GL-15.0703;D4
GL-15.0703;S1
GL-15.0703;S2
GL-15.0703;S3
GL-15.0704;D3
GL-15.0704;D4
GL-15.0704;S1
GL-15.0704;S2
GL-15.0704;S3
GL-15.0705;D3
GL-15.0705;D4
GL-15.0705;S1
GL-15.0705;S2
GL-15.0705;S3
GL-15.0799;D3
GL-15.0799;D4
GL-15.0799;S1
GL-15.0799;S2
GL-15.0799;S3
GL-15.0801;D3
GL-15.0801;D4
GL-15.0801;S1
GL-15.0801;S2
GL-15.0801;S3
GL-15.0803;D3
GL-15.0803;D4
GL-15.0803;S1
GL-15.0803;S2
GL-15.0803;S3
GL-15.0805;D3
GL-15.0805;D4
GL-15.0805;S1
GL-15.0805;S2
GL-15.0805;S3
GL-15.0806;D3
GL-15.0806;D4
GL-15.0806;S1
GL-15.0806;S2
GL-15.0806;S3
GL-15.0807;D3
GL-15.0807;D4
GL-15.0807;S1
GL-15.0807;S2
GL-15.0807;S3
GL-15.0899;D3
GL-15.0899;D4
GL-15.0899;S1
GL-15.0899;S2
GL-15.0899;S3
GL-15.0901;D3
GL-15.0901;D4
GL-15.0901;S1
GL-15.0901;S2
GL-15.0901;S3
GL-15.0903;D3
GL-15.0903;D4
GL-15.0903;S1
GL-15.0903;S2
GL-15.0903;S3
GL-15.0999;D3
GL-15.0999;D4
GL-15.0999;S1
GL-15.0999;S2
GL-15.0999;S3
GL-15.1001;D3
GL-15.1001;D4
GL-15.1001;S1
GL-15.1001;S2
GL-15.1001;S3
GL-15.1102;D3
GL-15.1102;D4
GL-15.1102;S1
GL-15.1102;S2
GL-15.1102;S3
GL-15.1103;D3
GL-15.1103;D4
GL-15.1103;S1
GL-15.1103;S2
GL-15.1103;S3
GL-15.1199;D3
GL-15.1199;D4
GL-15.1199;S1
GL-15.1199;S2
GL-15.1199;S3
GL-15.1201;D3
GL-15.1201;D4
GL-15.1201;S1
GL-15.1201;S2
GL-15.1201;S3
GL-15.1202;D3
GL-15.1202;D4
GL-15.1202;S1
GL-15.1202;S2
GL-15.1202;S3
GL-15.1203;D3
GL-15.1203;D4
GL-15.1203;S1
GL-15.1203;S2
GL-15.1203;S3
GL-15.1204;D3
GL-15.1204;D4
GL-15.1204;S1
GL-15.1204;S2
GL-15.1204;S3
GL-15.1299;D3
GL-15.1299;D4
GL-15.1299;S1
GL-15.1299;S2
GL-15.1299;S3
GL-15.1301;D3
GL-15.1301;D4
GL-15.1301;S1
GL-15.1301;S2
GL-15.1301;S3
GL-15.1302;D3
GL-15.1302;D4
GL-15.1302;S1
GL-15.1302;S2
GL-15.1302;S3
GL-15.1303;D3
GL-15.1303;D4
GL-15.1303;S1
GL-15.1303;S2
GL-15.1303;S3
GL-15.1304;D3
GL-15.1304;D4
GL-15.1304;S1
GL-15.1304;S2
GL-15.1304;S3
GL-15.1305;D3
GL-15.1305;D4
GL-15.1305;S1
GL-15.1305;S2
GL-15.1305;S3
GL-15.1306;D3
GL-15.1306;D4
GL-15.1306;S1
GL-15.1306;S2
GL-15.1306;S3
GL-15.1307;D3
GL-15.1307;D4
GL-15.1307;S1
GL-15.1307;S2
GL-15.1307;S3
GL-15.1399;D3
GL-15.1399;D4
GL-15.1399;S1
GL-15.1399;S2
GL-15.1399;S3
GL-15.1401;D3
GL-15.1401;D4
GL-15.1401;S1
GL-15.1401;S2
GL-15.1401;S3
GL-15.1501;D3
GL-15.1501;D4
GL-15.1501;S1
GL-15.1501;S2
GL-15.1501;S3
GL-15.1502;D3
GL-15.1502;D4
GL-15.1502;S1
GL-15.1502;S2
GL-15.1502;S3
GL-15.1503;D3
GL-15.1503;D4
GL-15.1503;S1
GL-15.1503;S2
GL-15.1503;S3
GL-15.1599;D3
GL-15.1599;D4
GL-15.1599;S1
GL-15.1599;S2
GL-15.1599;S3
GL-15.1601;D3
GL-15.1601;D4
GL-15.1601;S1
GL-15.1601;S2
GL-15.1601;S3
GL-15.1701;D3
GL-15.1701;D4
GL-15.1701;S1
GL-15.1701;S2
GL-15.1701;S3
GL-15.1702;D3
GL-15.1702;D4
GL-15.1702;S1
GL-15.1702;S2
GL-15.1702;S3
GL-15.1703;D3
GL-15.1703;D4
GL-15.1703;S1
GL-15.1703;S2
GL-15.1703;S3
GL-15.1704;D3
GL-15.1704;D4
GL-15.1704;S1
GL-15.1704;S2
GL-15.1704;S3
GL-15.1705;D3
GL-15.1705;D4
GL-15.1705;S1
GL-15.1705;S2
GL-15.1705;S3
GL-15.1706;D3
GL-15.1706;D4
GL-15.1706;S1
GL-15.1706;S2
GL-15.1706;S3
GL-15.1799;D3
GL-15.1799;D4
GL-15.1799;S1
GL-15.1799;S2
GL-15.1799;S3
GL-15.9999;D3
GL-15.9999;D4
GL-15.9999;S1
GL-15.9999;S2
GL-15.9999;S3
GL-16.0101;D3
GL-16.0101;D4
GL-16.0101;S1
GL-16.0101;S2
GL-16.0101;S3
GL-16.0102;D3
GL-16.0102;D4
GL-16.0102;S1
GL-16.0102;S2
GL-16.0102;S3
GL-16.0103;D3
GL-16.0103;D4
GL-16.0103;S1
GL-16.0103;S2
GL-16.0103;S3
GL-16.0104;D3
GL-16.0104;D4
GL-16.0104;S1
GL-16.0104;S2
GL-16.0104;S3
GL-16.0105;D3
GL-16.0105;D4
GL-16.0105;S1
GL-16.0105;S2
GL-16.0105;S3
GL-16.0199;D3
GL-16.0199;D4
GL-16.0199;S1
GL-16.0199;S2
GL-16.0199;S3
GL-16.0201;D3
GL-16.0201;D4
GL-16.0201;S1
GL-16.0201;S2
GL-16.0201;S3
GL-16.0300;D3
GL-16.0300;D4
GL-16.0300;S1
GL-16.0300;S2
GL-16.0300;S3
GL-16.0301;D3
GL-16.0301;D4
GL-16.0301;S1
GL-16.0301;S2
GL-16.0301;S3
GL-16.0302;D3
GL-16.0302;D4
GL-16.0302;S1
GL-16.0302;S2
GL-16.0302;S3
GL-16.0303;D3
GL-16.0303;D4
GL-16.0303;S1
GL-16.0303;S2
GL-16.0303;S3
GL-16.0304;D3
GL-16.0304;D4
GL-16.0304;S1
GL-16.0304;S2
GL-16.0304;S3
GL-16.0399;D3
GL-16.0399;D4
GL-16.0399;S1
GL-16.0399;S2
GL-16.0399;S3
GL-16.0400;D3
GL-16.0400;D4
GL-16.0400;S1
GL-16.0400;S2
GL-16.0400;S3
GL-16.0401;D3
GL-16.0401;D4
GL-16.0401;S1
GL-16.0401;S2
GL-16.0401;S3
GL-16.0402;D3
GL-16.0402;D4
GL-16.0402;S1
GL-16.0402;S2
GL-16.0402;S3
GL-16.0404;D3
GL-16.0404;D4
GL-16.0404;S1
GL-16.0404;S2
GL-16.0404;S3
GL-16.0405;D3
GL-16.0405;D4
GL-16.0405;S1
GL-16.0405;S2
GL-16.0405;S3
GL-16.0406;D3
GL-16.0406;D4
GL-16.0406;S1
GL-16.0406;S2
GL-16.0406;S3
GL-16.0407;D3
GL-16.0407;D4
GL-16.0407;S1
GL-16.0407;S2
GL-16.0407;S3
GL-16.0408;D3
GL-16.0408;D4
GL-16.0408;S1
GL-16.0408;S2
GL-16.0408;S3
GL-16.0409;D3
GL-16.0409;D4
GL-16.0409;S1
GL-16.0409;S2
GL-16.0409;S3
GL-16.0410;D3
GL-16.0410;D4
GL-16.0410;S1
GL-16.0410;S2
GL-16.0410;S3
GL-16.0499;D3
GL-16.0499;D4
GL-16.0499;S1
GL-16.0499;S2
GL-16.0499;S3
GL-16.0500;D3
GL-16.0500;D4
GL-16.0500;S1
GL-16.0500;S2
GL-16.0500;S3
GL-16.0501;D3
GL-16.0501;D4
GL-16.0501;S1
GL-16.0501;S2
GL-16.0501;S3
GL-16.0502;D3
GL-16.0502;D4
GL-16.0502;S1
GL-16.0502;S2
GL-16.0502;S3
GL-16.0503;D3
GL-16.0503;D4
GL-16.0503;S1
GL-16.0503;S2
GL-16.0503;S3
GL-16.0504;D3
GL-16.0504;D4
GL-16.0504;S1
GL-16.0504;S2
GL-16.0504;S3
GL-16.0505;D3
GL-16.0505;D4
GL-16.0505;S1
GL-16.0505;S2
GL-16.0505;S3
GL-16.0506;D3
GL-16.0506;D4
GL-16.0506;S1
GL-16.0506;S2
GL-16.0506;S3
GL-16.0599;D3
GL-16.0599;D4
GL-16.0599;S1
GL-16.0599;S2
GL-16.0599;S3
GL-16.0601;D3
GL-16.0601;D4
GL-16.0601;S1
GL-16.0601;S2
GL-16.0601;S3
GL-16.0700;D3
GL-16.0700;D4
GL-16.0700;S1
GL-16.0700;S2
GL-16.0700;S3
GL-16.0701;D3
GL-16.0701;D4
GL-16.0701;S1
GL-16.0701;S2
GL-16.0701;S3
GL-16.0702;D3
GL-16.0702;D4
GL-16.0702;S1
GL-16.0702;S2
GL-16.0702;S3
GL-16.0704;D3
GL-16.0704;D4
GL-16.0704;S1
GL-16.0704;S2
GL-16.0704;S3
GL-16.0705;D3
GL-16.0705;D4
GL-16.0705;S1
GL-16.0705;S2
GL-16.0705;S3
GL-16.0706;D3
GL-16.0706;D4
GL-16.0706;S1
GL-16.0706;S2
GL-16.0706;S3
GL-16.0707;D3
GL-16.0707;D4
GL-16.0707;S1
GL-16.0707;S2
GL-16.0707;S3
GL-16.0799;D3
GL-16.0799;D4
GL-16.0799;S1
GL-16.0799;S2
GL-16.0799;S3
GL-16.0801;D3
GL-16.0801;D4
GL-16.0801;S1
GL-16.0801;S2
GL-16.0801;S3
GL-16.0900;D3
GL-16.0900;D4
GL-16.0900;S1
GL-16.0900;S2
GL-16.0900;S3
GL-16.0901;D3
GL-16.0901;D4
GL-16.0901;S1
GL-16.0901;S2
GL-16.0901;S3
GL-16.0902;D3
GL-16.0902;D4
GL-16.0902;S1
GL-16.0902;S2
GL-16.0902;S3
GL-16.0904;D3
GL-16.0904;D4
GL-16.0904;S1
GL-16.0904;S2
GL-16.0904;S3
GL-16.0905;D3
GL-16.0905;D4
GL-16.0905;S1
GL-16.0905;S2
GL-16.0905;S3
GL-16.0906;D3
GL-16.0906;D4
GL-16.0906;S1
GL-16.0906;S2
GL-16.0906;S3
GL-16.0907;D3
GL-16.0907;D4
GL-16.0907;S1
GL-16.0907;S2
GL-16.0907;S3
GL-16.0908;D3
GL-16.0908;D4
GL-16.0908;S1
GL-16.0908;S2
GL-16.0908;S3
GL-16.0999;D3
GL-16.0999;D4
GL-16.0999;S1
GL-16.0999;S2
GL-16.0999;S3
GL-16.1001;D3
GL-16.1001;D4
GL-16.1001;S1
GL-16.1001;S2
GL-16.1001;S3
GL-16.1100;D3
GL-16.1100;D4
GL-16.1100;S1
GL-16.1100;S2
GL-16.1100;S3
GL-16.1101;D3
GL-16.1101;D4
GL-16.1101;S1
GL-16.1101;S2
GL-16.1101;S3
GL-16.1102;D3
GL-16.1102;D4
GL-16.1102;S1
GL-16.1102;S2
GL-16.1102;S3
GL-16.1103;D3
GL-16.1103;D4
GL-16.1103;S1
GL-16.1103;S2
GL-16.1103;S3
GL-16.1199;D3
GL-16.1199;D4
GL-16.1199;S1
GL-16.1199;S2
GL-16.1199;S3
GL-16.1200;D3
GL-16.1200;D4
GL-16.1200;S1
GL-16.1200;S2
GL-16.1200;S3
GL-16.1202;D3
GL-16.1202;D4
GL-16.1202;S1
GL-16.1202;S2
GL-16.1202;S3
GL-16.1203;D3
GL-16.1203;D4
GL-16.1203;S1
GL-16.1203;S2
GL-16.1203;S3
GL-16.1299;D3
GL-16.1299;D4
GL-16.1299;S1
GL-16.1299;S2
GL-16.1299;S3
GL-16.1301;D3
GL-16.1301;D4
GL-16.1301;S1
GL-16.1301;S2
GL-16.1301;S3
GL-16.1400;D3
GL-16.1400;D4
GL-16.1400;S1
GL-16.1400;S2
GL-16.1400;S3
GL-16.1401;D3
GL-16.1401;D4
GL-16.1401;S1
GL-16.1401;S2
GL-16.1401;S3
GL-16.1402;D3
GL-16.1402;D4
GL-16.1402;S1
GL-16.1402;S2
GL-16.1402;S3
GL-16.1403;D3
GL-16.1403;D4
GL-16.1403;S1
GL-16.1403;S2
GL-16.1403;S3
GL-16.1404;D3
GL-16.1404;D4
GL-16.1404;S1
GL-16.1404;S2
GL-16.1404;S3
GL-16.1405;D3
GL-16.1405;D4
GL-16.1405;S1
GL-16.1405;S2
GL-16.1405;S3
GL-16.1406;D3
GL-16.1406;D4
GL-16.1406;S1
GL-16.1406;S2
GL-16.1406;S3
GL-16.1407;D3
GL-16.1407;D4
GL-16.1407;S1
GL-16.1407;S2
GL-16.1407;S3
GL-16.1408;D3
GL-16.1408;D4
GL-16.1408;S1
GL-16.1408;S2
GL-16.1408;S3
GL-16.1409;D3
GL-16.1409;D4
GL-16.1409;S1
GL-16.1409;S2
GL-16.1409;S3
GL-16.1499;D3
GL-16.1499;D4
GL-16.1499;S1
GL-16.1499;S2
GL-16.1499;S3
GL-16.1501;D3
GL-16.1501;D4
GL-16.1501;S1
GL-16.1501;S2
GL-16.1501;S3
GL-16.1502;D3
GL-16.1502;D4
GL-16.1502;S1
GL-16.1502;S2
GL-16.1502;S3
GL-16.1503;D3
GL-16.1503;D4
GL-16.1503;S1
GL-16.1503;S2
GL-16.1503;S3
GL-16.1504;D3
GL-16.1504;D4
GL-16.1504;S1
GL-16.1504;S2
GL-16.1504;S3
GL-16.1599;D3
GL-16.1599;D4
GL-16.1599;S1
GL-16.1599;S2
GL-16.1599;S3
GL-16.1601;D3
GL-16.1601;D4
GL-16.1601;S1
GL-16.1601;S2
GL-16.1601;S3
GL-16.1602;D3
GL-16.1602;D4
GL-16.1602;S1
GL-16.1602;S2
GL-16.1602;S3
GL-16.1603;D3
GL-16.1603;D4
GL-16.1603;S1
GL-16.1603;S2
GL-16.1603;S3
GL-16.1699;D3
GL-16.1699;D4
GL-16.1699;S1
GL-16.1699;S2
GL-16.1699;S3
GL-16.1701;D3
GL-16.1701;D4
GL-16.1701;S1
GL-16.1701;S2
GL-16.1701;S3
GL-16.1801;D3
GL-16.1801;D4
GL-16.1801;S1
GL-16.1801;S2
GL-16.1801;S3
GL-16.9999;D3
GL-16.9999;D4
GL-16.9999;S1
GL-16.9999;S2
GL-16.9999;S3
GL-19.0000;D3
GL-19.0000;D4
GL-19.0000;S1
GL-19.0000;S2
GL-19.0000;S3
GL-19.0101;D3
GL-19.0101;D4
GL-19.0101;S1
GL-19.0101;S2
GL-19.0101;S3
GL-19.0201;D3
GL-19.0201;D4
GL-19.0201;S1
GL-19.0201;S2
GL-19.0201;S3
GL-19.0202;D3
GL-19.0202;D4
GL-19.0202;S1
GL-19.0202;S2
GL-19.0202;S3
GL-19.0203;D3
GL-19.0203;D4
GL-19.0203;S1
GL-19.0203;S2
GL-19.0203;S3
GL-19.0299;D3
GL-19.0299;D4
GL-19.0299;S1
GL-19.0299;S2
GL-19.0299;S3
GL-19.0401;D3
GL-19.0401;D4
GL-19.0401;S1
GL-19.0401;S2
GL-19.0401;S3
GL-19.0402;D3
GL-19.0402;D4
GL-19.0402;S1
GL-19.0402;S2
GL-19.0402;S3
GL-19.0403;D3
GL-19.0403;D4
GL-19.0403;S1
GL-19.0403;S2
GL-19.0403;S3
GL-19.0499;D3
GL-19.0499;D4
GL-19.0499;S1
GL-19.0499;S2
GL-19.0499;S3
GL-19.0501;D3
GL-19.0501;D4
GL-19.0501;S1
GL-19.0501;S2
GL-19.0501;S3
GL-19.0504;D3
GL-19.0504;D4
GL-19.0504;S1
GL-19.0504;S2
GL-19.0504;S3
GL-19.0505;D3
GL-19.0505;D4
GL-19.0505;S1
GL-19.0505;S2
GL-19.0505;S3
GL-19.0599;D3
GL-19.0599;D4
GL-19.0599;S1
GL-19.0599;S2
GL-19.0599;S3
GL-19.0601;D3
GL-19.0601;D4
GL-19.0601;S1
GL-19.0601;S2
GL-19.0601;S3
GL-19.0604;D3
GL-19.0604;D4
GL-19.0604;S1
GL-19.0604;S2
GL-19.0604;S3
GL-19.0605;D3
GL-19.0605;D4
GL-19.0605;S1
GL-19.0605;S2
GL-19.0605;S3
GL-19.0699;D3
GL-19.0699;D4
GL-19.0699;S1
GL-19.0699;S2
GL-19.0699;S3
GL-19.0701;D3
GL-19.0701;D4
GL-19.0701;S1
GL-19.0701;S2
GL-19.0701;S3
GL-19.0702;D3
GL-19.0702;D4
GL-19.0702;S1
GL-19.0702;S2
GL-19.0702;S3
GL-19.0704;D3
GL-19.0704;D4
GL-19.0704;S1
GL-19.0704;S2
GL-19.0704;S3
GL-19.0706;D3
GL-19.0706;D4
GL-19.0706;S1
GL-19.0706;S2
GL-19.0706;S3
GL-19.0707;D3
GL-19.0707;D4
GL-19.0707;S1
GL-19.0707;S2
GL-19.0707;S3
GL-19.0708;D3
GL-19.0708;D4
GL-19.0708;S1
GL-19.0708;S2
GL-19.0708;S3
GL-19.0709;D3
GL-19.0709;D4
GL-19.0709;S1
GL-19.0709;S2
GL-19.0709;S3
GL-19.0710;D3
GL-19.0710;D4
GL-19.0710;S1
GL-19.0710;S2
GL-19.0710;S3
GL-19.0711;D3
GL-19.0711;D4
GL-19.0711;S1
GL-19.0711;S2
GL-19.0711;S3
GL-19.0712;D3
GL-19.0712;D4
GL-19.0712;S1
GL-19.0712;S2
GL-19.0712;S3
GL-19.0799;D3
GL-19.0799;D4
GL-19.0799;S1
GL-19.0799;S2
GL-19.0799;S3
GL-19.0901;D3
GL-19.0901;D4
GL-19.0901;S1
GL-19.0901;S2
GL-19.0901;S3
GL-19.0902;D3
GL-19.0902;D4
GL-19.0902;S1
GL-19.0902;S2
GL-19.0902;S3
GL-19.0904;D3
GL-19.0904;D4
GL-19.0904;S1
GL-19.0904;S2
GL-19.0904;S3
GL-19.0905;D3
GL-19.0905;D4
GL-19.0905;S1
GL-19.0905;S2
GL-19.0905;S3
GL-19.0906;D3
GL-19.0906;D4
GL-19.0906;S1
GL-19.0906;S2
GL-19.0906;S3
GL-19.0999;D3
GL-19.0999;D4
GL-19.0999;S1
GL-19.0999;S2
GL-19.0999;S3
GL-19.1001;D3
GL-19.1001;D4
GL-19.1001;S1
GL-19.1001;S2
GL-19.1001;S3
GL-19.9999;D3
GL-19.9999;D4
GL-19.9999;S1
GL-19.9999;S2
GL-19.9999;S3
GL-22.0000;D3
GL-22.0000;D4
GL-22.0000;S1
GL-22.0000;S2
GL-22.0000;S3
GL-22.0001;D3
GL-22.0001;D4
GL-22.0001;S1
GL-22.0001;S2
GL-22.0001;S3
GL-22.0099;D3
GL-22.0099;D4
GL-22.0099;S1
GL-22.0099;S2
GL-22.0099;S3
GL-22.0101;D3
GL-22.0101;D4
GL-22.0101;S1
GL-22.0101;S2
GL-22.0101;S3
GL-22.0201;D3
GL-22.0201;D4
GL-22.0201;S1
GL-22.0201;S2
GL-22.0201;S3
GL-22.0202;D3
GL-22.0202;D4
GL-22.0202;S1
GL-22.0202;S2
GL-22.0202;S3
GL-22.0203;D3
GL-22.0203;D4
GL-22.0203;S1
GL-22.0203;S2
GL-22.0203;S3
GL-22.0204;D3
GL-22.0204;D4
GL-22.0204;S1
GL-22.0204;S2
GL-22.0204;S3
GL-22.0205;D3
GL-22.0205;D4
GL-22.0205;S1
GL-22.0205;S2
GL-22.0205;S3
GL-22.0206;D3
GL-22.0206;D4
GL-22.0206;S1
GL-22.0206;S2
GL-22.0206;S3
GL-22.0207;D3
GL-22.0207;D4
GL-22.0207;S1
GL-22.0207;S2
GL-22.0207;S3
GL-22.0208;D3
GL-22.0208;D4
GL-22.0208;S1
GL-22.0208;S2
GL-22.0208;S3
GL-22.0209;D3
GL-22.0209;D4
GL-22.0209;S1
GL-22.0209;S2
GL-22.0209;S3
GL-22.0210;D3
GL-22.0210;D4
GL-22.0210;S1
GL-22.0210;S2
GL-22.0210;S3
GL-22.0211;D3
GL-22.0211;D4
GL-22.0211;S1
GL-22.0211;S2
GL-22.0211;S3
GL-22.0212;D3
GL-22.0212;D4
GL-22.0212;S1
GL-22.0212;S2
GL-22.0212;S3
GL-22.0213;D3
GL-22.0213;D4
GL-22.0213;S1
GL-22.0213;S2
GL-22.0213;S3
GL-22.0214;D3
GL-22.0214;D4
GL-22.0214;S1
GL-22.0214;S2
GL-22.0214;S3
GL-22.0215;D3
GL-22.0215;D4
GL-22.0215;S1
GL-22.0215;S2
GL-22.0215;S3
GL-22.0216;D3
GL-22.0216;D4
GL-22.0216;S1
GL-22.0216;S2
GL-22.0216;S3
GL-22.0217;D3
GL-22.0217;D4
GL-22.0217;S1
GL-22.0217;S2
GL-22.0217;S3
GL-22.0218;D3
GL-22.0218;D4
GL-22.0218;S1
GL-22.0218;S2
GL-22.0218;S3
GL-22.0219;D3
GL-22.0219;D4
GL-22.0219;S1
GL-22.0219;S2
GL-22.0219;S3
GL-22.0220;D3
GL-22.0220;D4
GL-22.0220;S1
GL-22.0220;S2
GL-22.0220;S3
GL-22.0221;D3
GL-22.0221;D4
GL-22.0221;S1
GL-22.0221;S2
GL-22.0221;S3
GL-22.0222;D3
GL-22.0222;D4
GL-22.0222;S1
GL-22.0222;S2
GL-22.0222;S3
GL-22.0223;D3
GL-22.0223;D4
GL-22.0223;S1
GL-22.0223;S2
GL-22.0223;S3
GL-22.0224;D3
GL-22.0224;D4
GL-22.0224;S1
GL-22.0224;S2
GL-22.0224;S3
GL-22.0299;D3
GL-22.0299;D4
GL-22.0299;S1
GL-22.0299;S2
GL-22.0299;S3
GL-22.0301;D3
GL-22.0301;D4
GL-22.0301;S1
GL-22.0301;S2
GL-22.0301;S3
GL-22.0302;D3
GL-22.0302;D4
GL-22.0302;S1
GL-22.0302;S2
GL-22.0302;S3
GL-22.0303;D3
GL-22.0303;D4
GL-22.0303;S1
GL-22.0303;S2
GL-22.0303;S3
GL-22.0304;D3
GL-22.0304;D4
GL-22.0304;S1
GL-22.0304;S2
GL-22.0304;S3
GL-22.0305;D3
GL-22.0305;D4
GL-22.0305;S1
GL-22.0305;S2
GL-22.0305;S3
GL-22.0399;D3
GL-22.0399;D4
GL-22.0399;S1
GL-22.0399;S2
GL-22.0399;S3
GL-22.9999;D3
GL-22.9999;D4
GL-22.9999;S1
GL-22.9999;S2
GL-22.9999;S3
GL-23.0101;D3
GL-23.0101;D4
GL-23.0101;S1
GL-23.0101;S2
GL-23.0101;S3
GL-23.1301;D3
GL-23.1301;D4
GL-23.1301;S1
GL-23.1301;S2
GL-23.1301;S3
GL-23.1302;D3
GL-23.1302;D4
GL-23.1302;S1
GL-23.1302;S2
GL-23.1302;S3
GL-23.1303;D3
GL-23.1303;D4
GL-23.1303;S1
GL-23.1303;S2
GL-23.1303;S3
GL-23.1304;D3
GL-23.1304;D4
GL-23.1304;S1
GL-23.1304;S2
GL-23.1304;S3
GL-23.1399;D3
GL-23.1399;D4
GL-23.1399;S1
GL-23.1399;S2
GL-23.1399;S3
GL-23.1401;D3
GL-23.1401;D4
GL-23.1401;S1
GL-23.1401;S2
GL-23.1401;S3
GL-23.1402;D3
GL-23.1402;D4
GL-23.1402;S1
GL-23.1402;S2
GL-23.1402;S3
GL-23.1403;D3
GL-23.1403;D4
GL-23.1403;S1
GL-23.1403;S2
GL-23.1403;S3
GL-23.1404;D3
GL-23.1404;D4
GL-23.1404;S1
GL-23.1404;S2
GL-23.1404;S3
GL-23.1405;D3
GL-23.1405;D4
GL-23.1405;S1
GL-23.1405;S2
GL-23.1405;S3
GL-23.1499;D3
GL-23.1499;D4
GL-23.1499;S1
GL-23.1499;S2
GL-23.1499;S3
GL-23.9999;D3
GL-23.9999;D4
GL-23.9999;S1
GL-23.9999;S2
GL-23.9999;S3
GL-24.0101;D3
GL-24.0101;D4
GL-24.0101;S1
GL-24.0101;S2
GL-24.0101;S3
GL-24.0102;D3
GL-24.0102;D4
GL-24.0102;S1
GL-24.0102;S2
GL-24.0102;S3
GL-24.0103;D3
GL-24.0103;D4
GL-24.0103;S1
GL-24.0103;S2
GL-24.0103;S3
GL-24.0199;D3
GL-24.0199;D4
GL-24.0199;S1
GL-24.0199;S2
GL-24.0199;S3
GL-25.0101;D3
GL-25.0101;D4
GL-25.0101;S1
GL-25.0101;S2
GL-25.0101;S3
GL-25.0102;D3
GL-25.0102;D4
GL-25.0102;S1
GL-25.0102;S2
GL-25.0102;S3
GL-25.0103;D3
GL-25.0103;D4
GL-25.0103;S1
GL-25.0103;S2
GL-25.0103;S3
GL-25.0199;D3
GL-25.0199;D4
GL-25.0199;S1
GL-25.0199;S2
GL-25.0199;S3
GL-25.0301;D3
GL-25.0301;D4
GL-25.0301;S1
GL-25.0301;S2
GL-25.0301;S3
GL-25.9999;D3
GL-25.9999;D4
GL-25.9999;S1
GL-25.9999;S2
GL-25.9999;S3
GL-26.0101;D3
GL-26.0101;D4
GL-26.0101;S1
GL-26.0101;S2
GL-26.0101;S3
GL-26.0102;D3
GL-26.0102;D4
GL-26.0102;S1
GL-26.0102;S2
GL-26.0102;S3
GL-26.0202;D3
GL-26.0202;D4
GL-26.0202;S1
GL-26.0202;S2
GL-26.0202;S3
GL-26.0203;D3
GL-26.0203;D4
GL-26.0203;S1
GL-26.0203;S2
GL-26.0203;S3
GL-26.0204;D3
GL-26.0204;D4
GL-26.0204;S1
GL-26.0204;S2
GL-26.0204;S3
GL-26.0205;D3
GL-26.0205;D4
GL-26.0205;S1
GL-26.0205;S2
GL-26.0205;S3
GL-26.0206;D3
GL-26.0206;D4
GL-26.0206;S1
GL-26.0206;S2
GL-26.0206;S3
GL-26.0207;D3
GL-26.0207;D4
GL-26.0207;S1
GL-26.0207;S2
GL-26.0207;S3
GL-26.0208;D3
GL-26.0208;D4
GL-26.0208;S1
GL-26.0208;S2
GL-26.0208;S3
GL-26.0209;D3
GL-26.0209;D4
GL-26.0209;S1
GL-26.0209;S2
GL-26.0209;S3
GL-26.0210;D3
GL-26.0210;D4
GL-26.0210;S1
GL-26.0210;S2
GL-26.0210;S3
GL-26.0299;D3
GL-26.0299;D4
GL-26.0299;S1
GL-26.0299;S2
GL-26.0299;S3
GL-26.0301;D3
GL-26.0301;D4
GL-26.0301;S1
GL-26.0301;S2
GL-26.0301;S3
GL-26.0305;D3
GL-26.0305;D4
GL-26.0305;S1
GL-26.0305;S2
GL-26.0305;S3
GL-26.0307;D3
GL-26.0307;D4
GL-26.0307;S1
GL-26.0307;S2
GL-26.0307;S3
GL-26.0308;D3
GL-26.0308;D4
GL-26.0308;S1
GL-26.0308;S2
GL-26.0308;S3
GL-26.0399;D3
GL-26.0399;D4
GL-26.0399;S1
GL-26.0399;S2
GL-26.0399;S3
GL-26.0401;D3
GL-26.0401;D4
GL-26.0401;S1
GL-26.0401;S2
GL-26.0401;S3
GL-26.0403;D3
GL-26.0403;D4
GL-26.0403;S1
GL-26.0403;S2
GL-26.0403;S3
GL-26.0404;D3
GL-26.0404;D4
GL-26.0404;S1
GL-26.0404;S2
GL-26.0404;S3
GL-26.0406;D3
GL-26.0406;D4
GL-26.0406;S1
GL-26.0406;S2
GL-26.0406;S3
GL-26.0407;D3
GL-26.0407;D4
GL-26.0407;S1
GL-26.0407;S2
GL-26.0407;S3
GL-26.0499;D3
GL-26.0499;D4
GL-26.0499;S1
GL-26.0499;S2
GL-26.0499;S3
GL-26.0502;D3
GL-26.0502;D4
GL-26.0502;S1
GL-26.0502;S2
GL-26.0502;S3
GL-26.0503;D3
GL-26.0503;D4
GL-26.0503;S1
GL-26.0503;S2
GL-26.0503;S3
GL-26.0504;D3
GL-26.0504;D4
GL-26.0504;S1
GL-26.0504;S2
GL-26.0504;S3
GL-26.0505;D3
GL-26.0505;D4
GL-26.0505;S1
GL-26.0505;S2
GL-26.0505;S3
GL-26.0506;D3
GL-26.0506;D4
GL-26.0506;S1
GL-26.0506;S2
GL-26.0506;S3
GL-26.0507;D3
GL-26.0507;D4
GL-26.0507;S1
GL-26.0507;S2
GL-26.0507;S3
GL-26.0508;D3
GL-26.0508;D4
GL-26.0508;S1
GL-26.0508;S2
GL-26.0508;S3
GL-26.0509;D3
GL-26.0509;D4
GL-26.0509;S1
GL-26.0509;S2
GL-26.0509;S3
GL-26.0599;D3
GL-26.0599;D4
GL-26.0599;S1
GL-26.0599;S2
GL-26.0599;S3
GL-26.0701;D3
GL-26.0701;D4
GL-26.0701;S1
GL-26.0701;S2
GL-26.0701;S3
GL-26.0702;D3
GL-26.0702;D4
GL-26.0702;S1
GL-26.0702;S2
GL-26.0702;S3
GL-26.0707;D3
GL-26.0707;D4
GL-26.0707;S1
GL-26.0707;S2
GL-26.0707;S3
GL-26.0708;D3
GL-26.0708;D4
GL-26.0708;S1
GL-26.0708;S2
GL-26.0708;S3
GL-26.0709;D3
GL-26.0709;D4
GL-26.0709;S1
GL-26.0709;S2
GL-26.0709;S3
GL-26.0799;D3
GL-26.0799;D4
GL-26.0799;S1
GL-26.0799;S2
GL-26.0799;S3
GL-26.0801;D3
GL-26.0801;D4
GL-26.0801;S1
GL-26.0801;S2
GL-26.0801;S3
GL-26.0802;D3
GL-26.0802;D4
GL-26.0802;S1
GL-26.0802;S2
GL-26.0802;S3
GL-26.0803;D3
GL-26.0803;D4
GL-26.0803;S1
GL-26.0803;S2
GL-26.0803;S3
GL-26.0804;D3
GL-26.0804;D4
GL-26.0804;S1
GL-26.0804;S2
GL-26.0804;S3
GL-26.0805;D3
GL-26.0805;D4
GL-26.0805;S1
GL-26.0805;S2
GL-26.0805;S3
GL-26.0806;D3
GL-26.0806;D4
GL-26.0806;S1
GL-26.0806;S2
GL-26.0806;S3
GL-26.0807;D3
GL-26.0807;D4
GL-26.0807;S1
GL-26.0807;S2
GL-26.0807;S3
GL-26.0899;D3
GL-26.0899;D4
GL-26.0899;S1
GL-26.0899;S2
GL-26.0899;S3
GL-26.0901;D3
GL-26.0901;D4
GL-26.0901;S1
GL-26.0901;S2
GL-26.0901;S3
GL-26.0902;D3
GL-26.0902;D4
GL-26.0902;S1
GL-26.0902;S2
GL-26.0902;S3
GL-26.0903;D3
GL-26.0903;D4
GL-26.0903;S1
GL-26.0903;S2
GL-26.0903;S3
GL-26.0904;D3
GL-26.0904;D4
GL-26.0904;S1
GL-26.0904;S2
GL-26.0904;S3
GL-26.0905;D3
GL-26.0905;D4
GL-26.0905;S1
GL-26.0905;S2
GL-26.0905;S3
GL-26.0907;D3
GL-26.0907;D4
GL-26.0907;S1
GL-26.0907;S2
GL-26.0907;S3
GL-26.0908;D3
GL-26.0908;D4
GL-26.0908;S1
GL-26.0908;S2
GL-26.0908;S3
GL-26.0909;D3
GL-26.0909;D4
GL-26.0909;S1
GL-26.0909;S2
GL-26.0909;S3
GL-26.0910;D3
GL-26.0910;D4
GL-26.0910;S1
GL-26.0910;S2
GL-26.0910;S3
GL-26.0911;D3
GL-26.0911;D4
GL-26.0911;S1
GL-26.0911;S2
GL-26.0911;S3
GL-26.0912;D3
GL-26.0912;D4
GL-26.0912;S1
GL-26.0912;S2
GL-26.0912;S3
GL-26.0913;D3
GL-26.0913;D4
GL-26.0913;S1
GL-26.0913;S2
GL-26.0913;S3
GL-26.0999;D3
GL-26.0999;D4
GL-26.0999;S1
GL-26.0999;S2
GL-26.0999;S3
GL-26.1001;D3
GL-26.1001;D4
GL-26.1001;S1
GL-26.1001;S2
GL-26.1001;S3
GL-26.1002;D3
GL-26.1002;D4
GL-26.1002;S1
GL-26.1002;S2
GL-26.1002;S3
GL-26.1003;D3
GL-26.1003;D4
GL-26.1003;S1
GL-26.1003;S2
GL-26.1003;S3
GL-26.1004;D3
GL-26.1004;D4
GL-26.1004;S1
GL-26.1004;S2
GL-26.1004;S3
GL-26.1005;D3
GL-26.1005;D4
GL-26.1005;S1
GL-26.1005;S2
GL-26.1005;S3
GL-26.1006;D3
GL-26.1006;D4
GL-26.1006;S1
GL-26.1006;S2
GL-26.1006;S3
GL-26.1007;D3
GL-26.1007;D4
GL-26.1007;S1
GL-26.1007;S2
GL-26.1007;S3
GL-26.1099;D3
GL-26.1099;D4
GL-26.1099;S1
GL-26.1099;S2
GL-26.1099;S3
GL-26.1101;D3
GL-26.1101;D4
GL-26.1101;S1
GL-26.1101;S2
GL-26.1101;S3
GL-26.1102;D3
GL-26.1102;D4
GL-26.1102;S1
GL-26.1102;S2
GL-26.1102;S3
GL-26.1103;D3
GL-26.1103;D4
GL-26.1103;S1
GL-26.1103;S2
GL-26.1103;S3
GL-26.1104;D3
GL-26.1104;D4
GL-26.1104;S1
GL-26.1104;S2
GL-26.1104;S3
GL-26.1199;D3
GL-26.1199;D4
GL-26.1199;S1
GL-26.1199;S2
GL-26.1199;S3
GL-26.1201;D3
GL-26.1201;D4
GL-26.1201;S1
GL-26.1201;S2
GL-26.1201;S3
GL-26.1301;D3
GL-26.1301;D4
GL-26.1301;S1
GL-26.1301;S2
GL-26.1301;S3
GL-26.1302;D3
GL-26.1302;D4
GL-26.1302;S1
GL-26.1302;S2
GL-26.1302;S3
GL-26.1303;D3
GL-26.1303;D4
GL-26.1303;S1
GL-26.1303;S2
GL-26.1303;S3
GL-26.1304;D3
GL-26.1304;D4
GL-26.1304;S1
GL-26.1304;S2
GL-26.1304;S3
GL-26.1305;D3
GL-26.1305;D4
GL-26.1305;S1
GL-26.1305;S2
GL-26.1305;S3
GL-26.1306;D3
GL-26.1306;D4
GL-26.1306;S1
GL-26.1306;S2
GL-26.1306;S3
GL-26.1307;D3
GL-26.1307;D4
GL-26.1307;S1
GL-26.1307;S2
GL-26.1307;S3
GL-26.1308;D3
GL-26.1308;D4
GL-26.1308;S1
GL-26.1308;S2
GL-26.1308;S3
GL-26.1309;D3
GL-26.1309;D4
GL-26.1309;S1
GL-26.1309;S2
GL-26.1309;S3
GL-26.1310;D3
GL-26.1310;D4
GL-26.1310;S1
GL-26.1310;S2
GL-26.1310;S3
GL-26.1311;D3
GL-26.1311;D4
GL-26.1311;S1
GL-26.1311;S2
GL-26.1311;S3
GL-26.1399;D3
GL-26.1399;D4
GL-26.1399;S1
GL-26.1399;S2
GL-26.1399;S3
GL-26.1401;D3
GL-26.1401;D4
GL-26.1401;S1
GL-26.1401;S2
GL-26.1401;S3
GL-26.1501;D3
GL-26.1501;D4
GL-26.1501;S1
GL-26.1501;S2
GL-26.1501;S3
GL-26.1502;D3
GL-26.1502;D4
GL-26.1502;S1
GL-26.1502;S2
GL-26.1502;S3
GL-26.1503;D3
GL-26.1503;D4
GL-26.1503;S1
GL-26.1503;S2
GL-26.1503;S3
GL-26.1504;D3
GL-26.1504;D4
GL-26.1504;S1
GL-26.1504;S2
GL-26.1504;S3
GL-26.1599;D3
GL-26.1599;D4
GL-26.1599;S1
GL-26.1599;S2
GL-26.1599;S3
GL-26.9999;D3
GL-26.9999;D4
GL-26.9999;S1
GL-26.9999;S2
GL-26.9999;S3
GL-27.0101;D3
GL-27.0101;D4
GL-27.0101;S1
GL-27.0101;S2
GL-27.0101;S3
GL-27.0102;D3
GL-27.0102;D4
GL-27.0102;S1
GL-27.0102;S2
GL-27.0102;S3
GL-27.0103;D3
GL-27.0103;D4
GL-27.0103;S1
GL-27.0103;S2
GL-27.0103;S3
GL-27.0104;D3
GL-27.0104;D4
GL-27.0104;S1
GL-27.0104;S2
GL-27.0104;S3
GL-27.0105;D3
GL-27.0105;D4
GL-27.0105;S1
GL-27.0105;S2
GL-27.0105;S3
GL-27.0199;D3
GL-27.0199;D4
GL-27.0199;S1
GL-27.0199;S2
GL-27.0199;S3
GL-27.0301;D3
GL-27.0301;D4
GL-27.0301;S1
GL-27.0301;S2
GL-27.0301;S3
GL-27.0303;D3
GL-27.0303;D4
GL-27.0303;S1
GL-27.0303;S2
GL-27.0303;S3
GL-27.0304;D3
GL-27.0304;D4
GL-27.0304;S1
GL-27.0304;S2
GL-27.0304;S3
GL-27.0305;D3
GL-27.0305;D4
GL-27.0305;S1
GL-27.0305;S2
GL-27.0305;S3
GL-27.0306;D3
GL-27.0306;D4
GL-27.0306;S1
GL-27.0306;S2
GL-27.0306;S3
GL-27.0399;D3
GL-27.0399;D4
GL-27.0399;S1
GL-27.0399;S2
GL-27.0399;S3
GL-27.0501;D3
GL-27.0501;D4
GL-27.0501;S1
GL-27.0501;S2
GL-27.0501;S3
GL-27.0502;D3
GL-27.0502;D4
GL-27.0502;S1
GL-27.0502;S2
GL-27.0502;S3
GL-27.0503;D3
GL-27.0503;D4
GL-27.0503;S1
GL-27.0503;S2
GL-27.0503;S3
GL-27.0599;D3
GL-27.0599;D4
GL-27.0599;S1
GL-27.0599;S2
GL-27.0599;S3
GL-27.0601;D3
GL-27.0601;D4
GL-27.0601;S1
GL-27.0601;S2
GL-27.0601;S3
GL-27.9999;D3
GL-27.9999;D4
GL-27.9999;S1
GL-27.9999;S2
GL-27.9999;S3
GL-28.0101;D3
GL-28.0101;D4
GL-28.0101;S1
GL-28.0101;S2
GL-28.0101;S3
GL-28.0199;D3
GL-28.0199;D4
GL-28.0199;S1
GL-28.0199;S2
GL-28.0199;S3
GL-28.0301;D3
GL-28.0301;D4
GL-28.0301;S1
GL-28.0301;S2
GL-28.0301;S3
GL-28.0399;D3
GL-28.0399;D4
GL-28.0399;S1
GL-28.0399;S2
GL-28.0399;S3
GL-28.0401;D3
GL-28.0401;D4
GL-28.0401;S1
GL-28.0401;S2
GL-28.0401;S3
GL-28.0499;D3
GL-28.0499;D4
GL-28.0499;S1
GL-28.0499;S2
GL-28.0499;S3
GL-28.0501;D3
GL-28.0501;D4
GL-28.0501;S1
GL-28.0501;S2
GL-28.0501;S3
GL-28.0502;D3
GL-28.0502;D4
GL-28.0502;S1
GL-28.0502;S2
GL-28.0502;S3
GL-28.0503;D3
GL-28.0503;D4
GL-28.0503;S1
GL-28.0503;S2
GL-28.0503;S3
GL-28.0504;D3
GL-28.0504;D4
GL-28.0504;S1
GL-28.0504;S2
GL-28.0504;S3
GL-28.0505;D3
GL-28.0505;D4
GL-28.0505;S1
GL-28.0505;S2
GL-28.0505;S3
GL-28.0506;D3
GL-28.0506;D4
GL-28.0506;S1
GL-28.0506;S2
GL-28.0506;S3
GL-28.0599;D3
GL-28.0599;D4
GL-28.0599;S1
GL-28.0599;S2
GL-28.0599;S3
GL-28.0601;D3
GL-28.0601;D4
GL-28.0601;S1
GL-28.0601;S2
GL-28.0601;S3
GL-28.0602;D3
GL-28.0602;D4
GL-28.0602;S1
GL-28.0602;S2
GL-28.0602;S3
GL-28.0603;D3
GL-28.0603;D4
GL-28.0603;S1
GL-28.0603;S2
GL-28.0603;S3
GL-28.0604;D3
GL-28.0604;D4
GL-28.0604;S1
GL-28.0604;S2
GL-28.0604;S3
GL-28.0605;D3
GL-28.0605;D4
GL-28.0605;S1
GL-28.0605;S2
GL-28.0605;S3
GL-28.0699;D3
GL-28.0699;D4
GL-28.0699;S1
GL-28.0699;S2
GL-28.0699;S3
GL-28.0701;D3
GL-28.0701;D4
GL-28.0701;S1
GL-28.0701;S2
GL-28.0701;S3
GL-28.0702;D3
GL-28.0702;D4
GL-28.0702;S1
GL-28.0702;S2
GL-28.0702;S3
GL-28.0703;D3
GL-28.0703;D4
GL-28.0703;S1
GL-28.0703;S2
GL-28.0703;S3
GL-28.0799;D3
GL-28.0799;D4
GL-28.0799;S1
GL-28.0799;S2
GL-28.0799;S3
GL-28.9999;D3
GL-28.9999;D4
GL-28.9999;S1
GL-28.9999;S2
GL-28.9999;S3
GL-29.0201;D3
GL-29.0201;D4
GL-29.0201;S1
GL-29.0201;S2
GL-29.0201;S3
GL-29.0202;D3
GL-29.0202;D4
GL-29.0202;S1
GL-29.0202;S2
GL-29.0202;S3
GL-29.0203;D3
GL-29.0203;D4
GL-29.0203;S1
GL-29.0203;S2
GL-29.0203;S3
GL-29.0204;D3
GL-29.0204;D4
GL-29.0204;S1
GL-29.0204;S2
GL-29.0204;S3
GL-29.0205;D3
GL-29.0205;D4
GL-29.0205;S1
GL-29.0205;S2
GL-29.0205;S3
GL-29.0206;D3
GL-29.0206;D4
GL-29.0206;S1
GL-29.0206;S2
GL-29.0206;S3
GL-29.0207;D3
GL-29.0207;D4
GL-29.0207;S1
GL-29.0207;S2
GL-29.0207;S3
GL-29.0299;D3
GL-29.0299;D4
GL-29.0299;S1
GL-29.0299;S2
GL-29.0299;S3
GL-29.0301;D3
GL-29.0301;D4
GL-29.0301;S1
GL-29.0301;S2
GL-29.0301;S3
GL-29.0302;D3
GL-29.0302;D4
GL-29.0302;S1
GL-29.0302;S2
GL-29.0302;S3
GL-29.0303;D3
GL-29.0303;D4
GL-29.0303;S1
GL-29.0303;S2
GL-29.0303;S3
GL-29.0304;D3
GL-29.0304;D4
GL-29.0304;S1
GL-29.0304;S2
GL-29.0304;S3
GL-29.0305;D3
GL-29.0305;D4
GL-29.0305;S1
GL-29.0305;S2
GL-29.0305;S3
GL-29.0306;D3
GL-29.0306;D4
GL-29.0306;S1
GL-29.0306;S2
GL-29.0306;S3
GL-29.0307;D3
GL-29.0307;D4
GL-29.0307;S1
GL-29.0307;S2
GL-29.0307;S3
GL-29.0399;D3
GL-29.0399;D4
GL-29.0399;S1
GL-29.0399;S2
GL-29.0399;S3
GL-29.0401;D3
GL-29.0401;D4
GL-29.0401;S1
GL-29.0401;S2
GL-29.0401;S3
GL-29.0402;D3
GL-29.0402;D4
GL-29.0402;S1
GL-29.0402;S2
GL-29.0402;S3
GL-29.0403;D3
GL-29.0403;D4
GL-29.0403;S1
GL-29.0403;S2
GL-29.0403;S3
GL-29.0404;D3
GL-29.0404;D4
GL-29.0404;S1
GL-29.0404;S2
GL-29.0404;S3
GL-29.0405;D3
GL-29.0405;D4
GL-29.0405;S1
GL-29.0405;S2
GL-29.0405;S3
GL-29.0406;D3
GL-29.0406;D4
GL-29.0406;S1
GL-29.0406;S2
GL-29.0406;S3
GL-29.0407;D3
GL-29.0407;D4
GL-29.0407;S1
GL-29.0407;S2
GL-29.0407;S3
GL-29.0408;D3
GL-29.0408;D4
GL-29.0408;S1
GL-29.0408;S2
GL-29.0408;S3
GL-29.0409;D3
GL-29.0409;D4
GL-29.0409;S1
GL-29.0409;S2
GL-29.0409;S3
GL-29.0499;D3
GL-29.0499;D4
GL-29.0499;S1
GL-29.0499;S2
GL-29.0499;S3
GL-29.0601;D3
GL-29.0601;D4
GL-29.0601;S1
GL-29.0601;S2
GL-29.0601;S3
GL-29.9999;D3
GL-29.9999;D4
GL-29.9999;S1
GL-29.9999;S2
GL-29.9999;S3
GL-30.0000;D3
GL-30.0000;D4
GL-30.0000;S1
GL-30.0000;S2
GL-30.0000;S3
GL-30.0001;D3
GL-30.0001;D4
GL-30.0001;S1
GL-30.0001;S2
GL-30.0001;S3
GL-30.0101;D3
GL-30.0101;D4
GL-30.0101;S1
GL-30.0101;S2
GL-30.0101;S3
GL-30.0501;D3
GL-30.0501;D4
GL-30.0501;S1
GL-30.0501;S2
GL-30.0501;S3
GL-30.0601;D3
GL-30.0601;D4
GL-30.0601;S1
GL-30.0601;S2
GL-30.0601;S3
GL-30.0801;D3
GL-30.0801;D4
GL-30.0801;S1
GL-30.0801;S2
GL-30.0801;S3
GL-30.1001;D3
GL-30.1001;D4
GL-30.1001;S1
GL-30.1001;S2
GL-30.1001;S3
GL-30.1101;D3
GL-30.1101;D4
GL-30.1101;S1
GL-30.1101;S2
GL-30.1101;S3
GL-30.1201;D3
GL-30.1201;D4
GL-30.1201;S1
GL-30.1201;S2
GL-30.1201;S3
GL-30.1202;D3
GL-30.1202;D4
GL-30.1202;S1
GL-30.1202;S2
GL-30.1202;S3
GL-30.1299;D3
GL-30.1299;D4
GL-30.1299;S1
GL-30.1299;S2
GL-30.1299;S3
GL-30.1301;D3
GL-30.1301;D4
GL-30.1301;S1
GL-30.1301;S2
GL-30.1301;S3
GL-30.1401;D3
GL-30.1401;D4
GL-30.1401;S1
GL-30.1401;S2
GL-30.1401;S3
GL-30.1501;D3
GL-30.1501;D4
GL-30.1501;S1
GL-30.1501;S2
GL-30.1501;S3
GL-30.1601;D3
GL-30.1601;D4
GL-30.1601;S1
GL-30.1601;S2
GL-30.1601;S3
GL-30.1701;D3
GL-30.1701;D4
GL-30.1701;S1
GL-30.1701;S2
GL-30.1701;S3
GL-30.1801;D3
GL-30.1801;D4
GL-30.1801;S1
GL-30.1801;S2
GL-30.1801;S3
GL-30.1901;D3
GL-30.1901;D4
GL-30.1901;S1
GL-30.1901;S2
GL-30.1901;S3
GL-30.2001;D3
GL-30.2001;D4
GL-30.2001;S1
GL-30.2001;S2
GL-30.2001;S3
GL-30.2101;D3
GL-30.2101;D4
GL-30.2101;S1
GL-30.2101;S2
GL-30.2101;S3
GL-30.2201;D3
GL-30.2201;D4
GL-30.2201;S1
GL-30.2201;S2
GL-30.2201;S3
GL-30.2202;D3
GL-30.2202;D4
GL-30.2202;S1
GL-30.2202;S2
GL-30.2202;S3
GL-30.2299;D3
GL-30.2299;D4
GL-30.2299;S1
GL-30.2299;S2
GL-30.2299;S3
GL-30.2301;D3
GL-30.2301;D4
GL-30.2301;S1
GL-30.2301;S2
GL-30.2301;S3
GL-30.2501;D3
GL-30.2501;D4
GL-30.2501;S1
GL-30.2501;S2
GL-30.2501;S3
GL-30.2502;D3
GL-30.2502;D4
GL-30.2502;S1
GL-30.2502;S2
GL-30.2502;S3
GL-30.2599;D3
GL-30.2599;D4
GL-30.2599;S1
GL-30.2599;S2
GL-30.2599;S3
GL-30.2601;D3
GL-30.2601;D4
GL-30.2601;S1
GL-30.2601;S2
GL-30.2601;S3
GL-30.2701;D3
GL-30.2701;D4
GL-30.2701;S1
GL-30.2701;S2
GL-30.2701;S3
GL-30.2801;D3
GL-30.2801;D4
GL-30.2801;S1
GL-30.2801;S2
GL-30.2801;S3
GL-30.2901;D3
GL-30.2901;D4
GL-30.2901;S1
GL-30.2901;S2
GL-30.2901;S3
GL-30.3001;D3
GL-30.3001;D4
GL-30.3001;S1
GL-30.3001;S2
GL-30.3001;S3
GL-30.3101;D3
GL-30.3101;D4
GL-30.3101;S1
GL-30.3101;S2
GL-30.3101;S3
GL-30.3201;D3
GL-30.3201;D4
GL-30.3201;S1
GL-30.3201;S2
GL-30.3201;S3
GL-30.3301;D3
GL-30.3301;D4
GL-30.3301;S1
GL-30.3301;S2
GL-30.3301;S3
GL-30.3401;D3
GL-30.3401;D4
GL-30.3401;S1
GL-30.3401;S2
GL-30.3401;S3
GL-30.3501;D3
GL-30.3501;D4
GL-30.3501;S1
GL-30.3501;S2
GL-30.3501;S3
GL-30.3601;D3
GL-30.3601;D4
GL-30.3601;S1
GL-30.3601;S2
GL-30.3601;S3
GL-30.3701;D3
GL-30.3701;D4
GL-30.3701;S1
GL-30.3701;S2
GL-30.3701;S3
GL-30.3801;D3
GL-30.3801;D4
GL-30.3801;S1
GL-30.3801;S2
GL-30.3801;S3
GL-30.3901;D3
GL-30.3901;D4
GL-30.3901;S1
GL-30.3901;S2
GL-30.3901;S3
GL-30.4001;D3
GL-30.4001;D4
GL-30.4001;S1
GL-30.4001;S2
GL-30.4001;S3
GL-30.4101;D3
GL-30.4101;D4
GL-30.4101;S1
GL-30.4101;S2
GL-30.4101;S3
GL-30.4201;D3
GL-30.4201;D4
GL-30.4201;S1
GL-30.4201;S2
GL-30.4201;S3
GL-30.4301;D3
GL-30.4301;D4
GL-30.4301;S1
GL-30.4301;S2
GL-30.4301;S3
GL-30.4401;D3
GL-30.4401;D4
GL-30.4401;S1
GL-30.4401;S2
GL-30.4401;S3
GL-30.4501;D3
GL-30.4501;D4
GL-30.4501;S1
GL-30.4501;S2
GL-30.4501;S3
GL-30.4601;D3
GL-30.4601;D4
GL-30.4601;S1
GL-30.4601;S2
GL-30.4601;S3
GL-30.4701;D3
GL-30.4701;D4
GL-30.4701;S1
GL-30.4701;S2
GL-30.4701;S3
GL-30.4801;D3
GL-30.4801;D4
GL-30.4801;S1
GL-30.4801;S2
GL-30.4801;S3
GL-30.4901;D3
GL-30.4901;D4
GL-30.4901;S1
GL-30.4901;S2
GL-30.4901;S3
GL-30.5001;D3
GL-30.5001;D4
GL-30.5001;S1
GL-30.5001;S2
GL-30.5001;S3
GL-30.5101;D3
GL-30.5101;D4
GL-30.5101;S1
GL-30.5101;S2
GL-30.5101;S3
GL-30.5201;D3
GL-30.5201;D4
GL-30.5201;S1
GL-30.5201;S2
GL-30.5201;S3
GL-30.5202;D3
GL-30.5202;D4
GL-30.5202;S1
GL-30.5202;S2
GL-30.5202;S3
GL-30.5203;D3
GL-30.5203;D4
GL-30.5203;S1
GL-30.5203;S2
GL-30.5203;S3
GL-30.5299;D3
GL-30.5299;D4
GL-30.5299;S1
GL-30.5299;S2
GL-30.5299;S3
GL-30.5301;D3
GL-30.5301;D4
GL-30.5301;S1
GL-30.5301;S2
GL-30.5301;S3
GL-30.7001;D3
GL-30.7001;D4
GL-30.7001;S1
GL-30.7001;S2
GL-30.7001;S3
GL-30.7099;D3
GL-30.7099;D4
GL-30.7099;S1
GL-30.7099;S2
GL-30.7099;S3
GL-30.7101;D3
GL-30.7101;D4
GL-30.7101;S1
GL-30.7101;S2
GL-30.7101;S3
GL-30.7102;D3
GL-30.7102;D4
GL-30.7102;S1
GL-30.7102;S2
GL-30.7102;S3
GL-30.7103;D3
GL-30.7103;D4
GL-30.7103;S1
GL-30.7103;S2
GL-30.7103;S3
GL-30.7104;D3
GL-30.7104;D4
GL-30.7104;S1
GL-30.7104;S2
GL-30.7104;S3
GL-30.7199;D3
GL-30.7199;D4
GL-30.7199;S1
GL-30.7199;S2
GL-30.7199;S3
GL-30.9999;D3
GL-30.9999;D4
GL-30.9999;S1
GL-30.9999;S2
GL-30.9999;S3
GL-31.0101;D3
GL-31.0101;D4
GL-31.0101;S1
GL-31.0101;S2
GL-31.0101;S3
GL-31.0301;D3
GL-31.0301;D4
GL-31.0301;S1
GL-31.0301;S2
GL-31.0301;S3
GL-31.0302;D3
GL-31.0302;D4
GL-31.0302;S1
GL-31.0302;S2
GL-31.0302;S3
GL-31.0399;D3
GL-31.0399;D4
GL-31.0399;S1
GL-31.0399;S2
GL-31.0399;S3
GL-31.0501;D3
GL-31.0501;D4
GL-31.0501;S1
GL-31.0501;S2
GL-31.0501;S3
GL-31.0504;D3
GL-31.0504;D4
GL-31.0504;S1
GL-31.0504;S2
GL-31.0504;S3
GL-31.0505;D3
GL-31.0505;D4
GL-31.0505;S1
GL-31.0505;S2
GL-31.0505;S3
GL-31.0507;D3
GL-31.0507;D4
GL-31.0507;S1
GL-31.0507;S2
GL-31.0507;S3
GL-31.0508;D3
GL-31.0508;D4
GL-31.0508;S1
GL-31.0508;S2
GL-31.0508;S3
GL-31.0599;D3
GL-31.0599;D4
GL-31.0599;S1
GL-31.0599;S2
GL-31.0599;S3
GL-31.0601;D3
GL-31.0601;D4
GL-31.0601;S1
GL-31.0601;S2
GL-31.0601;S3
GL-31.9999;D3
GL-31.9999;D4
GL-31.9999;S1
GL-31.9999;S2
GL-31.9999;S3
GL-32.0101;D3
GL-32.0101;D4
GL-32.0101;S1
GL-32.0101;S2
GL-32.0101;S3
GL-32.0104;D3
GL-32.0104;D4
GL-32.0104;S1
GL-32.0104;S2
GL-32.0104;S3
GL-32.0105;D3
GL-32.0105;D4
GL-32.0105;S1
GL-32.0105;S2
GL-32.0105;S3
GL-32.0107;D3
GL-32.0107;D4
GL-32.0107;S1
GL-32.0107;S2
GL-32.0107;S3
GL-32.0108;D3
GL-32.0108;D4
GL-32.0108;S1
GL-32.0108;S2
GL-32.0108;S3
GL-32.0109;D3
GL-32.0109;D4
GL-32.0109;S1
GL-32.0109;S2
GL-32.0109;S3
GL-32.0110;D3
GL-32.0110;D4
GL-32.0110;S1
GL-32.0110;S2
GL-32.0110;S3
GL-32.0111;D3
GL-32.0111;D4
GL-32.0111;S1
GL-32.0111;S2
GL-32.0111;S3
GL-32.0112;D3
GL-32.0112;D4
GL-32.0112;S1
GL-32.0112;S2
GL-32.0112;S3
GL-32.0199;D3
GL-32.0199;D4
GL-32.0199;S1
GL-32.0199;S2
GL-32.0199;S3
GL-32.0201;D3
GL-32.0201;D4
GL-32.0201;S1
GL-32.0201;S2
GL-32.0201;S3
GL-32.0202;D3
GL-32.0202;D4
GL-32.0202;S1
GL-32.0202;S2
GL-32.0202;S3
GL-32.0203;D3
GL-32.0203;D4
GL-32.0203;S1
GL-32.0203;S2
GL-32.0203;S3
GL-32.0204;D3
GL-32.0204;D4
GL-32.0204;S1
GL-32.0204;S2
GL-32.0204;S3
GL-32.0205;D3
GL-32.0205;D4
GL-32.0205;S1
GL-32.0205;S2
GL-32.0205;S3
GL-32.0299;D3
GL-32.0299;D4
GL-32.0299;S1
GL-32.0299;S2
GL-32.0299;S3
GL-33.0101;D3
GL-33.0101;D4
GL-33.0101;S1
GL-33.0101;S2
GL-33.0101;S3
GL-33.0102;D3
GL-33.0102;D4
GL-33.0102;S1
GL-33.0102;S2
GL-33.0102;S3
GL-33.0103;D3
GL-33.0103;D4
GL-33.0103;S1
GL-33.0103;S2
GL-33.0103;S3
GL-33.0104;D3
GL-33.0104;D4
GL-33.0104;S1
GL-33.0104;S2
GL-33.0104;S3
GL-33.0105;D3
GL-33.0105;D4
GL-33.0105;S1
GL-33.0105;S2
GL-33.0105;S3
GL-33.0106;D3
GL-33.0106;D4
GL-33.0106;S1
GL-33.0106;S2
GL-33.0106;S3
GL-33.0199;D3
GL-33.0199;D4
GL-33.0199;S1
GL-33.0199;S2
GL-33.0199;S3
GL-34.0102;D3
GL-34.0102;D4
GL-34.0102;S1
GL-34.0102;S2
GL-34.0102;S3
GL-34.0103;D3
GL-34.0103;D4
GL-34.0103;S1
GL-34.0103;S2
GL-34.0103;S3
GL-34.0104;D3
GL-34.0104;D4
GL-34.0104;S1
GL-34.0104;S2
GL-34.0104;S3
GL-34.0105;D3
GL-34.0105;D4
GL-34.0105;S1
GL-34.0105;S2
GL-34.0105;S3
GL-34.0199;D3
GL-34.0199;D4
GL-34.0199;S1
GL-34.0199;S2
GL-34.0199;S3
GL-35.0101;D3
GL-35.0101;D4
GL-35.0101;S1
GL-35.0101;S2
GL-35.0101;S3
GL-35.0102;D3
GL-35.0102;D4
GL-35.0102;S1
GL-35.0102;S2
GL-35.0102;S3
GL-35.0103;D3
GL-35.0103;D4
GL-35.0103;S1
GL-35.0103;S2
GL-35.0103;S3
GL-35.0105;D3
GL-35.0105;D4
GL-35.0105;S1
GL-35.0105;S2
GL-35.0105;S3
GL-35.0199;D3
GL-35.0199;D4
GL-35.0199;S1
GL-35.0199;S2
GL-35.0199;S3
GL-36.0101;D3
GL-36.0101;D4
GL-36.0101;S1
GL-36.0101;S2
GL-36.0101;S3
GL-36.0102;D3
GL-36.0102;D4
GL-36.0102;S1
GL-36.0102;S2
GL-36.0102;S3
GL-36.0103;D3
GL-36.0103;D4
GL-36.0103;S1
GL-36.0103;S2
GL-36.0103;S3
GL-36.0105;D3
GL-36.0105;D4
GL-36.0105;S1
GL-36.0105;S2
GL-36.0105;S3
GL-36.0106;D3
GL-36.0106;D4
GL-36.0106;S1
GL-36.0106;S2
GL-36.0106;S3
GL-36.0107;D3
GL-36.0107;D4
GL-36.0107;S1
GL-36.0107;S2
GL-36.0107;S3
GL-36.0108;D3
GL-36.0108;D4
GL-36.0108;S1
GL-36.0108;S2
GL-36.0108;S3
GL-36.0109;D3
GL-36.0109;D4
GL-36.0109;S1
GL-36.0109;S2
GL-36.0109;S3
GL-36.0110;D3
GL-36.0110;D4
GL-36.0110;S1
GL-36.0110;S2
GL-36.0110;S3
GL-36.0111;D3
GL-36.0111;D4
GL-36.0111;S1
GL-36.0111;S2
GL-36.0111;S3
GL-36.0112;D3
GL-36.0112;D4
GL-36.0112;S1
GL-36.0112;S2
GL-36.0112;S3
GL-36.0113;D3
GL-36.0113;D4
GL-36.0113;S1
GL-36.0113;S2
GL-36.0113;S3
GL-36.0114;D3
GL-36.0114;D4
GL-36.0114;S1
GL-36.0114;S2
GL-36.0114;S3
GL-36.0115;D3
GL-36.0115;D4
GL-36.0115;S1
GL-36.0115;S2
GL-36.0115;S3
GL-36.0116;D3
GL-36.0116;D4
GL-36.0116;S1
GL-36.0116;S2
GL-36.0116;S3
GL-36.0117;D3
GL-36.0117;D4
GL-36.0117;S1
GL-36.0117;S2
GL-36.0117;S3
GL-36.0118;D3
GL-36.0118;D4
GL-36.0118;S1
GL-36.0118;S2
GL-36.0118;S3
GL-36.0119;D3
GL-36.0119;D4
GL-36.0119;S1
GL-36.0119;S2
GL-36.0119;S3
GL-36.0120;D3
GL-36.0120;D4
GL-36.0120;S1
GL-36.0120;S2
GL-36.0120;S3
GL-36.0121;D3
GL-36.0121;D4
GL-36.0121;S1
GL-36.0121;S2
GL-36.0121;S3
GL-36.0122;D3
GL-36.0122;D4
GL-36.0122;S1
GL-36.0122;S2
GL-36.0122;S3
GL-36.0123;D3
GL-36.0123;D4
GL-36.0123;S1
GL-36.0123;S2
GL-36.0123;S3
GL-36.0199;D3
GL-36.0199;D4
GL-36.0199;S1
GL-36.0199;S2
GL-36.0199;S3
GL-36.0202;D3
GL-36.0202;D4
GL-36.0202;S1
GL-36.0202;S2
GL-36.0202;S3
GL-36.0203;D3
GL-36.0203;D4
GL-36.0203;S1
GL-36.0203;S2
GL-36.0203;S3
GL-36.0204;D3
GL-36.0204;D4
GL-36.0204;S1
GL-36.0204;S2
GL-36.0204;S3
GL-36.0205;D3
GL-36.0205;D4
GL-36.0205;S1
GL-36.0205;S2
GL-36.0205;S3
GL-36.0206;D3
GL-36.0206;D4
GL-36.0206;S1
GL-36.0206;S2
GL-36.0206;S3
GL-36.0207;D3
GL-36.0207;D4
GL-36.0207;S1
GL-36.0207;S2
GL-36.0207;S3
GL-36.0299;D3
GL-36.0299;D4
GL-36.0299;S1
GL-36.0299;S2
GL-36.0299;S3
GL-37.0101;D3
GL-37.0101;D4
GL-37.0101;S1
GL-37.0101;S2
GL-37.0101;S3
GL-37.0102;D3
GL-37.0102;D4
GL-37.0102;S1
GL-37.0102;S2
GL-37.0102;S3
GL-37.0103;D3
GL-37.0103;D4
GL-37.0103;S1
GL-37.0103;S2
GL-37.0103;S3
GL-37.0104;D3
GL-37.0104;D4
GL-37.0104;S1
GL-37.0104;S2
GL-37.0104;S3
GL-37.0106;D3
GL-37.0106;D4
GL-37.0106;S1
GL-37.0106;S2
GL-37.0106;S3
GL-37.0107;D3
GL-37.0107;D4
GL-37.0107;S1
GL-37.0107;S2
GL-37.0107;S3
GL-37.0199;D3
GL-37.0199;D4
GL-37.0199;S1
GL-37.0199;S2
GL-37.0199;S3
GL-38.0001;D3
GL-38.0001;D4
GL-38.0001;S1
GL-38.0001;S2
GL-38.0001;S3
GL-38.0101;D3
GL-38.0101;D4
GL-38.0101;S1
GL-38.0101;S2
GL-38.0101;S3
GL-38.0102;D3
GL-38.0102;D4
GL-38.0102;S1
GL-38.0102;S2
GL-38.0102;S3
GL-38.0103;D3
GL-38.0103;D4
GL-38.0103;S1
GL-38.0103;S2
GL-38.0103;S3
GL-38.0104;D3
GL-38.0104;D4
GL-38.0104;S1
GL-38.0104;S2
GL-38.0104;S3
GL-38.0199;D3
GL-38.0199;D4
GL-38.0199;S1
GL-38.0199;S2
GL-38.0199;S3
GL-38.0201;D3
GL-38.0201;D4
GL-38.0201;S1
GL-38.0201;S2
GL-38.0201;S3
GL-38.0202;D3
GL-38.0202;D4
GL-38.0202;S1
GL-38.0202;S2
GL-38.0202;S3
GL-38.0203;D3
GL-38.0203;D4
GL-38.0203;S1
GL-38.0203;S2
GL-38.0203;S3
GL-38.0204;D3
GL-38.0204;D4
GL-38.0204;S1
GL-38.0204;S2
GL-38.0204;S3
GL-38.0205;D3
GL-38.0205;D4
GL-38.0205;S1
GL-38.0205;S2
GL-38.0205;S3
GL-38.0206;D3
GL-38.0206;D4
GL-38.0206;S1
GL-38.0206;S2
GL-38.0206;S3
GL-38.0207;D3
GL-38.0207;D4
GL-38.0207;S1
GL-38.0207;S2
GL-38.0207;S3
GL-38.0208;D3
GL-38.0208;D4
GL-38.0208;S1
GL-38.0208;S2
GL-38.0208;S3
GL-38.0209;D3
GL-38.0209;D4
GL-38.0209;S1
GL-38.0209;S2
GL-38.0209;S3
GL-38.0299;D3
GL-38.0299;D4
GL-38.0299;S1
GL-38.0299;S2
GL-38.0299;S3
GL-38.9999;D3
GL-38.9999;D4
GL-38.9999;S1
GL-38.9999;S2
GL-38.9999;S3
GL-39.0201;D3
GL-39.0201;D4
GL-39.0201;S1
GL-39.0201;S2
GL-39.0201;S3
GL-39.0301;D3
GL-39.0301;D4
GL-39.0301;S1
GL-39.0301;S2
GL-39.0301;S3
GL-39.0302;D3
GL-39.0302;D4
GL-39.0302;S1
GL-39.0302;S2
GL-39.0302;S3
GL-39.0399;D3
GL-39.0399;D4
GL-39.0399;S1
GL-39.0399;S2
GL-39.0399;S3
GL-39.0401;D3
GL-39.0401;D4
GL-39.0401;S1
GL-39.0401;S2
GL-39.0401;S3
GL-39.0501;D3
GL-39.0501;D4
GL-39.0501;S1
GL-39.0501;S2
GL-39.0501;S3
GL-39.0502;D3
GL-39.0502;D4
GL-39.0502;S1
GL-39.0502;S2
GL-39.0502;S3
GL-39.0599;D3
GL-39.0599;D4
GL-39.0599;S1
GL-39.0599;S2
GL-39.0599;S3
GL-39.0601;D3
GL-39.0601;D4
GL-39.0601;S1
GL-39.0601;S2
GL-39.0601;S3
GL-39.0602;D3
GL-39.0602;D4
GL-39.0602;S1
GL-39.0602;S2
GL-39.0602;S3
GL-39.0604;D3
GL-39.0604;D4
GL-39.0604;S1
GL-39.0604;S2
GL-39.0604;S3
GL-39.0605;D3
GL-39.0605;D4
GL-39.0605;S1
GL-39.0605;S2
GL-39.0605;S3
GL-39.0606;D3
GL-39.0606;D4
GL-39.0606;S1
GL-39.0606;S2
GL-39.0606;S3
GL-39.0699;D3
GL-39.0699;D4
GL-39.0699;S1
GL-39.0699;S2
GL-39.0699;S3
GL-39.0701;D3
GL-39.0701;D4
GL-39.0701;S1
GL-39.0701;S2
GL-39.0701;S3
GL-39.0702;D3
GL-39.0702;D4
GL-39.0702;S1
GL-39.0702;S2
GL-39.0702;S3
GL-39.0703;D3
GL-39.0703;D4
GL-39.0703;S1
GL-39.0703;S2
GL-39.0703;S3
GL-39.0704;D3
GL-39.0704;D4
GL-39.0704;S1
GL-39.0704;S2
GL-39.0704;S3
GL-39.0705;D3
GL-39.0705;D4
GL-39.0705;S1
GL-39.0705;S2
GL-39.0705;S3
GL-39.0706;D3
GL-39.0706;D4
GL-39.0706;S1
GL-39.0706;S2
GL-39.0706;S3
GL-39.0799;D3
GL-39.0799;D4
GL-39.0799;S1
GL-39.0799;S2
GL-39.0799;S3
GL-39.0801;D3
GL-39.0801;D4
GL-39.0801;S1
GL-39.0801;S2
GL-39.0801;S3
GL-39.0802;D3
GL-39.0802;D4
GL-39.0802;S1
GL-39.0802;S2
GL-39.0802;S3
GL-39.0899;D3
GL-39.0899;D4
GL-39.0899;S1
GL-39.0899;S2
GL-39.0899;S3
GL-39.9999;D3
GL-39.9999;D4
GL-39.9999;S1
GL-39.9999;S2
GL-39.9999;S3
GL-40.0101;D3
GL-40.0101;D4
GL-40.0101;S1
GL-40.0101;S2
GL-40.0101;S3
GL-40.0201;D3
GL-40.0201;D4
GL-40.0201;S1
GL-40.0201;S2
GL-40.0201;S3
GL-40.0202;D3
GL-40.0202;D4
GL-40.0202;S1
GL-40.0202;S2
GL-40.0202;S3
GL-40.0203;D3
GL-40.0203;D4
GL-40.0203;S1
GL-40.0203;S2
GL-40.0203;S3
GL-40.0299;D3
GL-40.0299;D4
GL-40.0299;S1
GL-40.0299;S2
GL-40.0299;S3
GL-40.0401;D3
GL-40.0401;D4
GL-40.0401;S1
GL-40.0401;S2
GL-40.0401;S3
GL-40.0402;D3
GL-40.0402;D4
GL-40.0402;S1
GL-40.0402;S2
GL-40.0402;S3
GL-40.0403;D3
GL-40.0403;D4
GL-40.0403;S1
GL-40.0403;S2
GL-40.0403;S3
GL-40.0404;D3
GL-40.0404;D4
GL-40.0404;S1
GL-40.0404;S2
GL-40.0404;S3
GL-40.0499;D3
GL-40.0499;D4
GL-40.0499;S1
GL-40.0499;S2
GL-40.0499;S3
GL-40.0501;D3
GL-40.0501;D4
GL-40.0501;S1
GL-40.0501;S2
GL-40.0501;S3
GL-40.0502;D3
GL-40.0502;D4
GL-40.0502;S1
GL-40.0502;S2
GL-40.0502;S3
GL-40.0503;D3
GL-40.0503;D4
GL-40.0503;S1
GL-40.0503;S2
GL-40.0503;S3
GL-40.0504;D3
GL-40.0504;D4
GL-40.0504;S1
GL-40.0504;S2
GL-40.0504;S3
GL-40.0506;D3
GL-40.0506;D4
GL-40.0506;S1
GL-40.0506;S2
GL-40.0506;S3
GL-40.0507;D3
GL-40.0507;D4
GL-40.0507;S1
GL-40.0507;S2
GL-40.0507;S3
GL-40.0508;D3
GL-40.0508;D4
GL-40.0508;S1
GL-40.0508;S2
GL-40.0508;S3
GL-40.0509;D3
GL-40.0509;D4
GL-40.0509;S1
GL-40.0509;S2
GL-40.0509;S3
GL-40.0510;D3
GL-40.0510;D4
GL-40.0510;S1
GL-40.0510;S2
GL-40.0510;S3
GL-40.0511;D3
GL-40.0511;D4
GL-40.0511;S1
GL-40.0511;S2
GL-40.0511;S3
GL-40.0512;D3
GL-40.0512;D4
GL-40.0512;S1
GL-40.0512;S2
GL-40.0512;S3
GL-40.0599;D3
GL-40.0599;D4
GL-40.0599;S1
GL-40.0599;S2
GL-40.0599;S3
GL-40.0601;D3
GL-40.0601;D4
GL-40.0601;S1
GL-40.0601;S2
GL-40.0601;S3
GL-40.0602;D3
GL-40.0602;D4
GL-40.0602;S1
GL-40.0602;S2
GL-40.0602;S3
GL-40.0603;D3
GL-40.0603;D4
GL-40.0603;S1
GL-40.0603;S2
GL-40.0603;S3
GL-40.0604;D3
GL-40.0604;D4
GL-40.0604;S1
GL-40.0604;S2
GL-40.0604;S3
GL-40.0605;D3
GL-40.0605;D4
GL-40.0605;S1
GL-40.0605;S2
GL-40.0605;S3
GL-40.0606;D3
GL-40.0606;D4
GL-40.0606;S1
GL-40.0606;S2
GL-40.0606;S3
GL-40.0607;D3
GL-40.0607;D4
GL-40.0607;S1
GL-40.0607;S2
GL-40.0607;S3
GL-40.0699;D3
GL-40.0699;D4
GL-40.0699;S1
GL-40.0699;S2
GL-40.0699;S3
GL-40.0801;D3
GL-40.0801;D4
GL-40.0801;S1
GL-40.0801;S2
GL-40.0801;S3
GL-40.0802;D3
GL-40.0802;D4
GL-40.0802;S1
GL-40.0802;S2
GL-40.0802;S3
GL-40.0804;D3
GL-40.0804;D4
GL-40.0804;S1
GL-40.0804;S2
GL-40.0804;S3
GL-40.0805;D3
GL-40.0805;D4
GL-40.0805;S1
GL-40.0805;S2
GL-40.0805;S3
GL-40.0806;D3
GL-40.0806;D4
GL-40.0806;S1
GL-40.0806;S2
GL-40.0806;S3
GL-40.0807;D3
GL-40.0807;D4
GL-40.0807;S1
GL-40.0807;S2
GL-40.0807;S3
GL-40.0808;D3
GL-40.0808;D4
GL-40.0808;S1
GL-40.0808;S2
GL-40.0808;S3
GL-40.0809;D3
GL-40.0809;D4
GL-40.0809;S1
GL-40.0809;S2
GL-40.0809;S3
GL-40.0810;D3
GL-40.0810;D4
GL-40.0810;S1
GL-40.0810;S2
GL-40.0810;S3
GL-40.0899;D3
GL-40.0899;D4
GL-40.0899;S1
GL-40.0899;S2
GL-40.0899;S3
GL-40.1001;D3
GL-40.1001;D4
GL-40.1001;S1
GL-40.1001;S2
GL-40.1001;S3
GL-40.1002;D3
GL-40.1002;D4
GL-40.1002;S1
GL-40.1002;S2
GL-40.1002;S3
GL-40.1099;D3
GL-40.1099;D4
GL-40.1099;S1
GL-40.1099;S2
GL-40.1099;S3
GL-40.1101;D3
GL-40.1101;D4
GL-40.1101;S1
GL-40.1101;S2
GL-40.1101;S3
GL-40.9999;D3
GL-40.9999;D4
GL-40.9999;S1
GL-40.9999;S2
GL-40.9999;S3
GL-41.0000;D3
GL-41.0000;D4
GL-41.0000;S1
GL-41.0000;S2
GL-41.0000;S3
GL-41.0101;D3
GL-41.0101;D4
GL-41.0101;S1
GL-41.0101;S2
GL-41.0101;S3
GL-41.0204;D3
GL-41.0204;D4
GL-41.0204;S1
GL-41.0204;S2
GL-41.0204;S3
GL-41.0205;D3
GL-41.0205;D4
GL-41.0205;S1
GL-41.0205;S2
GL-41.0205;S3
GL-41.0299;D3
GL-41.0299;D4
GL-41.0299;S1
GL-41.0299;S2
GL-41.0299;S3
GL-41.0301;D3
GL-41.0301;D4
GL-41.0301;S1
GL-41.0301;S2
GL-41.0301;S3
GL-41.0303;D3
GL-41.0303;D4
GL-41.0303;S1
GL-41.0303;S2
GL-41.0303;S3
GL-41.0399;D3
GL-41.0399;D4
GL-41.0399;S1
GL-41.0399;S2
GL-41.0399;S3
GL-41.9999;D3
GL-41.9999;D4
GL-41.9999;S1
GL-41.9999;S2
GL-41.9999;S3
GL-42.0101;D3
GL-42.0101;D4
GL-42.0101;S1
GL-42.0101;S2
GL-42.0101;S3
GL-42.2701;D3
GL-42.2701;D4
GL-42.2701;S1
GL-42.2701;S2
GL-42.2701;S3
GL-42.2702;D3
GL-42.2702;D4
GL-42.2702;S1
GL-42.2702;S2
GL-42.2702;S3
GL-42.2703;D3
GL-42.2703;D4
GL-42.2703;S1
GL-42.2703;S2
GL-42.2703;S3
GL-42.2704;D3
GL-42.2704;D4
GL-42.2704;S1
GL-42.2704;S2
GL-42.2704;S3
GL-42.2705;D3
GL-42.2705;D4
GL-42.2705;S1
GL-42.2705;S2
GL-42.2705;S3
GL-42.2706;D3
GL-42.2706;D4
GL-42.2706;S1
GL-42.2706;S2
GL-42.2706;S3
GL-42.2707;D3
GL-42.2707;D4
GL-42.2707;S1
GL-42.2707;S2
GL-42.2707;S3
GL-42.2708;D3
GL-42.2708;D4
GL-42.2708;S1
GL-42.2708;S2
GL-42.2708;S3
GL-42.2709;D3
GL-42.2709;D4
GL-42.2709;S1
GL-42.2709;S2
GL-42.2709;S3
GL-42.2710;D3
GL-42.2710;D4
GL-42.2710;S1
GL-42.2710;S2
GL-42.2710;S3
GL-42.2799;D3
GL-42.2799;D4
GL-42.2799;S1
GL-42.2799;S2
GL-42.2799;S3
GL-42.2801;D3
GL-42.2801;D4
GL-42.2801;S1
GL-42.2801;S2
GL-42.2801;S3
GL-42.2802;D3
GL-42.2802;D4
GL-42.2802;S1
GL-42.2802;S2
GL-42.2802;S3
GL-42.2803;D3
GL-42.2803;D4
GL-42.2803;S1
GL-42.2803;S2
GL-42.2803;S3
GL-42.2804;D3
GL-42.2804;D4
GL-42.2804;S1
GL-42.2804;S2
GL-42.2804;S3
GL-42.2805;D3
GL-42.2805;D4
GL-42.2805;S1
GL-42.2805;S2
GL-42.2805;S3
GL-42.2806;D3
GL-42.2806;D4
GL-42.2806;S1
GL-42.2806;S2
GL-42.2806;S3
GL-42.2807;D3
GL-42.2807;D4
GL-42.2807;S1
GL-42.2807;S2
GL-42.2807;S3
GL-42.2808;D3
GL-42.2808;D4
GL-42.2808;S1
GL-42.2808;S2
GL-42.2808;S3
GL-42.2809;D3
GL-42.2809;D4
GL-42.2809;S1
GL-42.2809;S2
GL-42.2809;S3
GL-42.2810;D3
GL-42.2810;D4
GL-42.2810;S1
GL-42.2810;S2
GL-42.2810;S3
GL-42.2811;D3
GL-42.2811;D4
GL-42.2811;S1
GL-42.2811;S2
GL-42.2811;S3
GL-42.2812;D3
GL-42.2812;D4
GL-42.2812;S1
GL-42.2812;S2
GL-42.2812;S3
GL-42.2813;D3
GL-42.2813;D4
GL-42.2813;S1
GL-42.2813;S2
GL-42.2813;S3
GL-42.2814;D3
GL-42.2814;D4
GL-42.2814;S1
GL-42.2814;S2
GL-42.2814;S3
GL-42.2815;D3
GL-42.2815;D4
GL-42.2815;S1
GL-42.2815;S2
GL-42.2815;S3
GL-42.2816;D3
GL-42.2816;D4
GL-42.2816;S1
GL-42.2816;S2
GL-42.2816;S3
GL-42.2817;D3
GL-42.2817;D4
GL-42.2817;S1
GL-42.2817;S2
GL-42.2817;S3
GL-42.2899;D3
GL-42.2899;D4
GL-42.2899;S1
GL-42.2899;S2
GL-42.2899;S3
GL-42.9999;D3
GL-42.9999;D4
GL-42.9999;S1
GL-42.9999;S2
GL-42.9999;S3
GL-43.0100;D3
GL-43.0100;D4
GL-43.0100;S1
GL-43.0100;S2
GL-43.0100;S3
GL-43.0102;D3
GL-43.0102;D4
GL-43.0102;S1
GL-43.0102;S2
GL-43.0102;S3
GL-43.0103;D3
GL-43.0103;D4
GL-43.0103;S1
GL-43.0103;S2
GL-43.0103;S3
GL-43.0104;D3
GL-43.0104;D4
GL-43.0104;S1
GL-43.0104;S2
GL-43.0104;S3
GL-43.0106;D3
GL-43.0106;D4
GL-43.0106;S1
GL-43.0106;S2
GL-43.0106;S3
GL-43.0107;D3
GL-43.0107;D4
GL-43.0107;S1
GL-43.0107;S2
GL-43.0107;S3
GL-43.0109;D3
GL-43.0109;D4
GL-43.0109;S1
GL-43.0109;S2
GL-43.0109;S3
GL-43.0110;D3
GL-43.0110;D4
GL-43.0110;S1
GL-43.0110;S2
GL-43.0110;S3
GL-43.0111;D3
GL-43.0111;D4
GL-43.0111;S1
GL-43.0111;S2
GL-43.0111;S3
GL-43.0112;D3
GL-43.0112;D4
GL-43.0112;S1
GL-43.0112;S2
GL-43.0112;S3
GL-43.0113;D3
GL-43.0113;D4
GL-43.0113;S1
GL-43.0113;S2
GL-43.0113;S3
GL-43.0114;D3
GL-43.0114;D4
GL-43.0114;S1
GL-43.0114;S2
GL-43.0114;S3
GL-43.0115;D3
GL-43.0115;D4
GL-43.0115;S1
GL-43.0115;S2
GL-43.0115;S3
GL-43.0116;D3
GL-43.0116;D4
GL-43.0116;S1
GL-43.0116;S2
GL-43.0116;S3
GL-43.0117;D3
GL-43.0117;D4
GL-43.0117;S1
GL-43.0117;S2
GL-43.0117;S3
GL-43.0118;D3
GL-43.0118;D4
GL-43.0118;S1
GL-43.0118;S2
GL-43.0118;S3
GL-43.0119;D3
GL-43.0119;D4
GL-43.0119;S1
GL-43.0119;S2
GL-43.0119;S3
GL-43.0120;D3
GL-43.0120;D4
GL-43.0120;S1
GL-43.0120;S2
GL-43.0120;S3
GL-43.0121;D3
GL-43.0121;D4
GL-43.0121;S1
GL-43.0121;S2
GL-43.0121;S3
GL-43.0122;D3
GL-43.0122;D4
GL-43.0122;S1
GL-43.0122;S2
GL-43.0122;S3
GL-43.0123;D3
GL-43.0123;D4
GL-43.0123;S1
GL-43.0123;S2
GL-43.0123;S3
GL-43.0199;D3
GL-43.0199;D4
GL-43.0199;S1
GL-43.0199;S2
GL-43.0199;S3
GL-43.0201;D3
GL-43.0201;D4
GL-43.0201;S1
GL-43.0201;S2
GL-43.0201;S3
GL-43.0202;D3
GL-43.0202;D4
GL-43.0202;S1
GL-43.0202;S2
GL-43.0202;S3
GL-43.0203;D3
GL-43.0203;D4
GL-43.0203;S1
GL-43.0203;S2
GL-43.0203;S3
GL-43.0204;D3
GL-43.0204;D4
GL-43.0204;S1
GL-43.0204;S2
GL-43.0204;S3
GL-43.0205;D3
GL-43.0205;D4
GL-43.0205;S1
GL-43.0205;S2
GL-43.0205;S3
GL-43.0206;D3
GL-43.0206;D4
GL-43.0206;S1
GL-43.0206;S2
GL-43.0206;S3
GL-43.0299;D3
GL-43.0299;D4
GL-43.0299;S1
GL-43.0299;S2
GL-43.0299;S3
GL-43.0301;D3
GL-43.0301;D4
GL-43.0301;S1
GL-43.0301;S2
GL-43.0301;S3
GL-43.0302;D3
GL-43.0302;D4
GL-43.0302;S1
GL-43.0302;S2
GL-43.0302;S3
GL-43.0303;D3
GL-43.0303;D4
GL-43.0303;S1
GL-43.0303;S2
GL-43.0303;S3
GL-43.0304;D3
GL-43.0304;D4
GL-43.0304;S1
GL-43.0304;S2
GL-43.0304;S3
GL-43.0399;D3
GL-43.0399;D4
GL-43.0399;S1
GL-43.0399;S2
GL-43.0399;S3
GL-43.0401;D3
GL-43.0401;D4
GL-43.0401;S1
GL-43.0401;S2
GL-43.0401;S3
GL-43.0402;D3
GL-43.0402;D4
GL-43.0402;S1
GL-43.0402;S2
GL-43.0402;S3
GL-43.0403;D3
GL-43.0403;D4
GL-43.0403;S1
GL-43.0403;S2
GL-43.0403;S3
GL-43.0404;D3
GL-43.0404;D4
GL-43.0404;S1
GL-43.0404;S2
GL-43.0404;S3
GL-43.0405;D3
GL-43.0405;D4
GL-43.0405;S1
GL-43.0405;S2
GL-43.0405;S3
GL-43.0406;D3
GL-43.0406;D4
GL-43.0406;S1
GL-43.0406;S2
GL-43.0406;S3
GL-43.0407;D3
GL-43.0407;D4
GL-43.0407;S1
GL-43.0407;S2
GL-43.0407;S3
GL-43.0408;D3
GL-43.0408;D4
GL-43.0408;S1
GL-43.0408;S2
GL-43.0408;S3
GL-43.0499;D3
GL-43.0499;D4
GL-43.0499;S1
GL-43.0499;S2
GL-43.0499;S3
GL-43.9999;D3
GL-43.9999;D4
GL-43.9999;S1
GL-43.9999;S2
GL-43.9999;S3
GL-44.0000;D3
GL-44.0000;D4
GL-44.0000;S1
GL-44.0000;S2
GL-44.0000;S3
GL-44.0201;D3
GL-44.0201;D4
GL-44.0201;S1
GL-44.0201;S2
GL-44.0201;S3
GL-44.0401;D3
GL-44.0401;D4
GL-44.0401;S1
GL-44.0401;S2
GL-44.0401;S3
GL-44.0402;D3
GL-44.0402;D4
GL-44.0402;S1
GL-44.0402;S2
GL-44.0402;S3
GL-44.0403;D3
GL-44.0403;D4
GL-44.0403;S1
GL-44.0403;S2
GL-44.0403;S3
GL-44.0499;D3
GL-44.0499;D4
GL-44.0499;S1
GL-44.0499;S2
GL-44.0499;S3
GL-44.0501;D3
GL-44.0501;D4
GL-44.0501;S1
GL-44.0501;S2
GL-44.0501;S3
GL-44.0502;D3
GL-44.0502;D4
GL-44.0502;S1
GL-44.0502;S2
GL-44.0502;S3
GL-44.0503;D3
GL-44.0503;D4
GL-44.0503;S1
GL-44.0503;S2
GL-44.0503;S3
GL-44.0504;D3
GL-44.0504;D4
GL-44.0504;S1
GL-44.0504;S2
GL-44.0504;S3
GL-44.0599;D3
GL-44.0599;D4
GL-44.0599;S1
GL-44.0599;S2
GL-44.0599;S3
GL-44.0701;D3
GL-44.0701;D4
GL-44.0701;S1
GL-44.0701;S2
GL-44.0701;S3
GL-44.0702;D3
GL-44.0702;D4
GL-44.0702;S1
GL-44.0702;S2
GL-44.0702;S3
GL-44.0703;D3
GL-44.0703;D4
GL-44.0703;S1
GL-44.0703;S2
GL-44.0703;S3
GL-44.0799;D3
GL-44.0799;D4
GL-44.0799;S1
GL-44.0799;S2
GL-44.0799;S3
GL-44.9999;D3
GL-44.9999;D4
GL-44.9999;S1
GL-44.9999;S2
GL-44.9999;S3
GL-45.0101;D3
GL-45.0101;D4
GL-45.0101;S1
GL-45.0101;S2
GL-45.0101;S3
GL-45.0102;D3
GL-45.0102;D4
GL-45.0102;S1
GL-45.0102;S2
GL-45.0102;S3
GL-45.0103;D3
GL-45.0103;D4
GL-45.0103;S1
GL-45.0103;S2
GL-45.0103;S3
GL-45.0199;D3
GL-45.0199;D4
GL-45.0199;S1
GL-45.0199;S2
GL-45.0199;S3
GL-45.0201;D3
GL-45.0201;D4
GL-45.0201;S1
GL-45.0201;S2
GL-45.0201;S3
GL-45.0202;D3
GL-45.0202;D4
GL-45.0202;S1
GL-45.0202;S2
GL-45.0202;S3
GL-45.0203;D3
GL-45.0203;D4
GL-45.0203;S1
GL-45.0203;S2
GL-45.0203;S3
GL-45.0204;D3
GL-45.0204;D4
GL-45.0204;S1
GL-45.0204;S2
GL-45.0204;S3
GL-45.0205;D3
GL-45.0205;D4
GL-45.0205;S1
GL-45.0205;S2
GL-45.0205;S3
GL-45.0299;D3
GL-45.0299;D4
GL-45.0299;S1
GL-45.0299;S2
GL-45.0299;S3
GL-45.0301;D3
GL-45.0301;D4
GL-45.0301;S1
GL-45.0301;S2
GL-45.0301;S3
GL-45.0401;D3
GL-45.0401;D4
GL-45.0401;S1
GL-45.0401;S2
GL-45.0401;S3
GL-45.0501;D3
GL-45.0501;D4
GL-45.0501;S1
GL-45.0501;S2
GL-45.0501;S3
GL-45.0502;D3
GL-45.0502;D4
GL-45.0502;S1
GL-45.0502;S2
GL-45.0502;S3
GL-45.0599;D3
GL-45.0599;D4
GL-45.0599;S1
GL-45.0599;S2
GL-45.0599;S3
GL-45.0601;D3
GL-45.0601;D4
GL-45.0601;S1
GL-45.0601;S2
GL-45.0601;S3
GL-45.0602;D3
GL-45.0602;D4
GL-45.0602;S1
GL-45.0602;S2
GL-45.0602;S3
GL-45.0603;D3
GL-45.0603;D4
GL-45.0603;S1
GL-45.0603;S2
GL-45.0603;S3
GL-45.0604;D3
GL-45.0604;D4
GL-45.0604;S1
GL-45.0604;S2
GL-45.0604;S3
GL-45.0605;D3
GL-45.0605;D4
GL-45.0605;S1
GL-45.0605;S2
GL-45.0605;S3
GL-45.0699;D3
GL-45.0699;D4
GL-45.0699;S1
GL-45.0699;S2
GL-45.0699;S3
GL-45.0701;D3
GL-45.0701;D4
GL-45.0701;S1
GL-45.0701;S2
GL-45.0701;S3
GL-45.0702;D3
GL-45.0702;D4
GL-45.0702;S1
GL-45.0702;S2
GL-45.0702;S3
GL-45.0799;D3
GL-45.0799;D4
GL-45.0799;S1
GL-45.0799;S2
GL-45.0799;S3
GL-45.0901;D3
GL-45.0901;D4
GL-45.0901;S1
GL-45.0901;S2
GL-45.0901;S3
GL-45.0902;D3
GL-45.0902;D4
GL-45.0902;S1
GL-45.0902;S2
GL-45.0902;S3
GL-45.0999;D3
GL-45.0999;D4
GL-45.0999;S1
GL-45.0999;S2
GL-45.0999;S3
GL-45.1001;D3
GL-45.1001;D4
GL-45.1001;S1
GL-45.1001;S2
GL-45.1001;S3
GL-45.1002;D3
GL-45.1002;D4
GL-45.1002;S1
GL-45.1002;S2
GL-45.1002;S3
GL-45.1003;D3
GL-45.1003;D4
GL-45.1003;S1
GL-45.1003;S2
GL-45.1003;S3
GL-45.1004;D3
GL-45.1004;D4
GL-45.1004;S1
GL-45.1004;S2
GL-45.1004;S3
GL-45.1099;D3
GL-45.1099;D4
GL-45.1099;S1
GL-45.1099;S2
GL-45.1099;S3
GL-45.1101;D3
GL-45.1101;D4
GL-45.1101;S1
GL-45.1101;S2
GL-45.1101;S3
GL-45.1102;D3
GL-45.1102;D4
GL-45.1102;S1
GL-45.1102;S2
GL-45.1102;S3
GL-45.1103;D3
GL-45.1103;D4
GL-45.1103;S1
GL-45.1103;S2
GL-45.1103;S3
GL-45.1199;D3
GL-45.1199;D4
GL-45.1199;S1
GL-45.1199;S2
GL-45.1199;S3
GL-45.1201;D3
GL-45.1201;D4
GL-45.1201;S1
GL-45.1201;S2
GL-45.1201;S3
GL-45.1301;D3
GL-45.1301;D4
GL-45.1301;S1
GL-45.1301;S2
GL-45.1301;S3
GL-45.1401;D3
GL-45.1401;D4
GL-45.1401;S1
GL-45.1401;S2
GL-45.1401;S3
GL-45.1501;D3
GL-45.1501;D4
GL-45.1501;S1
GL-45.1501;S2
GL-45.1501;S3
GL-45.9999;D3
GL-45.9999;D4
GL-45.9999;S1
GL-45.9999;S2
GL-45.9999;S3
GL-46.0000;D3
GL-46.0000;D4
GL-46.0000;S1
GL-46.0000;S2
GL-46.0000;S3
GL-46.0101;D3
GL-46.0101;D4
GL-46.0101;S1
GL-46.0101;S2
GL-46.0101;S3
GL-46.0201;D3
GL-46.0201;D4
GL-46.0201;S1
GL-46.0201;S2
GL-46.0201;S3
GL-46.0301;D3
GL-46.0301;D4
GL-46.0301;S1
GL-46.0301;S2
GL-46.0301;S3
GL-46.0302;D3
GL-46.0302;D4
GL-46.0302;S1
GL-46.0302;S2
GL-46.0302;S3
GL-46.0303;D3
GL-46.0303;D4
GL-46.0303;S1
GL-46.0303;S2
GL-46.0303;S3
GL-46.0399;D3
GL-46.0399;D4
GL-46.0399;S1
GL-46.0399;S2
GL-46.0399;S3
GL-46.0401;D3
GL-46.0401;D4
GL-46.0401;S1
GL-46.0401;S2
GL-46.0401;S3
GL-46.0402;D3
GL-46.0402;D4
GL-46.0402;S1
GL-46.0402;S2
GL-46.0402;S3
GL-46.0403;D3
GL-46.0403;D4
GL-46.0403;S1
GL-46.0403;S2
GL-46.0403;S3
GL-46.0404;D3
GL-46.0404;D4
GL-46.0404;S1
GL-46.0404;S2
GL-46.0404;S3
GL-46.0406;D3
GL-46.0406;D4
GL-46.0406;S1
GL-46.0406;S2
GL-46.0406;S3
GL-46.0408;D3
GL-46.0408;D4
GL-46.0408;S1
GL-46.0408;S2
GL-46.0408;S3
GL-46.0410;D3
GL-46.0410;D4
GL-46.0410;S1
GL-46.0410;S2
GL-46.0410;S3
GL-46.0411;D3
GL-46.0411;D4
GL-46.0411;S1
GL-46.0411;S2
GL-46.0411;S3
GL-46.0412;D3
GL-46.0412;D4
GL-46.0412;S1
GL-46.0412;S2
GL-46.0412;S3
GL-46.0413;D3
GL-46.0413;D4
GL-46.0413;S1
GL-46.0413;S2
GL-46.0413;S3
GL-46.0414;D3
GL-46.0414;D4
GL-46.0414;S1
GL-46.0414;S2
GL-46.0414;S3
GL-46.0415;D3
GL-46.0415;D4
GL-46.0415;S1
GL-46.0415;S2
GL-46.0415;S3
GL-46.0499;D3
GL-46.0499;D4
GL-46.0499;S1
GL-46.0499;S2
GL-46.0499;S3
GL-46.0502;D3
GL-46.0502;D4
GL-46.0502;S1
GL-46.0502;S2
GL-46.0502;S3
GL-46.0503;D3
GL-46.0503;D4
GL-46.0503;S1
GL-46.0503;S2
GL-46.0503;S3
GL-46.0504;D3
GL-46.0504;D4
GL-46.0504;S1
GL-46.0504;S2
GL-46.0504;S3
GL-46.0505;D3
GL-46.0505;D4
GL-46.0505;S1
GL-46.0505;S2
GL-46.0505;S3
GL-46.0599;D3
GL-46.0599;D4
GL-46.0599;S1
GL-46.0599;S2
GL-46.0599;S3
GL-46.9999;D3
GL-46.9999;D4
GL-46.9999;S1
GL-46.9999;S2
GL-46.9999;S3
GL-47.0000;D3
GL-47.0000;D4
GL-47.0000;S1
GL-47.0000;S2
GL-47.0000;S3
GL-47.0101;D3
GL-47.0101;D4
GL-47.0101;S1
GL-47.0101;S2
GL-47.0101;S3
GL-47.0102;D3
GL-47.0102;D4
GL-47.0102;S1
GL-47.0102;S2
GL-47.0102;S3
GL-47.0103;D3
GL-47.0103;D4
GL-47.0103;S1
GL-47.0103;S2
GL-47.0103;S3
GL-47.0104;D3
GL-47.0104;D4
GL-47.0104;S1
GL-47.0104;S2
GL-47.0104;S3
GL-47.0105;D3
GL-47.0105;D4
GL-47.0105;S1
GL-47.0105;S2
GL-47.0105;S3
GL-47.0106;D3
GL-47.0106;D4
GL-47.0106;S1
GL-47.0106;S2
GL-47.0106;S3
GL-47.0110;D3
GL-47.0110;D4
GL-47.0110;S1
GL-47.0110;S2
GL-47.0110;S3
GL-47.0199;D3
GL-47.0199;D4
GL-47.0199;S1
GL-47.0199;S2
GL-47.0199;S3
GL-47.0201;D3
GL-47.0201;D4
GL-47.0201;S1
GL-47.0201;S2
GL-47.0201;S3
GL-47.0302;D3
GL-47.0302;D4
GL-47.0302;S1
GL-47.0302;S2
GL-47.0302;S3
GL-47.0303;D3
GL-47.0303;D4
GL-47.0303;S1
GL-47.0303;S2
GL-47.0303;S3
GL-47.0399;D3
GL-47.0399;D4
GL-47.0399;S1
GL-47.0399;S2
GL-47.0399;S3
GL-47.0402;D3
GL-47.0402;D4
GL-47.0402;S1
GL-47.0402;S2
GL-47.0402;S3
GL-47.0403;D3
GL-47.0403;D4
GL-47.0403;S1
GL-47.0403;S2
GL-47.0403;S3
GL-47.0404;D3
GL-47.0404;D4
GL-47.0404;S1
GL-47.0404;S2
GL-47.0404;S3
GL-47.0408;D3
GL-47.0408;D4
GL-47.0408;S1
GL-47.0408;S2
GL-47.0408;S3
GL-47.0409;D3
GL-47.0409;D4
GL-47.0409;S1
GL-47.0409;S2
GL-47.0409;S3
GL-47.0499;D3
GL-47.0499;D4
GL-47.0499;S1
GL-47.0499;S2
GL-47.0499;S3
GL-47.0600;D3
GL-47.0600;D4
GL-47.0600;S1
GL-47.0600;S2
GL-47.0600;S3
GL-47.0603;D3
GL-47.0603;D4
GL-47.0603;S1
GL-47.0603;S2
GL-47.0603;S3
GL-47.0604;D3
GL-47.0604;D4
GL-47.0604;S1
GL-47.0604;S2
GL-47.0604;S3
GL-47.0605;D3
GL-47.0605;D4
GL-47.0605;S1
GL-47.0605;S2
GL-47.0605;S3
GL-47.0606;D3
GL-47.0606;D4
GL-47.0606;S1
GL-47.0606;S2
GL-47.0606;S3
GL-47.0607;D3
GL-47.0607;D4
GL-47.0607;S1
GL-47.0607;S2
GL-47.0607;S3
GL-47.0608;D3
GL-47.0608;D4
GL-47.0608;S1
GL-47.0608;S2
GL-47.0608;S3
GL-47.0609;D3
GL-47.0609;D4
GL-47.0609;S1
GL-47.0609;S2
GL-47.0609;S3
GL-47.0610;D3
GL-47.0610;D4
GL-47.0610;S1
GL-47.0610;S2
GL-47.0610;S3
GL-47.0611;D3
GL-47.0611;D4
GL-47.0611;S1
GL-47.0611;S2
GL-47.0611;S3
GL-47.0612;D3
GL-47.0612;D4
GL-47.0612;S1
GL-47.0612;S2
GL-47.0612;S3
GL-47.0613;D3
GL-47.0613;D4
GL-47.0613;S1
GL-47.0613;S2
GL-47.0613;S3
GL-47.0614;D3
GL-47.0614;D4
GL-47.0614;S1
GL-47.0614;S2
GL-47.0614;S3
GL-47.0615;D3
GL-47.0615;D4
GL-47.0615;S1
GL-47.0615;S2
GL-47.0615;S3
GL-47.0616;D3
GL-47.0616;D4
GL-47.0616;S1
GL-47.0616;S2
GL-47.0616;S3
GL-47.0617;D3
GL-47.0617;D4
GL-47.0617;S1
GL-47.0617;S2
GL-47.0617;S3
GL-47.0618;D3
GL-47.0618;D4
GL-47.0618;S1
GL-47.0618;S2
GL-47.0618;S3
GL-47.0699;D3
GL-47.0699;D4
GL-47.0699;S1
GL-47.0699;S2
GL-47.0699;S3
GL-47.0701;D3
GL-47.0701;D4
GL-47.0701;S1
GL-47.0701;S2
GL-47.0701;S3
GL-47.0703;D3
GL-47.0703;D4
GL-47.0703;S1
GL-47.0703;S2
GL-47.0703;S3
GL-47.0704;D3
GL-47.0704;D4
GL-47.0704;S1
GL-47.0704;S2
GL-47.0704;S3
GL-47.0705;D3
GL-47.0705;D4
GL-47.0705;S1
GL-47.0705;S2
GL-47.0705;S3
GL-47.0706;D3
GL-47.0706;D4
GL-47.0706;S1
GL-47.0706;S2
GL-47.0706;S3
GL-47.0799;D3
GL-47.0799;D4
GL-47.0799;S1
GL-47.0799;S2
GL-47.0799;S3
GL-47.9999;D3
GL-47.9999;D4
GL-47.9999;S1
GL-47.9999;S2
GL-47.9999;S3
GL-48.0000;D3
GL-48.0000;D4
GL-48.0000;S1
GL-48.0000;S2
GL-48.0000;S3
GL-48.0303;D3
GL-48.0303;D4
GL-48.0303;S1
GL-48.0303;S2
GL-48.0303;S3
GL-48.0304;D3
GL-48.0304;D4
GL-48.0304;S1
GL-48.0304;S2
GL-48.0304;S3
GL-48.0399;D3
GL-48.0399;D4
GL-48.0399;S1
GL-48.0399;S2
GL-48.0399;S3
GL-48.0501;D3
GL-48.0501;D4
GL-48.0501;S1
GL-48.0501;S2
GL-48.0501;S3
GL-48.0503;D3
GL-48.0503;D4
GL-48.0503;S1
GL-48.0503;S2
GL-48.0503;S3
GL-48.0506;D3
GL-48.0506;D4
GL-48.0506;S1
GL-48.0506;S2
GL-48.0506;S3
GL-48.0507;D3
GL-48.0507;D4
GL-48.0507;S1
GL-48.0507;S2
GL-48.0507;S3
GL-48.0508;D3
GL-48.0508;D4
GL-48.0508;S1
GL-48.0508;S2
GL-48.0508;S3
GL-48.0509;D3
GL-48.0509;D4
GL-48.0509;S1
GL-48.0509;S2
GL-48.0509;S3
GL-48.0510;D3
GL-48.0510;D4
GL-48.0510;S1
GL-48.0510;S2
GL-48.0510;S3
GL-48.0511;D3
GL-48.0511;D4
GL-48.0511;S1
GL-48.0511;S2
GL-48.0511;S3
GL-48.0599;D3
GL-48.0599;D4
GL-48.0599;S1
GL-48.0599;S2
GL-48.0599;S3
GL-48.0701;D3
GL-48.0701;D4
GL-48.0701;S1
GL-48.0701;S2
GL-48.0701;S3
GL-48.0702;D3
GL-48.0702;D4
GL-48.0702;S1
GL-48.0702;S2
GL-48.0702;S3
GL-48.0703;D3
GL-48.0703;D4
GL-48.0703;S1
GL-48.0703;S2
GL-48.0703;S3
GL-48.0704;D3
GL-48.0704;D4
GL-48.0704;S1
GL-48.0704;S2
GL-48.0704;S3
GL-48.0799;D3
GL-48.0799;D4
GL-48.0799;S1
GL-48.0799;S2
GL-48.0799;S3
GL-48.0801;D3
GL-48.0801;D4
GL-48.0801;S1
GL-48.0801;S2
GL-48.0801;S3
GL-48.9999;D3
GL-48.9999;D4
GL-48.9999;S1
GL-48.9999;S2
GL-48.9999;S3
GL-49.0101;D3
GL-49.0101;D4
GL-49.0101;S1
GL-49.0101;S2
GL-49.0101;S3
GL-49.0102;D3
GL-49.0102;D4
GL-49.0102;S1
GL-49.0102;S2
GL-49.0102;S3
GL-49.0104;D3
GL-49.0104;D4
GL-49.0104;S1
GL-49.0104;S2
GL-49.0104;S3
GL-49.0105;D3
GL-49.0105;D4
GL-49.0105;S1
GL-49.0105;S2
GL-49.0105;S3
GL-49.0106;D3
GL-49.0106;D4
GL-49.0106;S1
GL-49.0106;S2
GL-49.0106;S3
GL-49.0108;D3
GL-49.0108;D4
GL-49.0108;S1
GL-49.0108;S2
GL-49.0108;S3
GL-49.0109;D3
GL-49.0109;D4
GL-49.0109;S1
GL-49.0109;S2
GL-49.0109;S3
GL-49.0199;D3
GL-49.0199;D4
GL-49.0199;S1
GL-49.0199;S2
GL-49.0199;S3
GL-49.0202;D3
GL-49.0202;D4
GL-49.0202;S1
GL-49.0202;S2
GL-49.0202;S3
GL-49.0205;D3
GL-49.0205;D4
GL-49.0205;S1
GL-49.0205;S2
GL-49.0205;S3
GL-49.0206;D3
GL-49.0206;D4
GL-49.0206;S1
GL-49.0206;S2
GL-49.0206;S3
GL-49.0207;D3
GL-49.0207;D4
GL-49.0207;S1
GL-49.0207;S2
GL-49.0207;S3
GL-49.0208;D3
GL-49.0208;D4
GL-49.0208;S1
GL-49.0208;S2
GL-49.0208;S3
GL-49.0209;D3
GL-49.0209;D4
GL-49.0209;S1
GL-49.0209;S2
GL-49.0209;S3
GL-49.0299;D3
GL-49.0299;D4
GL-49.0299;S1
GL-49.0299;S2
GL-49.0299;S3
GL-49.0303;D3
GL-49.0303;D4
GL-49.0303;S1
GL-49.0303;S2
GL-49.0303;S3
GL-49.0304;D3
GL-49.0304;D4
GL-49.0304;S1
GL-49.0304;S2
GL-49.0304;S3
GL-49.0309;D3
GL-49.0309;D4
GL-49.0309;S1
GL-49.0309;S2
GL-49.0309;S3
GL-49.0399;D3
GL-49.0399;D4
GL-49.0399;S1
GL-49.0399;S2
GL-49.0399;S3
GL-49.9999;D3
GL-49.9999;D4
GL-49.9999;S1
GL-49.9999;S2
GL-49.9999;S3
GL-50.0101;D3
GL-50.0101;D4
GL-50.0101;S1
GL-50.0101;S2
GL-50.0101;S3
GL-50.0102;D3
GL-50.0102;D4
GL-50.0102;S1
GL-50.0102;S2
GL-50.0102;S3
GL-50.0201;D3
GL-50.0201;D4
GL-50.0201;S1
GL-50.0201;S2
GL-50.0201;S3
GL-50.0301;D3
GL-50.0301;D4
GL-50.0301;S1
GL-50.0301;S2
GL-50.0301;S3
GL-50.0302;D3
GL-50.0302;D4
GL-50.0302;S1
GL-50.0302;S2
GL-50.0302;S3
GL-50.0399;D3
GL-50.0399;D4
GL-50.0399;S1
GL-50.0399;S2
GL-50.0399;S3
GL-50.0401;D3
GL-50.0401;D4
GL-50.0401;S1
GL-50.0401;S2
GL-50.0401;S3
GL-50.0402;D3
GL-50.0402;D4
GL-50.0402;S1
GL-50.0402;S2
GL-50.0402;S3
GL-50.0404;D3
GL-50.0404;D4
GL-50.0404;S1
GL-50.0404;S2
GL-50.0404;S3
GL-50.0406;D3
GL-50.0406;D4
GL-50.0406;S1
GL-50.0406;S2
GL-50.0406;S3
GL-50.0407;D3
GL-50.0407;D4
GL-50.0407;S1
GL-50.0407;S2
GL-50.0407;S3
GL-50.0408;D3
GL-50.0408;D4
GL-50.0408;S1
GL-50.0408;S2
GL-50.0408;S3
GL-50.0409;D3
GL-50.0409;D4
GL-50.0409;S1
GL-50.0409;S2
GL-50.0409;S3
GL-50.0410;D3
GL-50.0410;D4
GL-50.0410;S1
GL-50.0410;S2
GL-50.0410;S3
GL-50.0411;D3
GL-50.0411;D4
GL-50.0411;S1
GL-50.0411;S2
GL-50.0411;S3
GL-50.0499;D3
GL-50.0499;D4
GL-50.0499;S1
GL-50.0499;S2
GL-50.0499;S3
GL-50.0501;D3
GL-50.0501;D4
GL-50.0501;S1
GL-50.0501;S2
GL-50.0501;S3
GL-50.0502;D3
GL-50.0502;D4
GL-50.0502;S1
GL-50.0502;S2
GL-50.0502;S3
GL-50.0504;D3
GL-50.0504;D4
GL-50.0504;S1
GL-50.0504;S2
GL-50.0504;S3
GL-50.0505;D3
GL-50.0505;D4
GL-50.0505;S1
GL-50.0505;S2
GL-50.0505;S3
GL-50.0506;D3
GL-50.0506;D4
GL-50.0506;S1
GL-50.0506;S2
GL-50.0506;S3
GL-50.0507;D3
GL-50.0507;D4
GL-50.0507;S1
GL-50.0507;S2
GL-50.0507;S3
GL-50.0509;D3
GL-50.0509;D4
GL-50.0509;S1
GL-50.0509;S2
GL-50.0509;S3
GL-50.0510;D3
GL-50.0510;D4
GL-50.0510;S1
GL-50.0510;S2
GL-50.0510;S3
GL-50.0511;D3
GL-50.0511;D4
GL-50.0511;S1
GL-50.0511;S2
GL-50.0511;S3
GL-50.0512;D3
GL-50.0512;D4
GL-50.0512;S1
GL-50.0512;S2
GL-50.0512;S3
GL-50.0599;D3
GL-50.0599;D4
GL-50.0599;S1
GL-50.0599;S2
GL-50.0599;S3
GL-50.0601;D3
GL-50.0601;D4
GL-50.0601;S1
GL-50.0601;S2
GL-50.0601;S3
GL-50.0602;D3
GL-50.0602;D4
GL-50.0602;S1
GL-50.0602;S2
GL-50.0602;S3
GL-50.0605;D3
GL-50.0605;D4
GL-50.0605;S1
GL-50.0605;S2
GL-50.0605;S3
GL-50.0607;D3
GL-50.0607;D4
GL-50.0607;S1
GL-50.0607;S2
GL-50.0607;S3
GL-50.0699;D3
GL-50.0699;D4
GL-50.0699;S1
GL-50.0699;S2
GL-50.0699;S3
GL-50.0701;D3
GL-50.0701;D4
GL-50.0701;S1
GL-50.0701;S2
GL-50.0701;S3
GL-50.0702;D3
GL-50.0702;D4
GL-50.0702;S1
GL-50.0702;S2
GL-50.0702;S3
GL-50.0703;D3
GL-50.0703;D4
GL-50.0703;S1
GL-50.0703;S2
GL-50.0703;S3
GL-50.0705;D3
GL-50.0705;D4
GL-50.0705;S1
GL-50.0705;S2
GL-50.0705;S3
GL-50.0706;D3
GL-50.0706;D4
GL-50.0706;S1
GL-50.0706;S2
GL-50.0706;S3
GL-50.0708;D3
GL-50.0708;D4
GL-50.0708;S1
GL-50.0708;S2
GL-50.0708;S3
GL-50.0709;D3
GL-50.0709;D4
GL-50.0709;S1
GL-50.0709;S2
GL-50.0709;S3
GL-50.0710;D3
GL-50.0710;D4
GL-50.0710;S1
GL-50.0710;S2
GL-50.0710;S3
GL-50.0711;D3
GL-50.0711;D4
GL-50.0711;S1
GL-50.0711;S2
GL-50.0711;S3
GL-50.0712;D3
GL-50.0712;D4
GL-50.0712;S1
GL-50.0712;S2
GL-50.0712;S3
GL-50.0713;D3
GL-50.0713;D4
GL-50.0713;S1
GL-50.0713;S2
GL-50.0713;S3
GL-50.0714;D3
GL-50.0714;D4
GL-50.0714;S1
GL-50.0714;S2
GL-50.0714;S3
GL-50.0799;D3
GL-50.0799;D4
GL-50.0799;S1
GL-50.0799;S2
GL-50.0799;S3
GL-50.0901;D3
GL-50.0901;D4
GL-50.0901;S1
GL-50.0901;S2
GL-50.0901;S3
GL-50.0902;D3
GL-50.0902;D4
GL-50.0902;S1
GL-50.0902;S2
GL-50.0902;S3
GL-50.0903;D3
GL-50.0903;D4
GL-50.0903;S1
GL-50.0903;S2
GL-50.0903;S3
GL-50.0904;D3
GL-50.0904;D4
GL-50.0904;S1
GL-50.0904;S2
GL-50.0904;S3
GL-50.0905;D3
GL-50.0905;D4
GL-50.0905;S1
GL-50.0905;S2
GL-50.0905;S3
GL-50.0906;D3
GL-50.0906;D4
GL-50.0906;S1
GL-50.0906;S2
GL-50.0906;S3
GL-50.0907;D3
GL-50.0907;D4
GL-50.0907;S1
GL-50.0907;S2
GL-50.0907;S3
GL-50.0908;D3
GL-50.0908;D4
GL-50.0908;S1
GL-50.0908;S2
GL-50.0908;S3
GL-50.0910;D3
GL-50.0910;D4
GL-50.0910;S1
GL-50.0910;S2
GL-50.0910;S3
GL-50.0911;D3
GL-50.0911;D4
GL-50.0911;S1
GL-50.0911;S2
GL-50.0911;S3
GL-50.0912;D3
GL-50.0912;D4
GL-50.0912;S1
GL-50.0912;S2
GL-50.0912;S3
GL-50.0913;D3
GL-50.0913;D4
GL-50.0913;S1
GL-50.0913;S2
GL-50.0913;S3
GL-50.0914;D3
GL-50.0914;D4
GL-50.0914;S1
GL-50.0914;S2
GL-50.0914;S3
GL-50.0915;D3
GL-50.0915;D4
GL-50.0915;S1
GL-50.0915;S2
GL-50.0915;S3
GL-50.0916;D3
GL-50.0916;D4
GL-50.0916;S1
GL-50.0916;S2
GL-50.0916;S3
GL-50.0917;D3
GL-50.0917;D4
GL-50.0917;S1
GL-50.0917;S2
GL-50.0917;S3
GL-50.0999;D3
GL-50.0999;D4
GL-50.0999;S1
GL-50.0999;S2
GL-50.0999;S3
GL-50.1001;D3
GL-50.1001;D4
GL-50.1001;S1
GL-50.1001;S2
GL-50.1001;S3
GL-50.1002;D3
GL-50.1002;D4
GL-50.1002;S1
GL-50.1002;S2
GL-50.1002;S3
GL-50.1003;D3
GL-50.1003;D4
GL-50.1003;S1
GL-50.1003;S2
GL-50.1003;S3
GL-50.1004;D3
GL-50.1004;D4
GL-50.1004;S1
GL-50.1004;S2
GL-50.1004;S3
GL-50.1099;D3
GL-50.1099;D4
GL-50.1099;S1
GL-50.1099;S2
GL-50.1099;S3
GL-50.1101;D3
GL-50.1101;D4
GL-50.1101;S1
GL-50.1101;S2
GL-50.1101;S3
GL-50.9999;D3
GL-50.9999;D4
GL-50.9999;S1
GL-50.9999;S2
GL-50.9999;S3
GL-51.0000;D3
GL-51.0000;D4
GL-51.0000;S1
GL-51.0000;S2
GL-51.0000;S3
GL-51.0001;D3
GL-51.0001;D4
GL-51.0001;S1
GL-51.0001;S2
GL-51.0001;S3
GL-51.0101;D3
GL-51.0101;D4
GL-51.0101;S1
GL-51.0101;S2
GL-51.0101;S3
GL-51.0201;D3
GL-51.0201;D4
GL-51.0201;S1
GL-51.0201;S2
GL-51.0201;S3
GL-51.0202;D3
GL-51.0202;D4
GL-51.0202;S1
GL-51.0202;S2
GL-51.0202;S3
GL-51.0203;D3
GL-51.0203;D4
GL-51.0203;S1
GL-51.0203;S2
GL-51.0203;S3
GL-51.0204;D3
GL-51.0204;D4
GL-51.0204;S1
GL-51.0204;S2
GL-51.0204;S3
GL-51.0299;D3
GL-51.0299;D4
GL-51.0299;S1
GL-51.0299;S2
GL-51.0299;S3
GL-51.0401;D3
GL-51.0401;D4
GL-51.0401;S1
GL-51.0401;S2
GL-51.0401;S3
GL-51.0501;D3
GL-51.0501;D4
GL-51.0501;S1
GL-51.0501;S2
GL-51.0501;S3
GL-51.0502;D3
GL-51.0502;D4
GL-51.0502;S1
GL-51.0502;S2
GL-51.0502;S3
GL-51.0503;D3
GL-51.0503;D4
GL-51.0503;S1
GL-51.0503;S2
GL-51.0503;S3
GL-51.0504;D3
GL-51.0504;D4
GL-51.0504;S1
GL-51.0504;S2
GL-51.0504;S3
GL-51.0505;D3
GL-51.0505;D4
GL-51.0505;S1
GL-51.0505;S2
GL-51.0505;S3
GL-51.0506;D3
GL-51.0506;D4
GL-51.0506;S1
GL-51.0506;S2
GL-51.0506;S3
GL-51.0507;D3
GL-51.0507;D4
GL-51.0507;S1
GL-51.0507;S2
GL-51.0507;S3
GL-51.0508;D3
GL-51.0508;D4
GL-51.0508;S1
GL-51.0508;S2
GL-51.0508;S3
GL-51.0509;D3
GL-51.0509;D4
GL-51.0509;S1
GL-51.0509;S2
GL-51.0509;S3
GL-51.0510;D3
GL-51.0510;D4
GL-51.0510;S1
GL-51.0510;S2
GL-51.0510;S3
GL-51.0511;D3
GL-51.0511;D4
GL-51.0511;S1
GL-51.0511;S2
GL-51.0511;S3
GL-51.0512;D3
GL-51.0512;D4
GL-51.0512;S1
GL-51.0512;S2
GL-51.0512;S3
GL-51.0513;D3
GL-51.0513;D4
GL-51.0513;S1
GL-51.0513;S2
GL-51.0513;S3
GL-51.0514;D3
GL-51.0514;D4
GL-51.0514;S1
GL-51.0514;S2
GL-51.0514;S3
GL-51.0599;D3
GL-51.0599;D4
GL-51.0599;S1
GL-51.0599;S2
GL-51.0599;S3
GL-51.0601;D3
GL-51.0601;D4
GL-51.0601;S1
GL-51.0601;S2
GL-51.0601;S3
GL-51.0602;D3
GL-51.0602;D4
GL-51.0602;S1
GL-51.0602;S2
GL-51.0602;S3
GL-51.0603;D3
GL-51.0603;D4
GL-51.0603;S1
GL-51.0603;S2
GL-51.0603;S3
GL-51.0699;D3
GL-51.0699;D4
GL-51.0699;S1
GL-51.0699;S2
GL-51.0699;S3
GL-51.0701;D3
GL-51.0701;D4
GL-51.0701;S1
GL-51.0701;S2
GL-51.0701;S3
GL-51.0702;D3
GL-51.0702;D4
GL-51.0702;S1
GL-51.0702;S2
GL-51.0702;S3
GL-51.0703;D3
GL-51.0703;D4
GL-51.0703;S1
GL-51.0703;S2
GL-51.0703;S3
GL-51.0704;D3
GL-51.0704;D4
GL-51.0704;S1
GL-51.0704;S2
GL-51.0704;S3
GL-51.0705;D3
GL-51.0705;D4
GL-51.0705;S1
GL-51.0705;S2
GL-51.0705;S3
GL-51.0706;D3
GL-51.0706;D4
GL-51.0706;S1
GL-51.0706;S2
GL-51.0706;S3
GL-51.0707;D3
GL-51.0707;D4
GL-51.0707;S1
GL-51.0707;S2
GL-51.0707;S3
GL-51.0708;D3
GL-51.0708;D4
GL-51.0708;S1
GL-51.0708;S2
GL-51.0708;S3
GL-51.0709;D3
GL-51.0709;D4
GL-51.0709;S1
GL-51.0709;S2
GL-51.0709;S3
GL-51.0710;D3
GL-51.0710;D4
GL-51.0710;S1
GL-51.0710;S2
GL-51.0710;S3
GL-51.0711;D3
GL-51.0711;D4
GL-51.0711;S1
GL-51.0711;S2
GL-51.0711;S3
GL-51.0712;D3
GL-51.0712;D4
GL-51.0712;S1
GL-51.0712;S2
GL-51.0712;S3
GL-51.0713;D3
GL-51.0713;D4
GL-51.0713;S1
GL-51.0713;S2
GL-51.0713;S3
GL-51.0714;D3
GL-51.0714;D4
GL-51.0714;S1
GL-51.0714;S2
GL-51.0714;S3
GL-51.0715;D3
GL-51.0715;D4
GL-51.0715;S1
GL-51.0715;S2
GL-51.0715;S3
GL-51.0716;D3
GL-51.0716;D4
GL-51.0716;S1
GL-51.0716;S2
GL-51.0716;S3
GL-51.0717;D3
GL-51.0717;D4
GL-51.0717;S1
GL-51.0717;S2
GL-51.0717;S3
GL-51.0718;D3
GL-51.0718;D4
GL-51.0718;S1
GL-51.0718;S2
GL-51.0718;S3
GL-51.0719;D3
GL-51.0719;D4
GL-51.0719;S1
GL-51.0719;S2
GL-51.0719;S3
GL-51.0720;D3
GL-51.0720;D4
GL-51.0720;S1
GL-51.0720;S2
GL-51.0720;S3
GL-51.0721;D3
GL-51.0721;D4
GL-51.0721;S1
GL-51.0721;S2
GL-51.0721;S3
GL-51.0722;D3
GL-51.0722;D4
GL-51.0722;S1
GL-51.0722;S2
GL-51.0722;S3
GL-51.0723;D3
GL-51.0723;D4
GL-51.0723;S1
GL-51.0723;S2
GL-51.0723;S3
GL-51.0799;D3
GL-51.0799;D4
GL-51.0799;S1
GL-51.0799;S2
GL-51.0799;S3
GL-51.0801;D3
GL-51.0801;D4
GL-51.0801;S1
GL-51.0801;S2
GL-51.0801;S3
GL-51.0802;D3
GL-51.0802;D4
GL-51.0802;S1
GL-51.0802;S2
GL-51.0802;S3
GL-51.0803;D3
GL-51.0803;D4
GL-51.0803;S1
GL-51.0803;S2
GL-51.0803;S3
GL-51.0805;D3
GL-51.0805;D4
GL-51.0805;S1
GL-51.0805;S2
GL-51.0805;S3
GL-51.0806;D3
GL-51.0806;D4
GL-51.0806;S1
GL-51.0806;S2
GL-51.0806;S3
GL-51.0808;D3
GL-51.0808;D4
GL-51.0808;S1
GL-51.0808;S2
GL-51.0808;S3
GL-51.0809;D3
GL-51.0809;D4
GL-51.0809;S1
GL-51.0809;S2
GL-51.0809;S3
GL-51.0810;D3
GL-51.0810;D4
GL-51.0810;S1
GL-51.0810;S2
GL-51.0810;S3
GL-51.0811;D3
GL-51.0811;D4
GL-51.0811;S1
GL-51.0811;S2
GL-51.0811;S3
GL-51.0812;D3
GL-51.0812;D4
GL-51.0812;S1
GL-51.0812;S2
GL-51.0812;S3
GL-51.0813;D3
GL-51.0813;D4
GL-51.0813;S1
GL-51.0813;S2
GL-51.0813;S3
GL-51.0814;D3
GL-51.0814;D4
GL-51.0814;S1
GL-51.0814;S2
GL-51.0814;S3
GL-51.0815;D3
GL-51.0815;D4
GL-51.0815;S1
GL-51.0815;S2
GL-51.0815;S3
GL-51.0816;D3
GL-51.0816;D4
GL-51.0816;S1
GL-51.0816;S2
GL-51.0816;S3
GL-51.0899;D3
GL-51.0899;D4
GL-51.0899;S1
GL-51.0899;S2
GL-51.0899;S3
GL-51.0901;D3
GL-51.0901;D4
GL-51.0901;S1
GL-51.0901;S2
GL-51.0901;S3
GL-51.0902;D3
GL-51.0902;D4
GL-51.0902;S1
GL-51.0902;S2
GL-51.0902;S3
GL-51.0903;D3
GL-51.0903;D4
GL-51.0903;S1
GL-51.0903;S2
GL-51.0903;S3
GL-51.0904;D3
GL-51.0904;D4
GL-51.0904;S1
GL-51.0904;S2
GL-51.0904;S3
GL-51.0905;D3
GL-51.0905;D4
GL-51.0905;S1
GL-51.0905;S2
GL-51.0905;S3
GL-51.0906;D3
GL-51.0906;D4
GL-51.0906;S1
GL-51.0906;S2
GL-51.0906;S3
GL-51.0907;D3
GL-51.0907;D4
GL-51.0907;S1
GL-51.0907;S2
GL-51.0907;S3
GL-51.0908;D3
GL-51.0908;D4
GL-51.0908;S1
GL-51.0908;S2
GL-51.0908;S3
GL-51.0909;D3
GL-51.0909;D4
GL-51.0909;S1
GL-51.0909;S2
GL-51.0909;S3
GL-51.0910;D3
GL-51.0910;D4
GL-51.0910;S1
GL-51.0910;S2
GL-51.0910;S3
GL-51.0911;D3
GL-51.0911;D4
GL-51.0911;S1
GL-51.0911;S2
GL-51.0911;S3
GL-51.0912;D3
GL-51.0912;D4
GL-51.0912;S1
GL-51.0912;S2
GL-51.0912;S3
GL-51.0913;D3
GL-51.0913;D4
GL-51.0913;S1
GL-51.0913;S2
GL-51.0913;S3
GL-51.0914;D3
GL-51.0914;D4
GL-51.0914;S1
GL-51.0914;S2
GL-51.0914;S3
GL-51.0915;D3
GL-51.0915;D4
GL-51.0915;S1
GL-51.0915;S2
GL-51.0915;S3
GL-51.0916;D3
GL-51.0916;D4
GL-51.0916;S1
GL-51.0916;S2
GL-51.0916;S3
GL-51.0917;D3
GL-51.0917;D4
GL-51.0917;S1
GL-51.0917;S2
GL-51.0917;S3
GL-51.0918;D3
GL-51.0918;D4
GL-51.0918;S1
GL-51.0918;S2
GL-51.0918;S3
GL-51.0919;D3
GL-51.0919;D4
GL-51.0919;S1
GL-51.0919;S2
GL-51.0919;S3
GL-51.0920;D3
GL-51.0920;D4
GL-51.0920;S1
GL-51.0920;S2
GL-51.0920;S3
GL-51.0921;D3
GL-51.0921;D4
GL-51.0921;S1
GL-51.0921;S2
GL-51.0921;S3
GL-51.0922;D3
GL-51.0922;D4
GL-51.0922;S1
GL-51.0922;S2
GL-51.0922;S3
GL-51.0923;D3
GL-51.0923;D4
GL-51.0923;S1
GL-51.0923;S2
GL-51.0923;S3
GL-51.0999;D3
GL-51.0999;D4
GL-51.0999;S1
GL-51.0999;S2
GL-51.0999;S3
GL-51.1001;D3
GL-51.1001;D4
GL-51.1001;S1
GL-51.1001;S2
GL-51.1001;S3
GL-51.1002;D3
GL-51.1002;D4
GL-51.1002;S1
GL-51.1002;S2
GL-51.1002;S3
GL-51.1003;D3
GL-51.1003;D4
GL-51.1003;S1
GL-51.1003;S2
GL-51.1003;S3
GL-51.1004;D3
GL-51.1004;D4
GL-51.1004;S1
GL-51.1004;S2
GL-51.1004;S3
GL-51.1005;D3
GL-51.1005;D4
GL-51.1005;S1
GL-51.1005;S2
GL-51.1005;S3
GL-51.1006;D3
GL-51.1006;D4
GL-51.1006;S1
GL-51.1006;S2
GL-51.1006;S3
GL-51.1007;D3
GL-51.1007;D4
GL-51.1007;S1
GL-51.1007;S2
GL-51.1007;S3
GL-51.1008;D3
GL-51.1008;D4
GL-51.1008;S1
GL-51.1008;S2
GL-51.1008;S3
GL-51.1009;D3
GL-51.1009;D4
GL-51.1009;S1
GL-51.1009;S2
GL-51.1009;S3
GL-51.1010;D3
GL-51.1010;D4
GL-51.1010;S1
GL-51.1010;S2
GL-51.1010;S3
GL-51.1011;D3
GL-51.1011;D4
GL-51.1011;S1
GL-51.1011;S2
GL-51.1011;S3
GL-51.1012;D3
GL-51.1012;D4
GL-51.1012;S1
GL-51.1012;S2
GL-51.1012;S3
GL-51.1099;D3
GL-51.1099;D4
GL-51.1099;S1
GL-51.1099;S2
GL-51.1099;S3
GL-51.1101;D3
GL-51.1101;D4
GL-51.1101;S1
GL-51.1101;S2
GL-51.1101;S3
GL-51.1102;D3
GL-51.1102;D4
GL-51.1102;S1
GL-51.1102;S2
GL-51.1102;S3
GL-51.1103;D3
GL-51.1103;D4
GL-51.1103;S1
GL-51.1103;S2
GL-51.1103;S3
GL-51.1104;D3
GL-51.1104;D4
GL-51.1104;S1
GL-51.1104;S2
GL-51.1104;S3
GL-51.1105;D3
GL-51.1105;D4
GL-51.1105;S1
GL-51.1105;S2
GL-51.1105;S3
GL-51.1106;D3
GL-51.1106;D4
GL-51.1106;S1
GL-51.1106;S2
GL-51.1106;S3
GL-51.1107;D3
GL-51.1107;D4
GL-51.1107;S1
GL-51.1107;S2
GL-51.1107;S3
GL-51.1108;D3
GL-51.1108;D4
GL-51.1108;S1
GL-51.1108;S2
GL-51.1108;S3
GL-51.1109;D3
GL-51.1109;D4
GL-51.1109;S1
GL-51.1109;S2
GL-51.1109;S3
GL-51.1110;D3
GL-51.1110;D4
GL-51.1110;S1
GL-51.1110;S2
GL-51.1110;S3
GL-51.1111;D3
GL-51.1111;D4
GL-51.1111;S1
GL-51.1111;S2
GL-51.1111;S3
GL-51.1199;D3
GL-51.1199;D4
GL-51.1199;S1
GL-51.1199;S2
GL-51.1199;S3
GL-51.1201;D3
GL-51.1201;D4
GL-51.1201;S1
GL-51.1201;S2
GL-51.1201;S3
GL-51.1202;D3
GL-51.1202;D4
GL-51.1202;S1
GL-51.1202;S2
GL-51.1202;S3
GL-51.1203;D3
GL-51.1203;D4
GL-51.1203;S1
GL-51.1203;S2
GL-51.1203;S3
GL-51.1299;D3
GL-51.1299;D4
GL-51.1299;S1
GL-51.1299;S2
GL-51.1299;S3
GL-51.1401;D3
GL-51.1401;D4
GL-51.1401;S1
GL-51.1401;S2
GL-51.1401;S3
GL-51.1402;D3
GL-51.1402;D4
GL-51.1402;S1
GL-51.1402;S2
GL-51.1402;S3
GL-51.1403;D3
GL-51.1403;D4
GL-51.1403;S1
GL-51.1403;S2
GL-51.1403;S3
GL-51.1404;D3
GL-51.1404;D4
GL-51.1404;S1
GL-51.1404;S2
GL-51.1404;S3
GL-51.1405;D3
GL-51.1405;D4
GL-51.1405;S1
GL-51.1405;S2
GL-51.1405;S3
GL-51.1499;D3
GL-51.1499;D4
GL-51.1499;S1
GL-51.1499;S2
GL-51.1499;S3
GL-51.1501;D3
GL-51.1501;D4
GL-51.1501;S1
GL-51.1501;S2
GL-51.1501;S3
GL-51.1502;D3
GL-51.1502;D4
GL-51.1502;S1
GL-51.1502;S2
GL-51.1502;S3
GL-51.1503;D3
GL-51.1503;D4
GL-51.1503;S1
GL-51.1503;S2
GL-51.1503;S3
GL-51.1504;D3
GL-51.1504;D4
GL-51.1504;S1
GL-51.1504;S2
GL-51.1504;S3
GL-51.1505;D3
GL-51.1505;D4
GL-51.1505;S1
GL-51.1505;S2
GL-51.1505;S3
GL-51.1506;D3
GL-51.1506;D4
GL-51.1506;S1
GL-51.1506;S2
GL-51.1506;S3
GL-51.1507;D3
GL-51.1507;D4
GL-51.1507;S1
GL-51.1507;S2
GL-51.1507;S3
GL-51.1508;D3
GL-51.1508;D4
GL-51.1508;S1
GL-51.1508;S2
GL-51.1508;S3
GL-51.1509;D3
GL-51.1509;D4
GL-51.1509;S1
GL-51.1509;S2
GL-51.1509;S3
GL-51.1510;D3
GL-51.1510;D4
GL-51.1510;S1
GL-51.1510;S2
GL-51.1510;S3
GL-51.1511;D3
GL-51.1511;D4
GL-51.1511;S1
GL-51.1511;S2
GL-51.1511;S3
GL-51.1512;D3
GL-51.1512;D4
GL-51.1512;S1
GL-51.1512;S2
GL-51.1512;S3
GL-51.1513;D3
GL-51.1513;D4
GL-51.1513;S1
GL-51.1513;S2
GL-51.1513;S3
GL-51.1599;D3
GL-51.1599;D4
GL-51.1599;S1
GL-51.1599;S2
GL-51.1599;S3
GL-51.1701;D3
GL-51.1701;D4
GL-51.1701;S1
GL-51.1701;S2
GL-51.1701;S3
GL-51.1801;D3
GL-51.1801;D4
GL-51.1801;S1
GL-51.1801;S2
GL-51.1801;S3
GL-51.1802;D3
GL-51.1802;D4
GL-51.1802;S1
GL-51.1802;S2
GL-51.1802;S3
GL-51.1803;D3
GL-51.1803;D4
GL-51.1803;S1
GL-51.1803;S2
GL-51.1803;S3
GL-51.1804;D3
GL-51.1804;D4
GL-51.1804;S1
GL-51.1804;S2
GL-51.1804;S3
GL-51.1899;D3
GL-51.1899;D4
GL-51.1899;S1
GL-51.1899;S2
GL-51.1899;S3
GL-51.1901;D3
GL-51.1901;D4
GL-51.1901;S1
GL-51.1901;S2
GL-51.1901;S3
GL-51.2001;D3
GL-51.2001;D4
GL-51.2001;S1
GL-51.2001;S2
GL-51.2001;S3
GL-51.2002;D3
GL-51.2002;D4
GL-51.2002;S1
GL-51.2002;S2
GL-51.2002;S3
GL-51.2003;D3
GL-51.2003;D4
GL-51.2003;S1
GL-51.2003;S2
GL-51.2003;S3
GL-51.2004;D3
GL-51.2004;D4
GL-51.2004;S1
GL-51.2004;S2
GL-51.2004;S3
GL-51.2005;D3
GL-51.2005;D4
GL-51.2005;S1
GL-51.2005;S2
GL-51.2005;S3
GL-51.2006;D3
GL-51.2006;D4
GL-51.2006;S1
GL-51.2006;S2
GL-51.2006;S3
GL-51.2007;D3
GL-51.2007;D4
GL-51.2007;S1
GL-51.2007;S2
GL-51.2007;S3
GL-51.2008;D3
GL-51.2008;D4
GL-51.2008;S1
GL-51.2008;S2
GL-51.2008;S3
GL-51.2009;D3
GL-51.2009;D4
GL-51.2009;S1
GL-51.2009;S2
GL-51.2009;S3
GL-51.2010;D3
GL-51.2010;D4
GL-51.2010;S1
GL-51.2010;S2
GL-51.2010;S3
GL-51.2011;D3
GL-51.2011;D4
GL-51.2011;S1
GL-51.2011;S2
GL-51.2011;S3
GL-51.2099;D3
GL-51.2099;D4
GL-51.2099;S1
GL-51.2099;S2
GL-51.2099;S3
GL-51.2101;D3
GL-51.2101;D4
GL-51.2101;S1
GL-51.2101;S2
GL-51.2101;S3
GL-51.2201;D3
GL-51.2201;D4
GL-51.2201;S1
GL-51.2201;S2
GL-51.2201;S3
GL-51.2202;D3
GL-51.2202;D4
GL-51.2202;S1
GL-51.2202;S2
GL-51.2202;S3
GL-51.2205;D3
GL-51.2205;D4
GL-51.2205;S1
GL-51.2205;S2
GL-51.2205;S3
GL-51.2206;D3
GL-51.2206;D4
GL-51.2206;S1
GL-51.2206;S2
GL-51.2206;S3
GL-51.2207;D3
GL-51.2207;D4
GL-51.2207;S1
GL-51.2207;S2
GL-51.2207;S3
GL-51.2208;D3
GL-51.2208;D4
GL-51.2208;S1
GL-51.2208;S2
GL-51.2208;S3
GL-51.2209;D3
GL-51.2209;D4
GL-51.2209;S1
GL-51.2209;S2
GL-51.2209;S3
GL-51.2210;D3
GL-51.2210;D4
GL-51.2210;S1
GL-51.2210;S2
GL-51.2210;S3
GL-51.2211;D3
GL-51.2211;D4
GL-51.2211;S1
GL-51.2211;S2
GL-51.2211;S3
GL-51.2212;D3
GL-51.2212;D4
GL-51.2212;S1
GL-51.2212;S2
GL-51.2212;S3
GL-51.2213;D3
GL-51.2213;D4
GL-51.2213;S1
GL-51.2213;S2
GL-51.2213;S3
GL-51.2214;D3
GL-51.2214;D4
GL-51.2214;S1
GL-51.2214;S2
GL-51.2214;S3
GL-51.2299;D3
GL-51.2299;D4
GL-51.2299;S1
GL-51.2299;S2
GL-51.2299;S3
GL-51.2300;D3
GL-51.2300;D4
GL-51.2300;S1
GL-51.2300;S2
GL-51.2300;S3
GL-51.2301;D3
GL-51.2301;D4
GL-51.2301;S1
GL-51.2301;S2
GL-51.2301;S3
GL-51.2302;D3
GL-51.2302;D4
GL-51.2302;S1
GL-51.2302;S2
GL-51.2302;S3
GL-51.2305;D3
GL-51.2305;D4
GL-51.2305;S1
GL-51.2305;S2
GL-51.2305;S3
GL-51.2306;D3
GL-51.2306;D4
GL-51.2306;S1
GL-51.2306;S2
GL-51.2306;S3
GL-51.2307;D3
GL-51.2307;D4
GL-51.2307;S1
GL-51.2307;S2
GL-51.2307;S3
GL-51.2308;D3
GL-51.2308;D4
GL-51.2308;S1
GL-51.2308;S2
GL-51.2308;S3
GL-51.2309;D3
GL-51.2309;D4
GL-51.2309;S1
GL-51.2309;S2
GL-51.2309;S3
GL-51.2310;D3
GL-51.2310;D4
GL-51.2310;S1
GL-51.2310;S2
GL-51.2310;S3
GL-51.2311;D3
GL-51.2311;D4
GL-51.2311;S1
GL-51.2311;S2
GL-51.2311;S3
GL-51.2312;D3
GL-51.2312;D4
GL-51.2312;S1
GL-51.2312;S2
GL-51.2312;S3
GL-51.2313;D3
GL-51.2313;D4
GL-51.2313;S1
GL-51.2313;S2
GL-51.2313;S3
GL-51.2314;D3
GL-51.2314;D4
GL-51.2314;S1
GL-51.2314;S2
GL-51.2314;S3
GL-51.2315;D3
GL-51.2315;D4
GL-51.2315;S1
GL-51.2315;S2
GL-51.2315;S3
GL-51.2316;D3
GL-51.2316;D4
GL-51.2316;S1
GL-51.2316;S2
GL-51.2316;S3
GL-51.2317;D3
GL-51.2317;D4
GL-51.2317;S1
GL-51.2317;S2
GL-51.2317;S3
GL-51.2399;D3
GL-51.2399;D4
GL-51.2399;S1
GL-51.2399;S2
GL-51.2399;S3
GL-51.2401;D3
GL-51.2401;D4
GL-51.2401;S1
GL-51.2401;S2
GL-51.2401;S3
GL-51.2501;D3
GL-51.2501;D4
GL-51.2501;S1
GL-51.2501;S2
GL-51.2501;S3
GL-51.2502;D3
GL-51.2502;D4
GL-51.2502;S1
GL-51.2502;S2
GL-51.2502;S3
GL-51.2503;D3
GL-51.2503;D4
GL-51.2503;S1
GL-51.2503;S2
GL-51.2503;S3
GL-51.2504;D3
GL-51.2504;D4
GL-51.2504;S1
GL-51.2504;S2
GL-51.2504;S3
GL-51.2505;D3
GL-51.2505;D4
GL-51.2505;S1
GL-51.2505;S2
GL-51.2505;S3
GL-51.2506;D3
GL-51.2506;D4
GL-51.2506;S1
GL-51.2506;S2
GL-51.2506;S3
GL-51.2507;D3
GL-51.2507;D4
GL-51.2507;S1
GL-51.2507;S2
GL-51.2507;S3
GL-51.2508;D3
GL-51.2508;D4
GL-51.2508;S1
GL-51.2508;S2
GL-51.2508;S3
GL-51.2509;D3
GL-51.2509;D4
GL-51.2509;S1
GL-51.2509;S2
GL-51.2509;S3
GL-51.2510;D3
GL-51.2510;D4
GL-51.2510;S1
GL-51.2510;S2
GL-51.2510;S3
GL-51.2511;D3
GL-51.2511;D4
GL-51.2511;S1
GL-51.2511;S2
GL-51.2511;S3
GL-51.2599;D3
GL-51.2599;D4
GL-51.2599;S1
GL-51.2599;S2
GL-51.2599;S3
GL-51.2601;D3
GL-51.2601;D4
GL-51.2601;S1
GL-51.2601;S2
GL-51.2601;S3
GL-51.2602;D3
GL-51.2602;D4
GL-51.2602;S1
GL-51.2602;S2
GL-51.2602;S3
GL-51.2603;D3
GL-51.2603;D4
GL-51.2603;S1
GL-51.2603;S2
GL-51.2603;S3
GL-51.2604;D3
GL-51.2604;D4
GL-51.2604;S1
GL-51.2604;S2
GL-51.2604;S3
GL-51.2605;D3
GL-51.2605;D4
GL-51.2605;S1
GL-51.2605;S2
GL-51.2605;S3
GL-51.2699;D3
GL-51.2699;D4
GL-51.2699;S1
GL-51.2699;S2
GL-51.2699;S3
GL-51.2703;D3
GL-51.2703;D4
GL-51.2703;S1
GL-51.2703;S2
GL-51.2703;S3
GL-51.2706;D3
GL-51.2706;D4
GL-51.2706;S1
GL-51.2706;S2
GL-51.2706;S3
GL-51.2799;D3
GL-51.2799;D4
GL-51.2799;S1
GL-51.2799;S2
GL-51.2799;S3
GL-51.3101;D3
GL-51.3101;D4
GL-51.3101;S1
GL-51.3101;S2
GL-51.3101;S3
GL-51.3102;D3
GL-51.3102;D4
GL-51.3102;S1
GL-51.3102;S2
GL-51.3102;S3
GL-51.3103;D3
GL-51.3103;D4
GL-51.3103;S1
GL-51.3103;S2
GL-51.3103;S3
GL-51.3104;D3
GL-51.3104;D4
GL-51.3104;S1
GL-51.3104;S2
GL-51.3104;S3
GL-51.3199;D3
GL-51.3199;D4
GL-51.3199;S1
GL-51.3199;S2
GL-51.3199;S3
GL-51.3201;D3
GL-51.3201;D4
GL-51.3201;S1
GL-51.3201;S2
GL-51.3201;S3
GL-51.3202;D3
GL-51.3202;D4
GL-51.3202;S1
GL-51.3202;S2
GL-51.3202;S3
GL-51.3203;D3
GL-51.3203;D4
GL-51.3203;S1
GL-51.3203;S2
GL-51.3203;S3
GL-51.3204;D3
GL-51.3204;D4
GL-51.3204;S1
GL-51.3204;S2
GL-51.3204;S3
GL-51.3205;D3
GL-51.3205;D4
GL-51.3205;S1
GL-51.3205;S2
GL-51.3205;S3
GL-51.3206;D3
GL-51.3206;D4
GL-51.3206;S1
GL-51.3206;S2
GL-51.3206;S3
GL-51.3299;D3
GL-51.3299;D4
GL-51.3299;S1
GL-51.3299;S2
GL-51.3299;S3
GL-51.3300;D3
GL-51.3300;D4
GL-51.3300;S1
GL-51.3300;S2
GL-51.3300;S3
GL-51.3301;D3
GL-51.3301;D4
GL-51.3301;S1
GL-51.3301;S2
GL-51.3301;S3
GL-51.3302;D3
GL-51.3302;D4
GL-51.3302;S1
GL-51.3302;S2
GL-51.3302;S3
GL-51.3303;D3
GL-51.3303;D4
GL-51.3303;S1
GL-51.3303;S2
GL-51.3303;S3
GL-51.3304;D3
GL-51.3304;D4
GL-51.3304;S1
GL-51.3304;S2
GL-51.3304;S3
GL-51.3305;D3
GL-51.3305;D4
GL-51.3305;S1
GL-51.3305;S2
GL-51.3305;S3
GL-51.3306;D3
GL-51.3306;D4
GL-51.3306;S1
GL-51.3306;S2
GL-51.3306;S3
GL-51.3399;D3
GL-51.3399;D4
GL-51.3399;S1
GL-51.3399;S2
GL-51.3399;S3
GL-51.3401;D3
GL-51.3401;D4
GL-51.3401;S1
GL-51.3401;S2
GL-51.3401;S3
GL-51.3499;D3
GL-51.3499;D4
GL-51.3499;S1
GL-51.3499;S2
GL-51.3499;S3
GL-51.3501;D3
GL-51.3501;D4
GL-51.3501;S1
GL-51.3501;S2
GL-51.3501;S3
GL-51.3502;D3
GL-51.3502;D4
GL-51.3502;S1
GL-51.3502;S2
GL-51.3502;S3
GL-51.3503;D3
GL-51.3503;D4
GL-51.3503;S1
GL-51.3503;S2
GL-51.3503;S3
GL-51.3599;D3
GL-51.3599;D4
GL-51.3599;S1
GL-51.3599;S2
GL-51.3599;S3
GL-51.3601;D3
GL-51.3601;D4
GL-51.3601;S1
GL-51.3601;S2
GL-51.3601;S3
GL-51.3602;D3
GL-51.3602;D4
GL-51.3602;S1
GL-51.3602;S2
GL-51.3602;S3
GL-51.3603;D3
GL-51.3603;D4
GL-51.3603;S1
GL-51.3603;S2
GL-51.3603;S3
GL-51.3699;D3
GL-51.3699;D4
GL-51.3699;S1
GL-51.3699;S2
GL-51.3699;S3
GL-51.3701;D3
GL-51.3701;D4
GL-51.3701;S1
GL-51.3701;S2
GL-51.3701;S3
GL-51.3702;D3
GL-51.3702;D4
GL-51.3702;S1
GL-51.3702;S2
GL-51.3702;S3
GL-51.3703;D3
GL-51.3703;D4
GL-51.3703;S1
GL-51.3703;S2
GL-51.3703;S3
GL-51.3704;D3
GL-51.3704;D4
GL-51.3704;S1
GL-51.3704;S2
GL-51.3704;S3
GL-51.3799;D3
GL-51.3799;D4
GL-51.3799;S1
GL-51.3799;S2
GL-51.3799;S3
GL-51.3801;D3
GL-51.3801;D4
GL-51.3801;S1
GL-51.3801;S2
GL-51.3801;S3
GL-51.3802;D3
GL-51.3802;D4
GL-51.3802;S1
GL-51.3802;S2
GL-51.3802;S3
GL-51.3803;D3
GL-51.3803;D4
GL-51.3803;S1
GL-51.3803;S2
GL-51.3803;S3
GL-51.3804;D3
GL-51.3804;D4
GL-51.3804;S1
GL-51.3804;S2
GL-51.3804;S3
GL-51.3805;D3
GL-51.3805;D4
GL-51.3805;S1
GL-51.3805;S2
GL-51.3805;S3
GL-51.3806;D3
GL-51.3806;D4
GL-51.3806;S1
GL-51.3806;S2
GL-51.3806;S3
GL-51.3807;D3
GL-51.3807;D4
GL-51.3807;S1
GL-51.3807;S2
GL-51.3807;S3
GL-51.3808;D3
GL-51.3808;D4
GL-51.3808;S1
GL-51.3808;S2
GL-51.3808;S3
GL-51.3809;D3
GL-51.3809;D4
GL-51.3809;S1
GL-51.3809;S2
GL-51.3809;S3
GL-51.3810;D3
GL-51.3810;D4
GL-51.3810;S1
GL-51.3810;S2
GL-51.3810;S3
GL-51.3811;D3
GL-51.3811;D4
GL-51.3811;S1
GL-51.3811;S2
GL-51.3811;S3
GL-51.3812;D3
GL-51.3812;D4
GL-51.3812;S1
GL-51.3812;S2
GL-51.3812;S3
GL-51.3813;D3
GL-51.3813;D4
GL-51.3813;S1
GL-51.3813;S2
GL-51.3813;S3
GL-51.3814;D3
GL-51.3814;D4
GL-51.3814;S1
GL-51.3814;S2
GL-51.3814;S3
GL-51.3815;D3
GL-51.3815;D4
GL-51.3815;S1
GL-51.3815;S2
GL-51.3815;S3
GL-51.3816;D3
GL-51.3816;D4
GL-51.3816;S1
GL-51.3816;S2
GL-51.3816;S3
GL-51.3817;D3
GL-51.3817;D4
GL-51.3817;S1
GL-51.3817;S2
GL-51.3817;S3
GL-51.3818;D3
GL-51.3818;D4
GL-51.3818;S1
GL-51.3818;S2
GL-51.3818;S3
GL-51.3819;D3
GL-51.3819;D4
GL-51.3819;S1
GL-51.3819;S2
GL-51.3819;S3
GL-51.3820;D3
GL-51.3820;D4
GL-51.3820;S1
GL-51.3820;S2
GL-51.3820;S3
GL-51.3821;D3
GL-51.3821;D4
GL-51.3821;S1
GL-51.3821;S2
GL-51.3821;S3
GL-51.3822;D3
GL-51.3822;D4
GL-51.3822;S1
GL-51.3822;S2
GL-51.3822;S3
GL-51.3824;D3
GL-51.3824;D4
GL-51.3824;S1
GL-51.3824;S2
GL-51.3824;S3
GL-51.3899;D3
GL-51.3899;D4
GL-51.3899;S1
GL-51.3899;S2
GL-51.3899;S3
GL-51.3901;D3
GL-51.3901;D4
GL-51.3901;S1
GL-51.3901;S2
GL-51.3901;S3
GL-51.3902;D3
GL-51.3902;D4
GL-51.3902;S1
GL-51.3902;S2
GL-51.3902;S3
GL-51.3999;D3
GL-51.3999;D4
GL-51.3999;S1
GL-51.3999;S2
GL-51.3999;S3
GL-51.9999;D3
GL-51.9999;D4
GL-51.9999;S1
GL-51.9999;S2
GL-51.9999;S3
GL-52.0101;D3
GL-52.0101;D4
GL-52.0101;S1
GL-52.0101;S2
GL-52.0101;S3
GL-52.0201;D3
GL-52.0201;D4
GL-52.0201;S1
GL-52.0201;S2
GL-52.0201;S3
GL-52.0202;D3
GL-52.0202;D4
GL-52.0202;S1
GL-52.0202;S2
GL-52.0202;S3
GL-52.0203;D3
GL-52.0203;D4
GL-52.0203;S1
GL-52.0203;S2
GL-52.0203;S3
GL-52.0204;D3
GL-52.0204;D4
GL-52.0204;S1
GL-52.0204;S2
GL-52.0204;S3
GL-52.0205;D3
GL-52.0205;D4
GL-52.0205;S1
GL-52.0205;S2
GL-52.0205;S3
GL-52.0206;D3
GL-52.0206;D4
GL-52.0206;S1
GL-52.0206;S2
GL-52.0206;S3
GL-52.0207;D3
GL-52.0207;D4
GL-52.0207;S1
GL-52.0207;S2
GL-52.0207;S3
GL-52.0208;D3
GL-52.0208;D4
GL-52.0208;S1
GL-52.0208;S2
GL-52.0208;S3
GL-52.0209;D3
GL-52.0209;D4
GL-52.0209;S1
GL-52.0209;S2
GL-52.0209;S3
GL-52.0210;D3
GL-52.0210;D4
GL-52.0210;S1
GL-52.0210;S2
GL-52.0210;S3
GL-52.0211;D3
GL-52.0211;D4
GL-52.0211;S1
GL-52.0211;S2
GL-52.0211;S3
GL-52.0212;D3
GL-52.0212;D4
GL-52.0212;S1
GL-52.0212;S2
GL-52.0212;S3
GL-52.0213;D3
GL-52.0213;D4
GL-52.0213;S1
GL-52.0213;S2
GL-52.0213;S3
GL-52.0214;D3
GL-52.0214;D4
GL-52.0214;S1
GL-52.0214;S2
GL-52.0214;S3
GL-52.0215;D3
GL-52.0215;D4
GL-52.0215;S1
GL-52.0215;S2
GL-52.0215;S3
GL-52.0216;D3
GL-52.0216;D4
GL-52.0216;S1
GL-52.0216;S2
GL-52.0216;S3
GL-52.0299;D3
GL-52.0299;D4
GL-52.0299;S1
GL-52.0299;S2
GL-52.0299;S3
GL-52.0301;D3
GL-52.0301;D4
GL-52.0301;S1
GL-52.0301;S2
GL-52.0301;S3
GL-52.0302;D3
GL-52.0302;D4
GL-52.0302;S1
GL-52.0302;S2
GL-52.0302;S3
GL-52.0303;D3
GL-52.0303;D4
GL-52.0303;S1
GL-52.0303;S2
GL-52.0303;S3
GL-52.0304;D3
GL-52.0304;D4
GL-52.0304;S1
GL-52.0304;S2
GL-52.0304;S3
GL-52.0305;D3
GL-52.0305;D4
GL-52.0305;S1
GL-52.0305;S2
GL-52.0305;S3
GL-52.0399;D3
GL-52.0399;D4
GL-52.0399;S1
GL-52.0399;S2
GL-52.0399;S3
GL-52.0401;D3
GL-52.0401;D4
GL-52.0401;S1
GL-52.0401;S2
GL-52.0401;S3
GL-52.0402;D3
GL-52.0402;D4
GL-52.0402;S1
GL-52.0402;S2
GL-52.0402;S3
GL-52.0406;D3
GL-52.0406;D4
GL-52.0406;S1
GL-52.0406;S2
GL-52.0406;S3
GL-52.0407;D3
GL-52.0407;D4
GL-52.0407;S1
GL-52.0407;S2
GL-52.0407;S3
GL-52.0408;D3
GL-52.0408;D4
GL-52.0408;S1
GL-52.0408;S2
GL-52.0408;S3
GL-52.0409;D3
GL-52.0409;D4
GL-52.0409;S1
GL-52.0409;S2
GL-52.0409;S3
GL-52.0410;D3
GL-52.0410;D4
GL-52.0410;S1
GL-52.0410;S2
GL-52.0410;S3
GL-52.0411;D3
GL-52.0411;D4
GL-52.0411;S1
GL-52.0411;S2
GL-52.0411;S3
GL-52.0499;D3
GL-52.0499;D4
GL-52.0499;S1
GL-52.0499;S2
GL-52.0499;S3
GL-52.0501;D3
GL-52.0501;D4
GL-52.0501;S1
GL-52.0501;S2
GL-52.0501;S3
GL-52.0502;D3
GL-52.0502;D4
GL-52.0502;S1
GL-52.0502;S2
GL-52.0502;S3
GL-52.0599;D3
GL-52.0599;D4
GL-52.0599;S1
GL-52.0599;S2
GL-52.0599;S3
GL-52.0601;D3
GL-52.0601;D4
GL-52.0601;S1
GL-52.0601;S2
GL-52.0601;S3
GL-52.0701;D3
GL-52.0701;D4
GL-52.0701;S1
GL-52.0701;S2
GL-52.0701;S3
GL-52.0702;D3
GL-52.0702;D4
GL-52.0702;S1
GL-52.0702;S2
GL-52.0702;S3
GL-52.0703;D3
GL-52.0703;D4
GL-52.0703;S1
GL-52.0703;S2
GL-52.0703;S3
GL-52.0704;D3
GL-52.0704;D4
GL-52.0704;S1
GL-52.0704;S2
GL-52.0704;S3
GL-52.0799;D3
GL-52.0799;D4
GL-52.0799;S1
GL-52.0799;S2
GL-52.0799;S3
GL-52.0801;D3
GL-52.0801;D4
GL-52.0801;S1
GL-52.0801;S2
GL-52.0801;S3
GL-52.0803;D3
GL-52.0803;D4
GL-52.0803;S1
GL-52.0803;S2
GL-52.0803;S3
GL-52.0804;D3
GL-52.0804;D4
GL-52.0804;S1
GL-52.0804;S2
GL-52.0804;S3
GL-52.0806;D3
GL-52.0806;D4
GL-52.0806;S1
GL-52.0806;S2
GL-52.0806;S3
GL-52.0807;D3
GL-52.0807;D4
GL-52.0807;S1
GL-52.0807;S2
GL-52.0807;S3
GL-52.0808;D3
GL-52.0808;D4
GL-52.0808;S1
GL-52.0808;S2
GL-52.0808;S3
GL-52.0809;D3
GL-52.0809;D4
GL-52.0809;S1
GL-52.0809;S2
GL-52.0809;S3
GL-52.0810;D3
GL-52.0810;D4
GL-52.0810;S1
GL-52.0810;S2
GL-52.0810;S3
GL-52.0899;D3
GL-52.0899;D4
GL-52.0899;S1
GL-52.0899;S2
GL-52.0899;S3
GL-52.0901;D3
GL-52.0901;D4
GL-52.0901;S1
GL-52.0901;S2
GL-52.0901;S3
GL-52.0903;D3
GL-52.0903;D4
GL-52.0903;S1
GL-52.0903;S2
GL-52.0903;S3
GL-52.0904;D3
GL-52.0904;D4
GL-52.0904;S1
GL-52.0904;S2
GL-52.0904;S3
GL-52.0905;D3
GL-52.0905;D4
GL-52.0905;S1
GL-52.0905;S2
GL-52.0905;S3
GL-52.0906;D3
GL-52.0906;D4
GL-52.0906;S1
GL-52.0906;S2
GL-52.0906;S3
GL-52.0907;D3
GL-52.0907;D4
GL-52.0907;S1
GL-52.0907;S2
GL-52.0907;S3
GL-52.0908;D3
GL-52.0908;D4
GL-52.0908;S1
GL-52.0908;S2
GL-52.0908;S3
GL-52.0909;D3
GL-52.0909;D4
GL-52.0909;S1
GL-52.0909;S2
GL-52.0909;S3
GL-52.0910;D3
GL-52.0910;D4
GL-52.0910;S1
GL-52.0910;S2
GL-52.0910;S3
GL-52.0999;D3
GL-52.0999;D4
GL-52.0999;S1
GL-52.0999;S2
GL-52.0999;S3
GL-52.1001;D3
GL-52.1001;D4
GL-52.1001;S1
GL-52.1001;S2
GL-52.1001;S3
GL-52.1002;D3
GL-52.1002;D4
GL-52.1002;S1
GL-52.1002;S2
GL-52.1002;S3
GL-52.1003;D3
GL-52.1003;D4
GL-52.1003;S1
GL-52.1003;S2
GL-52.1003;S3
GL-52.1004;D3
GL-52.1004;D4
GL-52.1004;S1
GL-52.1004;S2
GL-52.1004;S3
GL-52.1005;D3
GL-52.1005;D4
GL-52.1005;S1
GL-52.1005;S2
GL-52.1005;S3
GL-52.1006;D3
GL-52.1006;D4
GL-52.1006;S1
GL-52.1006;S2
GL-52.1006;S3
GL-52.1099;D3
GL-52.1099;D4
GL-52.1099;S1
GL-52.1099;S2
GL-52.1099;S3
GL-52.1101;D3
GL-52.1101;D4
GL-52.1101;S1
GL-52.1101;S2
GL-52.1101;S3
GL-52.1201;D3
GL-52.1201;D4
GL-52.1201;S1
GL-52.1201;S2
GL-52.1201;S3
GL-52.1206;D3
GL-52.1206;D4
GL-52.1206;S1
GL-52.1206;S2
GL-52.1206;S3
GL-52.1207;D3
GL-52.1207;D4
GL-52.1207;S1
GL-52.1207;S2
GL-52.1207;S3
GL-52.1299;D3
GL-52.1299;D4
GL-52.1299;S1
GL-52.1299;S2
GL-52.1299;S3
GL-52.1301;D3
GL-52.1301;D4
GL-52.1301;S1
GL-52.1301;S2
GL-52.1301;S3
GL-52.1302;D3
GL-52.1302;D4
GL-52.1302;S1
GL-52.1302;S2
GL-52.1302;S3
GL-52.1304;D3
GL-52.1304;D4
GL-52.1304;S1
GL-52.1304;S2
GL-52.1304;S3
GL-52.1399;D3
GL-52.1399;D4
GL-52.1399;S1
GL-52.1399;S2
GL-52.1399;S3
GL-52.1401;D3
GL-52.1401;D4
GL-52.1401;S1
GL-52.1401;S2
GL-52.1401;S3
GL-52.1402;D3
GL-52.1402;D4
GL-52.1402;S1
GL-52.1402;S2
GL-52.1402;S3
GL-52.1403;D3
GL-52.1403;D4
GL-52.1403;S1
GL-52.1403;S2
GL-52.1403;S3
GL-52.1404;D3
GL-52.1404;D4
GL-52.1404;S1
GL-52.1404;S2
GL-52.1404;S3
GL-52.1499;D3
GL-52.1499;D4
GL-52.1499;S1
GL-52.1499;S2
GL-52.1499;S3
GL-52.1501;D3
GL-52.1501;D4
GL-52.1501;S1
GL-52.1501;S2
GL-52.1501;S3
GL-52.1601;D3
GL-52.1601;D4
GL-52.1601;S1
GL-52.1601;S2
GL-52.1601;S3
GL-52.1701;D3
GL-52.1701;D4
GL-52.1701;S1
GL-52.1701;S2
GL-52.1701;S3
GL-52.1801;D3
GL-52.1801;D4
GL-52.1801;S1
GL-52.1801;S2
GL-52.1801;S3
GL-52.1802;D3
GL-52.1802;D4
GL-52.1802;S1
GL-52.1802;S2
GL-52.1802;S3
GL-52.1803;D3
GL-52.1803;D4
GL-52.1803;S1
GL-52.1803;S2
GL-52.1803;S3
GL-52.1804;D3
GL-52.1804;D4
GL-52.1804;S1
GL-52.1804;S2
GL-52.1804;S3
GL-52.1899;D3
GL-52.1899;D4
GL-52.1899;S1
GL-52.1899;S2
GL-52.1899;S3
GL-52.1901;D3
GL-52.1901;D4
GL-52.1901;S1
GL-52.1901;S2
GL-52.1901;S3
GL-52.1902;D3
GL-52.1902;D4
GL-52.1902;S1
GL-52.1902;S2
GL-52.1902;S3
GL-52.1903;D3
GL-52.1903;D4
GL-52.1903;S1
GL-52.1903;S2
GL-52.1903;S3
GL-52.1904;D3
GL-52.1904;D4
GL-52.1904;S1
GL-52.1904;S2
GL-52.1904;S3
GL-52.1905;D3
GL-52.1905;D4
GL-52.1905;S1
GL-52.1905;S2
GL-52.1905;S3
GL-52.1906;D3
GL-52.1906;D4
GL-52.1906;S1
GL-52.1906;S2
GL-52.1906;S3
GL-52.1907;D3
GL-52.1907;D4
GL-52.1907;S1
GL-52.1907;S2
GL-52.1907;S3
GL-52.1908;D3
GL-52.1908;D4
GL-52.1908;S1
GL-52.1908;S2
GL-52.1908;S3
GL-52.1909;D3
GL-52.1909;D4
GL-52.1909;S1
GL-52.1909;S2
GL-52.1909;S3
GL-52.1910;D3
GL-52.1910;D4
GL-52.1910;S1
GL-52.1910;S2
GL-52.1910;S3
GL-52.1999;D3
GL-52.1999;D4
GL-52.1999;S1
GL-52.1999;S2
GL-52.1999;S3
GL-52.2001;D3
GL-52.2001;D4
GL-52.2001;S1
GL-52.2001;S2
GL-52.2001;S3
GL-52.2002;D3
GL-52.2002;D4
GL-52.2002;S1
GL-52.2002;S2
GL-52.2002;S3
GL-52.2099;D3
GL-52.2099;D4
GL-52.2099;S1
GL-52.2099;S2
GL-52.2099;S3
GL-52.2101;D3
GL-52.2101;D4
GL-52.2101;S1
GL-52.2101;S2
GL-52.2101;S3
GL-52.9999;D3
GL-52.9999;D4
GL-52.9999;S1
GL-52.9999;S2
GL-52.9999;S3
GL-53.0101;D3
GL-53.0101;D4
GL-53.0101;S1
GL-53.0101;S2
GL-53.0101;S3
GL-53.0102;D3
GL-53.0102;D4
GL-53.0102;S1
GL-53.0102;S2
GL-53.0102;S3
GL-53.0103;D3
GL-53.0103;D4
GL-53.0103;S1
GL-53.0103;S2
GL-53.0103;S3
GL-53.0104;D3
GL-53.0104;D4
GL-53.0104;S1
GL-53.0104;S2
GL-53.0104;S3
GL-53.0105;D3
GL-53.0105;D4
GL-53.0105;S1
GL-53.0105;S2
GL-53.0105;S3
GL-53.0199;D3
GL-53.0199;D4
GL-53.0199;S1
GL-53.0199;S2
GL-53.0199;S3
GL-53.0201;D3
GL-53.0201;D4
GL-53.0201;S1
GL-53.0201;S2
GL-53.0201;S3
GL-53.0202;D3
GL-53.0202;D4
GL-53.0202;S1
GL-53.0202;S2
GL-53.0202;S3
GL-53.0203;D3
GL-53.0203;D4
GL-53.0203;S1
GL-53.0203;S2
GL-53.0203;S3
GL-53.0299;D3
GL-53.0299;D4
GL-53.0299;S1
GL-53.0299;S2
GL-53.0299;S3
GL-54.0101;D3
GL-54.0101;D4
GL-54.0101;S1
GL-54.0101;S2
GL-54.0101;S3
GL-54.0102;D3
GL-54.0102;D4
GL-54.0102;S1
GL-54.0102;S2
GL-54.0102;S3
GL-54.0103;D3
GL-54.0103;D4
GL-54.0103;S1
GL-54.0103;S2
GL-54.0103;S3
GL-54.0104;D3
GL-54.0104;D4
GL-54.0104;S1
GL-54.0104;S2
GL-54.0104;S3
GL-54.0105;D3
GL-54.0105;D4
GL-54.0105;S1
GL-54.0105;S2
GL-54.0105;S3
GL-54.0106;D3
GL-54.0106;D4
GL-54.0106;S1
GL-54.0106;S2
GL-54.0106;S3
GL-54.0107;D3
GL-54.0107;D4
GL-54.0107;S1
GL-54.0107;S2
GL-54.0107;S3
GL-54.0108;D3
GL-54.0108;D4
GL-54.0108;S1
GL-54.0108;S2
GL-54.0108;S3
GL-54.0199;D3
GL-54.0199;D4
GL-54.0199;S1
GL-54.0199;S2
GL-54.0199;S3
GL-60.0101;D3
GL-60.0101;D4
GL-60.0101;S1
GL-60.0101;S2
GL-60.0101;S3
GL-60.0102;D3
GL-60.0102;D4
GL-60.0102;S1
GL-60.0102;S2
GL-60.0102;S3
GL-60.0103;D3
GL-60.0103;D4
GL-60.0103;S1
GL-60.0103;S2
GL-60.0103;S3
GL-60.0104;D3
GL-60.0104;D4
GL-60.0104;S1
GL-60.0104;S2
GL-60.0104;S3
GL-60.0105;D3
GL-60.0105;D4
GL-60.0105;S1
GL-60.0105;S2
GL-60.0105;S3
GL-60.0106;D3
GL-60.0106;D4
GL-60.0106;S1
GL-60.0106;S2
GL-60.0106;S3
GL-60.0107;D3
GL-60.0107;D4
GL-60.0107;S1
GL-60.0107;S2
GL-60.0107;S3
GL-60.0108;D3
GL-60.0108;D4
GL-60.0108;S1
GL-60.0108;S2
GL-60.0108;S3
GL-60.0109;D3
GL-60.0109;D4
GL-60.0109;S1
GL-60.0109;S2
GL-60.0109;S3
GL-60.0110;D3
GL-60.0110;D4
GL-60.0110;S1
GL-60.0110;S2
GL-60.0110;S3
GL-60.0199;D3
GL-60.0199;D4
GL-60.0199;S1
GL-60.0199;S2
GL-60.0199;S3
GL-60.0301;D3
GL-60.0301;D4
GL-60.0301;S1
GL-60.0301;S2
GL-60.0301;S3
GL-60.0302;D3
GL-60.0302;D4
GL-60.0302;S1
GL-60.0302;S2
GL-60.0302;S3
GL-60.0303;D3
GL-60.0303;D4
GL-60.0303;S1
GL-60.0303;S2
GL-60.0303;S3
GL-60.0304;D3
GL-60.0304;D4
GL-60.0304;S1
GL-60.0304;S2
GL-60.0304;S3
GL-60.0305;D3
GL-60.0305;D4
GL-60.0305;S1
GL-60.0305;S2
GL-60.0305;S3
GL-60.0306;D3
GL-60.0306;D4
GL-60.0306;S1
GL-60.0306;S2
GL-60.0306;S3
GL-60.0307;D3
GL-60.0307;D4
GL-60.0307;S1
GL-60.0307;S2
GL-60.0307;S3
GL-60.0308;D3
GL-60.0308;D4
GL-60.0308;S1
GL-60.0308;S2
GL-60.0308;S3
GL-60.0309;D3
GL-60.0309;D4
GL-60.0309;S1
GL-60.0309;S2
GL-60.0309;S3
GL-60.0310;D3
GL-60.0310;D4
GL-60.0310;S1
GL-60.0310;S2
GL-60.0310;S3
GL-60.0311;D3
GL-60.0311;D4
GL-60.0311;S1
GL-60.0311;S2
GL-60.0311;S3
GL-60.0312;D3
GL-60.0312;D4
GL-60.0312;S1
GL-60.0312;S2
GL-60.0312;S3
GL-60.0313;D3
GL-60.0313;D4
GL-60.0313;S1
GL-60.0313;S2
GL-60.0313;S3
GL-60.0314;D3
GL-60.0314;D4
GL-60.0314;S1
GL-60.0314;S2
GL-60.0314;S3
GL-60.0315;D3
GL-60.0315;D4
GL-60.0315;S1
GL-60.0315;S2
GL-60.0315;S3
GL-60.0316;D3
GL-60.0316;D4
GL-60.0316;S1
GL-60.0316;S2
GL-60.0316;S3
GL-60.0317;D3
GL-60.0317;D4
GL-60.0317;S1
GL-60.0317;S2
GL-60.0317;S3
GL-60.0318;D3
GL-60.0318;D4
GL-60.0318;S1
GL-60.0318;S2
GL-60.0318;S3
GL-60.0319;D3
GL-60.0319;D4
GL-60.0319;S1
GL-60.0319;S2
GL-60.0319;S3
GL-60.0320;D3
GL-60.0320;D4
GL-60.0320;S1
GL-60.0320;S2
GL-60.0320;S3
GL-60.0399;D3
GL-60.0399;D4
GL-60.0399;S1
GL-60.0399;S2
GL-60.0399;S3
GL-60.0401;D3
GL-60.0401;D4
GL-60.0401;S1
GL-60.0401;S2
GL-60.0401;S3
GL-60.0402;D3
GL-60.0402;D4
GL-60.0402;S1
GL-60.0402;S2
GL-60.0402;S3
GL-60.0403;D3
GL-60.0403;D4
GL-60.0403;S1
GL-60.0403;S2
GL-60.0403;S3
GL-60.0404;D3
GL-60.0404;D4
GL-60.0404;S1
GL-60.0404;S2
GL-60.0404;S3
GL-60.0405;D3
GL-60.0405;D4
GL-60.0405;S1
GL-60.0405;S2
GL-60.0405;S3
GL-60.0406;D3
GL-60.0406;D4
GL-60.0406;S1
GL-60.0406;S2
GL-60.0406;S3
GL-60.0407;D3
GL-60.0407;D4
GL-60.0407;S1
GL-60.0407;S2
GL-60.0407;S3
GL-60.0408;D3
GL-60.0408;D4
GL-60.0408;S1
GL-60.0408;S2
GL-60.0408;S3
GL-60.0409;D3
GL-60.0409;D4
GL-60.0409;S1
GL-60.0409;S2
GL-60.0409;S3
GL-60.0410;D3
GL-60.0410;D4
GL-60.0410;S1
GL-60.0410;S2
GL-60.0410;S3
GL-60.0411;D3
GL-60.0411;D4
GL-60.0411;S1
GL-60.0411;S2
GL-60.0411;S3
GL-60.0412;D3
GL-60.0412;D4
GL-60.0412;S1
GL-60.0412;S2
GL-60.0412;S3
GL-60.0413;D3
GL-60.0413;D4
GL-60.0413;S1
GL-60.0413;S2
GL-60.0413;S3
GL-60.0414;D3
GL-60.0414;D4
GL-60.0414;S1
GL-60.0414;S2
GL-60.0414;S3
GL-60.0415;D3
GL-60.0415;D4
GL-60.0415;S1
GL-60.0415;S2
GL-60.0415;S3
GL-60.0416;D3
GL-60.0416;D4
GL-60.0416;S1
GL-60.0416;S2
GL-60.0416;S3
GL-60.0417;D3
GL-60.0417;D4
GL-60.0417;S1
GL-60.0417;S2
GL-60.0417;S3
GL-60.0418;D3
GL-60.0418;D4
GL-60.0418;S1
GL-60.0418;S2
GL-60.0418;S3
GL-60.0419;D3
GL-60.0419;D4
GL-60.0419;S1
GL-60.0419;S2
GL-60.0419;S3
GL-60.0420;D3
GL-60.0420;D4
GL-60.0420;S1
GL-60.0420;S2
GL-60.0420;S3
GL-60.0421;D3
GL-60.0421;D4
GL-60.0421;S1
GL-60.0421;S2
GL-60.0421;S3
GL-60.0422;D3
GL-60.0422;D4
GL-60.0422;S1
GL-60.0422;S2
GL-60.0422;S3
GL-60.0423;D3
GL-60.0423;D4
GL-60.0423;S1
GL-60.0423;S2
GL-60.0423;S3
GL-60.0424;D3
GL-60.0424;D4
GL-60.0424;S1
GL-60.0424;S2
GL-60.0424;S3
GL-60.0425;D3
GL-60.0425;D4
GL-60.0425;S1
GL-60.0425;S2
GL-60.0425;S3
GL-60.0426;D3
GL-60.0426;D4
GL-60.0426;S1
GL-60.0426;S2
GL-60.0426;S3
GL-60.0427;D3
GL-60.0427;D4
GL-60.0427;S1
GL-60.0427;S2
GL-60.0427;S3
GL-60.0428;D3
GL-60.0428;D4
GL-60.0428;S1
GL-60.0428;S2
GL-60.0428;S3
GL-60.0429;D3
GL-60.0429;D4
GL-60.0429;S1
GL-60.0429;S2
GL-60.0429;S3
GL-60.0430;D3
GL-60.0430;D4
GL-60.0430;S1
GL-60.0430;S2
GL-60.0430;S3
GL-60.0431;D3
GL-60.0431;D4
GL-60.0431;S1
GL-60.0431;S2
GL-60.0431;S3
GL-60.0432;D3
GL-60.0432;D4
GL-60.0432;S1
GL-60.0432;S2
GL-60.0432;S3
GL-60.0433;D3
GL-60.0433;D4
GL-60.0433;S1
GL-60.0433;S2
GL-60.0433;S3
GL-60.0434;D3
GL-60.0434;D4
GL-60.0434;S1
GL-60.0434;S2
GL-60.0434;S3
GL-60.0499;D3
GL-60.0499;D4
GL-60.0499;S1
GL-60.0499;S2
GL-60.0499;S3
GL-60.0501;D3
GL-60.0501;D4
GL-60.0501;S1
GL-60.0501;S2
GL-60.0501;S3
GL-60.0502;D3
GL-60.0502;D4
GL-60.0502;S1
GL-60.0502;S2
GL-60.0502;S3
GL-60.0503;D3
GL-60.0503;D4
GL-60.0503;S1
GL-60.0503;S2
GL-60.0503;S3
GL-60.0504;D3
GL-60.0504;D4
GL-60.0504;S1
GL-60.0504;S2
GL-60.0504;S3
GL-60.0505;D3
GL-60.0505;D4
GL-60.0505;S1
GL-60.0505;S2
GL-60.0505;S3
GL-60.0506;D3
GL-60.0506;D4
GL-60.0506;S1
GL-60.0506;S2
GL-60.0506;S3
GL-60.0507;D3
GL-60.0507;D4
GL-60.0507;S1
GL-60.0507;S2
GL-60.0507;S3
GL-60.0508;D3
GL-60.0508;D4
GL-60.0508;S1
GL-60.0508;S2
GL-60.0508;S3
GL-60.0509;D3
GL-60.0509;D4
GL-60.0509;S1
GL-60.0509;S2
GL-60.0509;S3
GL-60.0510;D3
GL-60.0510;D4
GL-60.0510;S1
GL-60.0510;S2
GL-60.0510;S3
GL-60.0511;D3
GL-60.0511;D4
GL-60.0511;S1
GL-60.0511;S2
GL-60.0511;S3
GL-60.0512;D3
GL-60.0512;D4
GL-60.0512;S1
GL-60.0512;S2
GL-60.0512;S3
GL-60.0513;D3
GL-60.0513;D4
GL-60.0513;S1
GL-60.0513;S2
GL-60.0513;S3
GL-60.0514;D3
GL-60.0514;D4
GL-60.0514;S1
GL-60.0514;S2
GL-60.0514;S3
GL-60.0515;D3
GL-60.0515;D4
GL-60.0515;S1
GL-60.0515;S2
GL-60.0515;S3
GL-60.0516;D3
GL-60.0516;D4
GL-60.0516;S1
GL-60.0516;S2
GL-60.0516;S3
GL-60.0517;D3
GL-60.0517;D4
GL-60.0517;S1
GL-60.0517;S2
GL-60.0517;S3
GL-60.0518;D3
GL-60.0518;D4
GL-60.0518;S1
GL-60.0518;S2
GL-60.0518;S3
GL-60.0519;D3
GL-60.0519;D4
GL-60.0519;S1
GL-60.0519;S2
GL-60.0519;S3
GL-60.0520;D3
GL-60.0520;D4
GL-60.0520;S1
GL-60.0520;S2
GL-60.0520;S3
GL-60.0521;D3
GL-60.0521;D4
GL-60.0521;S1
GL-60.0521;S2
GL-60.0521;S3
GL-60.0522;D3
GL-60.0522;D4
GL-60.0522;S1
GL-60.0522;S2
GL-60.0522;S3
GL-60.0523;D3
GL-60.0523;D4
GL-60.0523;S1
GL-60.0523;S2
GL-60.0523;S3
GL-60.0524;D3
GL-60.0524;D4
GL-60.0524;S1
GL-60.0524;S2
GL-60.0524;S3
GL-60.0525;D3
GL-60.0525;D4
GL-60.0525;S1
GL-60.0525;S2
GL-60.0525;S3
GL-60.0526;D3
GL-60.0526;D4
GL-60.0526;S1
GL-60.0526;S2
GL-60.0526;S3
GL-60.0527;D3
GL-60.0527;D4
GL-60.0527;S1
GL-60.0527;S2
GL-60.0527;S3
GL-60.0528;D3
GL-60.0528;D4
GL-60.0528;S1
GL-60.0528;S2
GL-60.0528;S3
GL-60.0529;D3
GL-60.0529;D4
GL-60.0529;S1
GL-60.0529;S2
GL-60.0529;S3
GL-60.0530;D3
GL-60.0530;D4
GL-60.0530;S1
GL-60.0530;S2
GL-60.0530;S3
GL-60.0531;D3
GL-60.0531;D4
GL-60.0531;S1
GL-60.0531;S2
GL-60.0531;S3
GL-60.0532;D3
GL-60.0532;D4
GL-60.0532;S1
GL-60.0532;S2
GL-60.0532;S3
GL-60.0533;D3
GL-60.0533;D4
GL-60.0533;S1
GL-60.0533;S2
GL-60.0533;S3
GL-60.0534;D3
GL-60.0534;D4
GL-60.0534;S1
GL-60.0534;S2
GL-60.0534;S3
GL-60.0535;D3
GL-60.0535;D4
GL-60.0535;S1
GL-60.0535;S2
GL-60.0535;S3
GL-60.0536;D3
GL-60.0536;D4
GL-60.0536;S1
GL-60.0536;S2
GL-60.0536;S3
GL-60.0537;D3
GL-60.0537;D4
GL-60.0537;S1
GL-60.0537;S2
GL-60.0537;S3
GL-60.0538;D3
GL-60.0538;D4
GL-60.0538;S1
GL-60.0538;S2
GL-60.0538;S3
GL-60.0539;D3
GL-60.0539;D4
GL-60.0539;S1
GL-60.0539;S2
GL-60.0539;S3
GL-60.0540;D3
GL-60.0540;D4
GL-60.0540;S1
GL-60.0540;S2
GL-60.0540;S3
GL-60.0541;D3
GL-60.0541;D4
GL-60.0541;S1
GL-60.0541;S2
GL-60.0541;S3
GL-60.0542;D3
GL-60.0542;D4
GL-60.0542;S1
GL-60.0542;S2
GL-60.0542;S3
GL-60.0543;D3
GL-60.0543;D4
GL-60.0543;S1
GL-60.0543;S2
GL-60.0543;S3
GL-60.0544;D3
GL-60.0544;D4
GL-60.0544;S1
GL-60.0544;S2
GL-60.0544;S3
GL-60.0545;D3
GL-60.0545;D4
GL-60.0545;S1
GL-60.0545;S2
GL-60.0545;S3
GL-60.0546;D3
GL-60.0546;D4
GL-60.0546;S1
GL-60.0546;S2
GL-60.0546;S3
GL-60.0547;D3
GL-60.0547;D4
GL-60.0547;S1
GL-60.0547;S2
GL-60.0547;S3
GL-60.0548;D3
GL-60.0548;D4
GL-60.0548;S1
GL-60.0548;S2
GL-60.0548;S3
GL-60.0549;D3
GL-60.0549;D4
GL-60.0549;S1
GL-60.0549;S2
GL-60.0549;S3
GL-60.0550;D3
GL-60.0550;D4
GL-60.0550;S1
GL-60.0550;S2
GL-60.0550;S3
GL-60.0551;D3
GL-60.0551;D4
GL-60.0551;S1
GL-60.0551;S2
GL-60.0551;S3
GL-60.0552;D3
GL-60.0552;D4
GL-60.0552;S1
GL-60.0552;S2
GL-60.0552;S3
GL-60.0553;D3
GL-60.0553;D4
GL-60.0553;S1
GL-60.0553;S2
GL-60.0553;S3
GL-60.0554;D3
GL-60.0554;D4
GL-60.0554;S1
GL-60.0554;S2
GL-60.0554;S3
GL-60.0555;D3
GL-60.0555;D4
GL-60.0555;S1
GL-60.0555;S2
GL-60.0555;S3
GL-60.0556;D3
GL-60.0556;D4
GL-60.0556;S1
GL-60.0556;S2
GL-60.0556;S3
GL-60.0557;D3
GL-60.0557;D4
GL-60.0557;S1
GL-60.0557;S2
GL-60.0557;S3
GL-60.0558;D3
GL-60.0558;D4
GL-60.0558;S1
GL-60.0558;S2
GL-60.0558;S3
GL-60.0559;D3
GL-60.0559;D4
GL-60.0559;S1
GL-60.0559;S2
GL-60.0559;S3
GL-60.0560;D3
GL-60.0560;D4
GL-60.0560;S1
GL-60.0560;S2
GL-60.0560;S3
GL-60.0561;D3
GL-60.0561;D4
GL-60.0561;S1
GL-60.0561;S2
GL-60.0561;S3
GL-60.0562;D3
GL-60.0562;D4
GL-60.0562;S1
GL-60.0562;S2
GL-60.0562;S3
GL-60.0563;D3
GL-60.0563;D4
GL-60.0563;S1
GL-60.0563;S2
GL-60.0563;S3
GL-60.0564;D3
GL-60.0564;D4
GL-60.0564;S1
GL-60.0564;S2
GL-60.0564;S3
GL-60.0565;D3
GL-60.0565;D4
GL-60.0565;S1
GL-60.0565;S2
GL-60.0565;S3
GL-60.0566;D3
GL-60.0566;D4
GL-60.0566;S1
GL-60.0566;S2
GL-60.0566;S3
GL-60.0567;D3
GL-60.0567;D4
GL-60.0567;S1
GL-60.0567;S2
GL-60.0567;S3
GL-60.0568;D3
GL-60.0568;D4
GL-60.0568;S1
GL-60.0568;S2
GL-60.0568;S3
GL-60.0569;D3
GL-60.0569;D4
GL-60.0569;S1
GL-60.0569;S2
GL-60.0569;S3
GL-60.0570;D3
GL-60.0570;D4
GL-60.0570;S1
GL-60.0570;S2
GL-60.0570;S3
GL-60.0571;D3
GL-60.0571;D4
GL-60.0571;S1
GL-60.0571;S2
GL-60.0571;S3
GL-60.0572;D3
GL-60.0572;D4
GL-60.0572;S1
GL-60.0572;S2
GL-60.0572;S3
GL-60.0573;D3
GL-60.0573;D4
GL-60.0573;S1
GL-60.0573;S2
GL-60.0573;S3
GL-60.0574;D3
GL-60.0574;D4
GL-60.0574;S1
GL-60.0574;S2
GL-60.0574;S3
GL-60.0575;D3
GL-60.0575;D4
GL-60.0575;S1
GL-60.0575;S2
GL-60.0575;S3
GL-60.0576;D3
GL-60.0576;D4
GL-60.0576;S1
GL-60.0576;S2
GL-60.0576;S3
GL-60.0577;D3
GL-60.0577;D4
GL-60.0577;S1
GL-60.0577;S2
GL-60.0577;S3
GL-60.0578;D3
GL-60.0578;D4
GL-60.0578;S1
GL-60.0578;S2
GL-60.0578;S3
GL-60.0579;D3
GL-60.0579;D4
GL-60.0579;S1
GL-60.0579;S2
GL-60.0579;S3
GL-60.0580;D3
GL-60.0580;D4
GL-60.0580;S1
GL-60.0580;S2
GL-60.0580;S3
GL-60.0581;D3
GL-60.0581;D4
GL-60.0581;S1
GL-60.0581;S2
GL-60.0581;S3
GL-60.0582;D3
GL-60.0582;D4
GL-60.0582;S1
GL-60.0582;S2
GL-60.0582;S3
GL-60.0583;D3
GL-60.0583;D4
GL-60.0583;S1
GL-60.0583;S2
GL-60.0583;S3
GL-60.0584;D3
GL-60.0584;D4
GL-60.0584;S1
GL-60.0584;S2
GL-60.0584;S3
GL-60.0599;D3
GL-60.0599;D4
GL-60.0599;S1
GL-60.0599;S2
GL-60.0599;S3
GL-60.0601;D3
GL-60.0601;D4
GL-60.0601;S1
GL-60.0601;S2
GL-60.0601;S3
GL-60.0602;D3
GL-60.0602;D4
GL-60.0602;S1
GL-60.0602;S2
GL-60.0602;S3
GL-60.0701;D3
GL-60.0701;D4
GL-60.0701;S1
GL-60.0701;S2
GL-60.0701;S3
GL-60.0702;D3
GL-60.0702;D4
GL-60.0702;S1
GL-60.0702;S2
GL-60.0702;S3
GL-60.0703;D3
GL-60.0703;D4
GL-60.0703;S1
GL-60.0703;S2
GL-60.0703;S3
GL-60.0704;D3
GL-60.0704;D4
GL-60.0704;S1
GL-60.0704;S2
GL-60.0704;S3
GL-60.0705;D3
GL-60.0705;D4
GL-60.0705;S1
GL-60.0705;S2
GL-60.0705;S3
GL-60.0706;D3
GL-60.0706;D4
GL-60.0706;S1
GL-60.0706;S2
GL-60.0706;S3
GL-60.0707;D3
GL-60.0707;D4
GL-60.0707;S1
GL-60.0707;S2
GL-60.0707;S3
GL-60.0708;D3
GL-60.0708;D4
GL-60.0708;S1
GL-60.0708;S2
GL-60.0708;S3
GL-60.0709;D3
GL-60.0709;D4
GL-60.0709;S1
GL-60.0709;S2
GL-60.0709;S3
GL-60.0710;D3
GL-60.0710;D4
GL-60.0710;S1
GL-60.0710;S2
GL-60.0710;S3
GL-60.0711;D3
GL-60.0711;D4
GL-60.0711;S1
GL-60.0711;S2
GL-60.0711;S3
GL-60.0712;D3
GL-60.0712;D4
GL-60.0712;S1
GL-60.0712;S2
GL-60.0712;S3
GL-60.0713;D3
GL-60.0713;D4
GL-60.0713;S1
GL-60.0713;S2
GL-60.0713;S3
GL-60.0714;D3
GL-60.0714;D4
GL-60.0714;S1
GL-60.0714;S2
GL-60.0714;S3
GL-60.0715;D3
GL-60.0715;D4
GL-60.0715;S1
GL-60.0715;S2
GL-60.0715;S3
GL-60.0716;D3
GL-60.0716;D4
GL-60.0716;S1
GL-60.0716;S2
GL-60.0716;S3
GL-60.0717;D3
GL-60.0717;D4
GL-60.0717;S1
GL-60.0717;S2
GL-60.0717;S3
GL-60.0718;D3
GL-60.0718;D4
GL-60.0718;S1
GL-60.0718;S2
GL-60.0718;S3
GL-60.0719;D3
GL-60.0719;D4
GL-60.0719;S1
GL-60.0719;S2
GL-60.0719;S3
GL-60.0720;D3
GL-60.0720;D4
GL-60.0720;S1
GL-60.0720;S2
GL-60.0720;S3
GL-60.0721;D3
GL-60.0721;D4
GL-60.0721;S1
GL-60.0721;S2
GL-60.0721;S3
GL-60.0722;D3
GL-60.0722;D4
GL-60.0722;S1
GL-60.0722;S2
GL-60.0722;S3
GL-60.0723;D3
GL-60.0723;D4
GL-60.0723;S1
GL-60.0723;S2
GL-60.0723;S3
GL-60.0724;D3
GL-60.0724;D4
GL-60.0724;S1
GL-60.0724;S2
GL-60.0724;S3
GL-60.0725;D3
GL-60.0725;D4
GL-60.0725;S1
GL-60.0725;S2
GL-60.0725;S3
GL-60.0726;D3
GL-60.0726;D4
GL-60.0726;S1
GL-60.0726;S2
GL-60.0726;S3
GL-60.0727;D3
GL-60.0727;D4
GL-60.0727;S1
GL-60.0727;S2
GL-60.0727;S3
GL-60.0728;D3
GL-60.0728;D4
GL-60.0728;S1
GL-60.0728;S2
GL-60.0728;S3
GL-60.0729;D3
GL-60.0729;D4
GL-60.0729;S1
GL-60.0729;S2
GL-60.0729;S3
GL-60.0730;D3
GL-60.0730;D4
GL-60.0730;S1
GL-60.0730;S2
GL-60.0730;S3
GL-60.0731;D3
GL-60.0731;D4
GL-60.0731;S1
GL-60.0731;S2
GL-60.0731;S3
GL-60.0732;D3
GL-60.0732;D4
GL-60.0732;S1
GL-60.0732;S2
GL-60.0732;S3
GL-60.0733;D3
GL-60.0733;D4
GL-60.0733;S1
GL-60.0733;S2
GL-60.0733;S3
GL-60.0734;D3
GL-60.0734;D4
GL-60.0734;S1
GL-60.0734;S2
GL-60.0734;S3
GL-60.0735;D3
GL-60.0735;D4
GL-60.0735;S1
GL-60.0735;S2
GL-60.0735;S3
GL-60.0736;D3
GL-60.0736;D4
GL-60.0736;S1
GL-60.0736;S2
GL-60.0736;S3
GL-60.0737;D3
GL-60.0737;D4
GL-60.0737;S1
GL-60.0737;S2
GL-60.0737;S3
GL-60.0738;D3
GL-60.0738;D4
GL-60.0738;S1
GL-60.0738;S2
GL-60.0738;S3
GL-60.0739;D3
GL-60.0739;D4
GL-60.0739;S1
GL-60.0739;S2
GL-60.0739;S3
GL-60.0740;D3
GL-60.0740;D4
GL-60.0740;S1
GL-60.0740;S2
GL-60.0740;S3
GL-60.0741;D3
GL-60.0741;D4
GL-60.0741;S1
GL-60.0741;S2
GL-60.0741;S3
GL-60.0742;D3
GL-60.0742;D4
GL-60.0742;S1
GL-60.0742;S2
GL-60.0742;S3
GL-60.0743;D3
GL-60.0743;D4
GL-60.0743;S1
GL-60.0743;S2
GL-60.0743;S3
GL-60.0744;D3
GL-60.0744;D4
GL-60.0744;S1
GL-60.0744;S2
GL-60.0744;S3
GL-60.0745;D3
GL-60.0745;D4
GL-60.0745;S1
GL-60.0745;S2
GL-60.0745;S3
GL-60.0746;D3
GL-60.0746;D4
GL-60.0746;S1
GL-60.0746;S2
GL-60.0746;S3
GL-60.0747;D3
GL-60.0747;D4
GL-60.0747;S1
GL-60.0747;S2
GL-60.0747;S3
GL-60.0748;D3
GL-60.0748;D4
GL-60.0748;S1
GL-60.0748;S2
GL-60.0748;S3
GL-60.0749;D3
GL-60.0749;D4
GL-60.0749;S1
GL-60.0749;S2
GL-60.0749;S3
GL-60.0750;D3
GL-60.0750;D4
GL-60.0750;S1
GL-60.0750;S2
GL-60.0750;S3
GL-60.0751;D3
GL-60.0751;D4
GL-60.0751;S1
GL-60.0751;S2
GL-60.0751;S3
GL-60.0799;D3
GL-60.0799;D4
GL-60.0799;S1
GL-60.0799;S2
GL-60.0799;S3
GL-60.0801;D3
GL-60.0801;D4
GL-60.0801;S1
GL-60.0801;S2
GL-60.0801;S3
GL-60.0802;D3
GL-60.0802;D4
GL-60.0802;S1
GL-60.0802;S2
GL-60.0802;S3
GL-60.0803;D3
GL-60.0803;D4
GL-60.0803;S1
GL-60.0803;S2
GL-60.0803;S3
GL-60.0804;D3
GL-60.0804;D4
GL-60.0804;S1
GL-60.0804;S2
GL-60.0804;S3
GL-60.0805;D3
GL-60.0805;D4
GL-60.0805;S1
GL-60.0805;S2
GL-60.0805;S3
GL-60.0806;D3
GL-60.0806;D4
GL-60.0806;S1
GL-60.0806;S2
GL-60.0806;S3
GL-60.0807;D3
GL-60.0807;D4
GL-60.0807;S1
GL-60.0807;S2
GL-60.0807;S3
GL-60.0808;D3
GL-60.0808;D4
GL-60.0808;S1
GL-60.0808;S2
GL-60.0808;S3
GL-60.0809;D3
GL-60.0809;D4
GL-60.0809;S1
GL-60.0809;S2
GL-60.0809;S3
GL-60.0810;D3
GL-60.0810;D4
GL-60.0810;S1
GL-60.0810;S2
GL-60.0810;S3
GL-60.0811;D3
GL-60.0811;D4
GL-60.0811;S1
GL-60.0811;S2
GL-60.0811;S3
GL-60.0812;D3
GL-60.0812;D4
GL-60.0812;S1
GL-60.0812;S2
GL-60.0812;S3
GL-60.0813;D3
GL-60.0813;D4
GL-60.0813;S1
GL-60.0813;S2
GL-60.0813;S3
GL-60.0814;D3
GL-60.0814;D4
GL-60.0814;S1
GL-60.0814;S2
GL-60.0814;S3
GL-60.0815;D3
GL-60.0815;D4
GL-60.0815;S1
GL-60.0815;S2
GL-60.0815;S3
GL-60.0816;D3
GL-60.0816;D4
GL-60.0816;S1
GL-60.0816;S2
GL-60.0816;S3
GL-60.0817;D3
GL-60.0817;D4
GL-60.0817;S1
GL-60.0817;S2
GL-60.0817;S3
GL-60.0818;D3
GL-60.0818;D4
GL-60.0818;S1
GL-60.0818;S2
GL-60.0818;S3
GL-60.0819;D3
GL-60.0819;D4
GL-60.0819;S1
GL-60.0819;S2
GL-60.0819;S3
GL-60.0820;D3
GL-60.0820;D4
GL-60.0820;S1
GL-60.0820;S2
GL-60.0820;S3
GL-60.0821;D3
GL-60.0821;D4
GL-60.0821;S1
GL-60.0821;S2
GL-60.0821;S3
GL-60.0822;D3
GL-60.0822;D4
GL-60.0822;S1
GL-60.0822;S2
GL-60.0822;S3
GL-60.0823;D3
GL-60.0823;D4
GL-60.0823;S1
GL-60.0823;S2
GL-60.0823;S3
GL-60.0824;D3
GL-60.0824;D4
GL-60.0824;S1
GL-60.0824;S2
GL-60.0824;S3
GL-60.0825;D3
GL-60.0825;D4
GL-60.0825;S1
GL-60.0825;S2
GL-60.0825;S3
GL-60.0826;D3
GL-60.0826;D4
GL-60.0826;S1
GL-60.0826;S2
GL-60.0826;S3
GL-60.0827;D3
GL-60.0827;D4
GL-60.0827;S1
GL-60.0827;S2
GL-60.0827;S3
GL-60.0828;D3
GL-60.0828;D4
GL-60.0828;S1
GL-60.0828;S2
GL-60.0828;S3
GL-60.0829;D3
GL-60.0829;D4
GL-60.0829;S1
GL-60.0829;S2
GL-60.0829;S3
GL-60.0830;D3
GL-60.0830;D4
GL-60.0830;S1
GL-60.0830;S2
GL-60.0830;S3
GL-60.0831;D3
GL-60.0831;D4
GL-60.0831;S1
GL-60.0831;S2
GL-60.0831;S3
GL-60.0832;D3
GL-60.0832;D4
GL-60.0832;S1
GL-60.0832;S2
GL-60.0832;S3
GL-60.0899;D3
GL-60.0899;D4
GL-60.0899;S1
GL-60.0899;S2
GL-60.0899;S3
GL-60.0901;D3
GL-60.0901;D4
GL-60.0901;S1
GL-60.0901;S2
GL-60.0901;S3
GL-60.0902;D3
GL-60.0902;D4
GL-60.0902;S1
GL-60.0902;S2
GL-60.0902;S3
GL-60.0903;D3
GL-60.0903;D4
GL-60.0903;S1
GL-60.0903;S2
GL-60.0903;S3
GL-60.0904;D3
GL-60.0904;D4
GL-60.0904;S1
GL-60.0904;S2
GL-60.0904;S3
GL-60.0905;D3
GL-60.0905;D4
GL-60.0905;S1
GL-60.0905;S2
GL-60.0905;S3
GL-60.0906;D3
GL-60.0906;D4
GL-60.0906;S1
GL-60.0906;S2
GL-60.0906;S3
GL-60.0907;D3
GL-60.0907;D4
GL-60.0907;S1
GL-60.0907;S2
GL-60.0907;S3
GL-60.0908;D3
GL-60.0908;D4
GL-60.0908;S1
GL-60.0908;S2
GL-60.0908;S3
GL-60.0909;D3
GL-60.0909;D4
GL-60.0909;S1
GL-60.0909;S2
GL-60.0909;S3
GL-60.0910;D3
GL-60.0910;D4
GL-60.0910;S1
GL-60.0910;S2
GL-60.0910;S3
GL-60.0911;D3
GL-60.0911;D4
GL-60.0911;S1
GL-60.0911;S2
GL-60.0911;S3
GL-60.0912;D3
GL-60.0912;D4
GL-60.0912;S1
GL-60.0912;S2
GL-60.0912;S3
GL-60.0913;D3
GL-60.0913;D4
GL-60.0913;S1
GL-60.0913;S2
GL-60.0913;S3
GL-60.0914;D3
GL-60.0914;D4
GL-60.0914;S1
GL-60.0914;S2
GL-60.0914;S3
GL-60.0915;D3
GL-60.0915;D4
GL-60.0915;S1
GL-60.0915;S2
GL-60.0915;S3
GL-60.0916;D3
GL-60.0916;D4
GL-60.0916;S1
GL-60.0916;S2
GL-60.0916;S3
GL-60.0917;D3
GL-60.0917;D4
GL-60.0917;S1
GL-60.0917;S2
GL-60.0917;S3
GL-60.0918;D3
GL-60.0918;D4
GL-60.0918;S1
GL-60.0918;S2
GL-60.0918;S3
GL-60.0919;D3
GL-60.0919;D4
GL-60.0919;S1
GL-60.0919;S2
GL-60.0919;S3
GL-60.0920;D3
GL-60.0920;D4
GL-60.0920;S1
GL-60.0920;S2
GL-60.0920;S3
GL-60.0999;D3
GL-60.0999;D4
GL-60.0999;S1
GL-60.0999;S2
GL-60.0999;S3
GL-60.9999;D3
GL-60.9999;D4
GL-60.9999;S1
GL-60.9999;S2
GL-60.9999;S3
GL-61.0101;D3
GL-61.0101;D4
GL-61.0101;S1
GL-61.0101;S2
GL-61.0101;S3
GL-61.0102;D3
GL-61.0102;D4
GL-61.0102;S1
GL-61.0102;S2
GL-61.0102;S3
GL-61.0103;D3
GL-61.0103;D4
GL-61.0103;S1
GL-61.0103;S2
GL-61.0103;S3
GL-61.0104;D3
GL-61.0104;D4
GL-61.0104;S1
GL-61.0104;S2
GL-61.0104;S3
GL-61.0105;D3
GL-61.0105;D4
GL-61.0105;S1
GL-61.0105;S2
GL-61.0105;S3
GL-61.0106;D3
GL-61.0106;D4
GL-61.0106;S1
GL-61.0106;S2
GL-61.0106;S3
GL-61.0107;D3
GL-61.0107;D4
GL-61.0107;S1
GL-61.0107;S2
GL-61.0107;S3
GL-61.0108;D3
GL-61.0108;D4
GL-61.0108;S1
GL-61.0108;S2
GL-61.0108;S3
GL-61.0109;D3
GL-61.0109;D4
GL-61.0109;S1
GL-61.0109;S2
GL-61.0109;S3
GL-61.0110;D3
GL-61.0110;D4
GL-61.0110;S1
GL-61.0110;S2
GL-61.0110;S3
GL-61.0111;D3
GL-61.0111;D4
GL-61.0111;S1
GL-61.0111;S2
GL-61.0111;S3
GL-61.0112;D3
GL-61.0112;D4
GL-61.0112;S1
GL-61.0112;S2
GL-61.0112;S3
GL-61.0113;D3
GL-61.0113;D4
GL-61.0113;S1
GL-61.0113;S2
GL-61.0113;S3
GL-61.0114;D3
GL-61.0114;D4
GL-61.0114;S1
GL-61.0114;S2
GL-61.0114;S3
GL-61.0115;D3
GL-61.0115;D4
GL-61.0115;S1
GL-61.0115;S2
GL-61.0115;S3
GL-61.0116;D3
GL-61.0116;D4
GL-61.0116;S1
GL-61.0116;S2
GL-61.0116;S3
GL-61.0117;D3
GL-61.0117;D4
GL-61.0117;S1
GL-61.0117;S2
GL-61.0117;S3
GL-61.0118;D3
GL-61.0118;D4
GL-61.0118;S1
GL-61.0118;S2
GL-61.0118;S3
GL-61.0119;D3
GL-61.0119;D4
GL-61.0119;S1
GL-61.0119;S2
GL-61.0119;S3
GL-61.0120;D3
GL-61.0120;D4
GL-61.0120;S1
GL-61.0120;S2
GL-61.0120;S3
GL-61.0121;D3
GL-61.0121;D4
GL-61.0121;S1
GL-61.0121;S2
GL-61.0121;S3
GL-61.0122;D3
GL-61.0122;D4
GL-61.0122;S1
GL-61.0122;S2
GL-61.0122;S3
GL-61.0123;D3
GL-61.0123;D4
GL-61.0123;S1
GL-61.0123;S2
GL-61.0123;S3
GL-61.0124;D3
GL-61.0124;D4
GL-61.0124;S1
GL-61.0124;S2
GL-61.0124;S3
GL-61.0125;D3
GL-61.0125;D4
GL-61.0125;S1
GL-61.0125;S2
GL-61.0125;S3
GL-61.0199;D3
GL-61.0199;D4
GL-61.0199;S1
GL-61.0199;S2
GL-61.0199;S3
GL-61.0202;D3
GL-61.0202;D4
GL-61.0202;S1
GL-61.0202;S2
GL-61.0202;S3
GL-61.0203;D3
GL-61.0203;D4
GL-61.0203;S1
GL-61.0203;S2
GL-61.0203;S3
GL-61.0204;D3
GL-61.0204;D4
GL-61.0204;S1
GL-61.0204;S2
GL-61.0204;S3
GL-61.0205;D3
GL-61.0205;D4
GL-61.0205;S1
GL-61.0205;S2
GL-61.0205;S3
GL-61.0206;D3
GL-61.0206;D4
GL-61.0206;S1
GL-61.0206;S2
GL-61.0206;S3
GL-61.0207;D3
GL-61.0207;D4
GL-61.0207;S1
GL-61.0207;S2
GL-61.0207;S3
GL-61.0208;D3
GL-61.0208;D4
GL-61.0208;S1
GL-61.0208;S2
GL-61.0208;S3
GL-61.0209;D3
GL-61.0209;D4
GL-61.0209;S1
GL-61.0209;S2
GL-61.0209;S3
GL-61.0210;D3
GL-61.0210;D4
GL-61.0210;S1
GL-61.0210;S2
GL-61.0210;S3
GL-61.0211;D3
GL-61.0211;D4
GL-61.0211;S1
GL-61.0211;S2
GL-61.0211;S3
GL-61.0212;D3
GL-61.0212;D4
GL-61.0212;S1
GL-61.0212;S2
GL-61.0212;S3
GL-61.0213;D3
GL-61.0213;D4
GL-61.0213;S1
GL-61.0213;S2
GL-61.0213;S3
GL-61.0214;D3
GL-61.0214;D4
GL-61.0214;S1
GL-61.0214;S2
GL-61.0214;S3
GL-61.0215;D3
GL-61.0215;D4
GL-61.0215;S1
GL-61.0215;S2
GL-61.0215;S3
GL-61.0216;D3
GL-61.0216;D4
GL-61.0216;S1
GL-61.0216;S2
GL-61.0216;S3
GL-61.0217;D3
GL-61.0217;D4
GL-61.0217;S1
GL-61.0217;S2
GL-61.0217;S3
GL-61.0218;D3
GL-61.0218;D4
GL-61.0218;S1
GL-61.0218;S2
GL-61.0218;S3
GL-61.0299;D3
GL-61.0299;D4
GL-61.0299;S1
GL-61.0299;S2
GL-61.0299;S3
GL-61.0301;D3
GL-61.0301;D4
GL-61.0301;S1
GL-61.0301;S2
GL-61.0301;S3
GL-61.0399;D3
GL-61.0399;D4
GL-61.0399;S1
GL-61.0399;S2
GL-61.0399;S3
GL-61.0401;D3
GL-61.0401;D4
GL-61.0401;S1
GL-61.0401;S2
GL-61.0401;S3
GL-61.0499;D3
GL-61.0499;D4
GL-61.0499;S1
GL-61.0499;S2
GL-61.0499;S3
GL-61.0501;D3
GL-61.0501;D4
GL-61.0501;S1
GL-61.0501;S2
GL-61.0501;S3
GL-61.0502;D3
GL-61.0502;D4
GL-61.0502;S1
GL-61.0502;S2
GL-61.0502;S3
GL-61.0503;D3
GL-61.0503;D4
GL-61.0503;S1
GL-61.0503;S2
GL-61.0503;S3
GL-61.0599;D3
GL-61.0599;D4
GL-61.0599;S1
GL-61.0599;S2
GL-61.0599;S3
GL-61.0601;D3
GL-61.0601;D4
GL-61.0601;S1
GL-61.0601;S2
GL-61.0601;S3
GL-61.0602;D3
GL-61.0602;D4
GL-61.0602;S1
GL-61.0602;S2
GL-61.0602;S3
GL-61.0603;D3
GL-61.0603;D4
GL-61.0603;S1
GL-61.0603;S2
GL-61.0603;S3
GL-61.0699;D3
GL-61.0699;D4
GL-61.0699;S1
GL-61.0699;S2
GL-61.0699;S3
GL-61.0701;D3
GL-61.0701;D4
GL-61.0701;S1
GL-61.0701;S2
GL-61.0701;S3
GL-61.0799;D3
GL-61.0799;D4
GL-61.0799;S1
GL-61.0799;S2
GL-61.0799;S3
GL-61.0801;D3
GL-61.0801;D4
GL-61.0801;S1
GL-61.0801;S2
GL-61.0801;S3
GL-61.0804;D3
GL-61.0804;D4
GL-61.0804;S1
GL-61.0804;S2
GL-61.0804;S3
GL-61.0805;D3
GL-61.0805;D4
GL-61.0805;S1
GL-61.0805;S2
GL-61.0805;S3
GL-61.0806;D3
GL-61.0806;D4
GL-61.0806;S1
GL-61.0806;S2
GL-61.0806;S3
GL-61.0807;D3
GL-61.0807;D4
GL-61.0807;S1
GL-61.0807;S2
GL-61.0807;S3
GL-61.0808;D3
GL-61.0808;D4
GL-61.0808;S1
GL-61.0808;S2
GL-61.0808;S3
GL-61.0809;D3
GL-61.0809;D4
GL-61.0809;S1
GL-61.0809;S2
GL-61.0809;S3
GL-61.0810;D3
GL-61.0810;D4
GL-61.0810;S1
GL-61.0810;S2
GL-61.0810;S3
GL-61.0811;D3
GL-61.0811;D4
GL-61.0811;S1
GL-61.0811;S2
GL-61.0811;S3
GL-61.0812;D3
GL-61.0812;D4
GL-61.0812;S1
GL-61.0812;S2
GL-61.0812;S3
GL-61.0813;D3
GL-61.0813;D4
GL-61.0813;S1
GL-61.0813;S2
GL-61.0813;S3
GL-61.0814;D3
GL-61.0814;D4
GL-61.0814;S1
GL-61.0814;S2
GL-61.0814;S3
GL-61.0816;D3
GL-61.0816;D4
GL-61.0816;S1
GL-61.0816;S2
GL-61.0816;S3
GL-61.0818;D3
GL-61.0818;D4
GL-61.0818;S1
GL-61.0818;S2
GL-61.0818;S3
GL-61.0899;D3
GL-61.0899;D4
GL-61.0899;S1
GL-61.0899;S2
GL-61.0899;S3
GL-61.0901;D3
GL-61.0901;D4
GL-61.0901;S1
GL-61.0901;S2
GL-61.0901;S3
GL-61.0902;D3
GL-61.0902;D4
GL-61.0902;S1
GL-61.0902;S2
GL-61.0902;S3
GL-61.0903;D3
GL-61.0903;D4
GL-61.0903;S1
GL-61.0903;S2
GL-61.0903;S3
GL-61.0904;D3
GL-61.0904;D4
GL-61.0904;S1
GL-61.0904;S2
GL-61.0904;S3
GL-61.0999;D3
GL-61.0999;D4
GL-61.0999;S1
GL-61.0999;S2
GL-61.0999;S3
GL-61.1001;D3
GL-61.1001;D4
GL-61.1001;S1
GL-61.1001;S2
GL-61.1001;S3
GL-61.1099;D3
GL-61.1099;D4
GL-61.1099;S1
GL-61.1099;S2
GL-61.1099;S3
GL-61.1101;D3
GL-61.1101;D4
GL-61.1101;S1
GL-61.1101;S2
GL-61.1101;S3
GL-61.1102;D3
GL-61.1102;D4
GL-61.1102;S1
GL-61.1102;S2
GL-61.1102;S3
GL-61.1103;D3
GL-61.1103;D4
GL-61.1103;S1
GL-61.1103;S2
GL-61.1103;S3
GL-61.1104;D3
GL-61.1104;D4
GL-61.1104;S1
GL-61.1104;S2
GL-61.1104;S3
GL-61.1105;D3
GL-61.1105;D4
GL-61.1105;S1
GL-61.1105;S2
GL-61.1105;S3
GL-61.1106;D3
GL-61.1106;D4
GL-61.1106;S1
GL-61.1106;S2
GL-61.1106;S3
GL-61.1107;D3
GL-61.1107;D4
GL-61.1107;S1
GL-61.1107;S2
GL-61.1107;S3
GL-61.1199;D3
GL-61.1199;D4
GL-61.1199;S1
GL-61.1199;S2
GL-61.1199;S3
GL-61.1201;D3
GL-61.1201;D4
GL-61.1201;S1
GL-61.1201;S2
GL-61.1201;S3
GL-61.1299;D3
GL-61.1299;D4
GL-61.1299;S1
GL-61.1299;S2
GL-61.1299;S3
GL-61.1301;D3
GL-61.1301;D4
GL-61.1301;S1
GL-61.1301;S2
GL-61.1301;S3
GL-61.1302;D3
GL-61.1302;D4
GL-61.1302;S1
GL-61.1302;S2
GL-61.1302;S3
GL-61.1303;D3
GL-61.1303;D4
GL-61.1303;S1
GL-61.1303;S2
GL-61.1303;S3
GL-61.1304;D3
GL-61.1304;D4
GL-61.1304;S1
GL-61.1304;S2
GL-61.1304;S3
GL-61.1399;D3
GL-61.1399;D4
GL-61.1399;S1
GL-61.1399;S2
GL-61.1399;S3
GL-61.1401;D3
GL-61.1401;D4
GL-61.1401;S1
GL-61.1401;S2
GL-61.1401;S3
GL-61.1499;D3
GL-61.1499;D4
GL-61.1499;S1
GL-61.1499;S2
GL-61.1499;S3
GL-61.1501;D3
GL-61.1501;D4
GL-61.1501;S1
GL-61.1501;S2
GL-61.1501;S3
GL-61.1502;D3
GL-61.1502;D4
GL-61.1502;S1
GL-61.1502;S2
GL-61.1502;S3
GL-61.1503;D3
GL-61.1503;D4
GL-61.1503;S1
GL-61.1503;S2
GL-61.1503;S3
GL-61.1504;D3
GL-61.1504;D4
GL-61.1504;S1
GL-61.1504;S2
GL-61.1504;S3
GL-61.1505;D3
GL-61.1505;D4
GL-61.1505;S1
GL-61.1505;S2
GL-61.1505;S3
GL-61.1599;D3
GL-61.1599;D4
GL-61.1599;S1
GL-61.1599;S2
GL-61.1599;S3
GL-61.1601;D3
GL-61.1601;D4
GL-61.1601;S1
GL-61.1601;S2
GL-61.1601;S3
GL-61.1699;D3
GL-61.1699;D4
GL-61.1699;S1
GL-61.1699;S2
GL-61.1699;S3
GL-61.1701;D3
GL-61.1701;D4
GL-61.1701;S1
GL-61.1701;S2
GL-61.1701;S3
GL-61.1702;D3
GL-61.1702;D4
GL-61.1702;S1
GL-61.1702;S2
GL-61.1702;S3
GL-61.1703;D3
GL-61.1703;D4
GL-61.1703;S1
GL-61.1703;S2
GL-61.1703;S3
GL-61.1799;D3
GL-61.1799;D4
GL-61.1799;S1
GL-61.1799;S2
GL-61.1799;S3
GL-61.1801;D3
GL-61.1801;D4
GL-61.1801;S1
GL-61.1801;S2
GL-61.1801;S3
GL-61.1802;D3
GL-61.1802;D4
GL-61.1802;S1
GL-61.1802;S2
GL-61.1802;S3
GL-61.1803;D3
GL-61.1803;D4
GL-61.1803;S1
GL-61.1803;S2
GL-61.1803;S3
GL-61.1804;D3
GL-61.1804;D4
GL-61.1804;S1
GL-61.1804;S2
GL-61.1804;S3
GL-61.1805;D3
GL-61.1805;D4
GL-61.1805;S1
GL-61.1805;S2
GL-61.1805;S3
GL-61.1806;D3
GL-61.1806;D4
GL-61.1806;S1
GL-61.1806;S2
GL-61.1806;S3
GL-61.1807;D3
GL-61.1807;D4
GL-61.1807;S1
GL-61.1807;S2
GL-61.1807;S3
GL-61.1808;D3
GL-61.1808;D4
GL-61.1808;S1
GL-61.1808;S2
GL-61.1808;S3
GL-61.1809;D3
GL-61.1809;D4
GL-61.1809;S1
GL-61.1809;S2
GL-61.1809;S3
GL-61.1810;D3
GL-61.1810;D4
GL-61.1810;S1
GL-61.1810;S2
GL-61.1810;S3
GL-61.1811;D3
GL-61.1811;D4
GL-61.1811;S1
GL-61.1811;S2
GL-61.1811;S3
GL-61.1812;D3
GL-61.1812;D4
GL-61.1812;S1
GL-61.1812;S2
GL-61.1812;S3
GL-61.1813;D3
GL-61.1813;D4
GL-61.1813;S1
GL-61.1813;S2
GL-61.1813;S3
GL-61.1814;D3
GL-61.1814;D4
GL-61.1814;S1
GL-61.1814;S2
GL-61.1814;S3
GL-61.1815;D3
GL-61.1815;D4
GL-61.1815;S1
GL-61.1815;S2
GL-61.1815;S3
GL-61.1899;D3
GL-61.1899;D4
GL-61.1899;S1
GL-61.1899;S2
GL-61.1899;S3
GL-61.1901;D3
GL-61.1901;D4
GL-61.1901;S1
GL-61.1901;S2
GL-61.1901;S3
GL-61.1902;D3
GL-61.1902;D4
GL-61.1902;S1
GL-61.1902;S2
GL-61.1902;S3
GL-61.1903;D3
GL-61.1903;D4
GL-61.1903;S1
GL-61.1903;S2
GL-61.1903;S3
GL-61.1904;D3
GL-61.1904;D4
GL-61.1904;S1
GL-61.1904;S2
GL-61.1904;S3
GL-61.1905;D3
GL-61.1905;D4
GL-61.1905;S1
GL-61.1905;S2
GL-61.1905;S3
GL-61.1906;D3
GL-61.1906;D4
GL-61.1906;S1
GL-61.1906;S2
GL-61.1906;S3
GL-61.1907;D3
GL-61.1907;D4
GL-61.1907;S1
GL-61.1907;S2
GL-61.1907;S3
GL-61.1908;D3
GL-61.1908;D4
GL-61.1908;S1
GL-61.1908;S2
GL-61.1908;S3
GL-61.1909;D3
GL-61.1909;D4
GL-61.1909;S1
GL-61.1909;S2
GL-61.1909;S3
GL-61.1910;D3
GL-61.1910;D4
GL-61.1910;S1
GL-61.1910;S2
GL-61.1910;S3
GL-61.1911;D3
GL-61.1911;D4
GL-61.1911;S1
GL-61.1911;S2
GL-61.1911;S3
GL-61.1912;D3
GL-61.1912;D4
GL-61.1912;S1
GL-61.1912;S2
GL-61.1912;S3
GL-61.1913;D3
GL-61.1913;D4
GL-61.1913;S1
GL-61.1913;S2
GL-61.1913;S3
GL-61.1914;D3
GL-61.1914;D4
GL-61.1914;S1
GL-61.1914;S2
GL-61.1914;S3
GL-61.1915;D3
GL-61.1915;D4
GL-61.1915;S1
GL-61.1915;S2
GL-61.1915;S3
GL-61.1917;D3
GL-61.1917;D4
GL-61.1917;S1
GL-61.1917;S2
GL-61.1917;S3
GL-61.1999;D3
GL-61.1999;D4
GL-61.1999;S1
GL-61.1999;S2
GL-61.1999;S3
GL-61.2001;D3
GL-61.2001;D4
GL-61.2001;S1
GL-61.2001;S2
GL-61.2001;S3
GL-61.2002;D3
GL-61.2002;D4
GL-61.2002;S1
GL-61.2002;S2
GL-61.2002;S3
GL-61.2003;D3
GL-61.2003;D4
GL-61.2003;S1
GL-61.2003;S2
GL-61.2003;S3
GL-61.2099;D3
GL-61.2099;D4
GL-61.2099;S1
GL-61.2099;S2
GL-61.2099;S3
GL-61.2101;D3
GL-61.2101;D4
GL-61.2101;S1
GL-61.2101;S2
GL-61.2101;S3
GL-61.2102;D3
GL-61.2102;D4
GL-61.2102;S1
GL-61.2102;S2
GL-61.2102;S3
GL-61.2103;D3
GL-61.2103;D4
GL-61.2103;S1
GL-61.2103;S2
GL-61.2103;S3
GL-61.2199;D3
GL-61.2199;D4
GL-61.2199;S1
GL-61.2199;S2
GL-61.2199;S3
GL-61.2201;D3
GL-61.2201;D4
GL-61.2201;S1
GL-61.2201;S2
GL-61.2201;S3
GL-61.2299;D3
GL-61.2299;D4
GL-61.2299;S1
GL-61.2299;S2
GL-61.2299;S3
GL-61.2301;D3
GL-61.2301;D4
GL-61.2301;S1
GL-61.2301;S2
GL-61.2301;S3
GL-61.2302;D3
GL-61.2302;D4
GL-61.2302;S1
GL-61.2302;S2
GL-61.2302;S3
GL-61.2303;D3
GL-61.2303;D4
GL-61.2303;S1
GL-61.2303;S2
GL-61.2303;S3
GL-61.2399;D3
GL-61.2399;D4
GL-61.2399;S1
GL-61.2399;S2
GL-61.2399;S3
GL-61.2401;D3
GL-61.2401;D4
GL-61.2401;S1
GL-61.2401;S2
GL-61.2401;S3
GL-61.2402;D3
GL-61.2402;D4
GL-61.2402;S1
GL-61.2402;S2
GL-61.2402;S3
GL-61.2403;D3
GL-61.2403;D4
GL-61.2403;S1
GL-61.2403;S2
GL-61.2403;S3
GL-61.2404;D3
GL-61.2404;D4
GL-61.2404;S1
GL-61.2404;S2
GL-61.2404;S3
GL-61.2405;D3
GL-61.2405;D4
GL-61.2405;S1
GL-61.2405;S2
GL-61.2405;S3
GL-61.2406;D3
GL-61.2406;D4
GL-61.2406;S1
GL-61.2406;S2
GL-61.2406;S3
GL-61.2499;D3
GL-61.2499;D4
GL-61.2499;S1
GL-61.2499;S2
GL-61.2499;S3
GL-61.2501;D3
GL-61.2501;D4
GL-61.2501;S1
GL-61.2501;S2
GL-61.2501;S3
GL-61.2599;D3
GL-61.2599;D4
GL-61.2599;S1
GL-61.2599;S2
GL-61.2599;S3
GL-61.2601;D3
GL-61.2601;D4
GL-61.2601;S1
GL-61.2601;S2
GL-61.2601;S3
GL-61.2602;D3
GL-61.2602;D4
GL-61.2602;S1
GL-61.2602;S2
GL-61.2602;S3
GL-61.2603;D3
GL-61.2603;D4
GL-61.2603;S1
GL-61.2603;S2
GL-61.2603;S3
GL-61.2604;D3
GL-61.2604;D4
GL-61.2604;S1
GL-61.2604;S2
GL-61.2604;S3
GL-61.2605;D3
GL-61.2605;D4
GL-61.2605;S1
GL-61.2605;S2
GL-61.2605;S3
GL-61.2606;D3
GL-61.2606;D4
GL-61.2606;S1
GL-61.2606;S2
GL-61.2606;S3
GL-61.2607;D3
GL-61.2607;D4
GL-61.2607;S1
GL-61.2607;S2
GL-61.2607;S3
GL-61.2608;D3
GL-61.2608;D4
GL-61.2608;S1
GL-61.2608;S2
GL-61.2608;S3
GL-61.2609;D3
GL-61.2609;D4
GL-61.2609;S1
GL-61.2609;S2
GL-61.2609;S3
GL-61.2610;D3
GL-61.2610;D4
GL-61.2610;S1
GL-61.2610;S2
GL-61.2610;S3
GL-61.2611;D3
GL-61.2611;D4
GL-61.2611;S1
GL-61.2611;S2
GL-61.2611;S3
GL-61.2612;D3
GL-61.2612;D4
GL-61.2612;S1
GL-61.2612;S2
GL-61.2612;S3
GL-61.2699;D3
GL-61.2699;D4
GL-61.2699;S1
GL-61.2699;S2
GL-61.2699;S3
GL-61.2701;D3
GL-61.2701;D4
GL-61.2701;S1
GL-61.2701;S2
GL-61.2701;S3
GL-61.2702;D3
GL-61.2702;D4
GL-61.2702;S1
GL-61.2702;S2
GL-61.2702;S3
GL-61.2703;D3
GL-61.2703;D4
GL-61.2703;S1
GL-61.2703;S2
GL-61.2703;S3
GL-61.2704;D3
GL-61.2704;D4
GL-61.2704;S1
GL-61.2704;S2
GL-61.2704;S3
GL-61.2705;D3
GL-61.2705;D4
GL-61.2705;S1
GL-61.2705;S2
GL-61.2705;S3
GL-61.2706;D3
GL-61.2706;D4
GL-61.2706;S1
GL-61.2706;S2
GL-61.2706;S3
GL-61.2707;D3
GL-61.2707;D4
GL-61.2707;S1
GL-61.2707;S2
GL-61.2707;S3
GL-61.2708;D3
GL-61.2708;D4
GL-61.2708;S1
GL-61.2708;S2
GL-61.2708;S3
GL-61.2799;D3
GL-61.2799;D4
GL-61.2799;S1
GL-61.2799;S2
GL-61.2799;S3
GL-61.2801;D3
GL-61.2801;D4
GL-61.2801;S1
GL-61.2801;S2
GL-61.2801;S3
GL-61.2802;D3
GL-61.2802;D4
GL-61.2802;S1
GL-61.2802;S2
GL-61.2802;S3
GL-61.2899;D3
GL-61.2899;D4
GL-61.2899;S1
GL-61.2899;S2
GL-61.2899;S3
GL-61.9999;D3
GL-61.9999;D4
GL-61.9999;S1
GL-61.9999;S2
GL-61.9999;S3
